contract_transaction_unique_key,contract_award_unique_key,award_id_piid,modification_number,transaction_number,parent_award_agency_id,parent_award_agency_name,parent_award_id_piid,parent_award_modification_number,federal_action_obligation,total_dollars_obligated,total_outlayed_amount_for_overall_award,base_and_exercised_options_value,current_total_value_of_award,base_and_all_options_value,potential_total_value_of_award,disaster_emergency_fund_codes_for_overall_award,outlayed_amount_from_COVID-19_supplementals_for_overall_award,obligated_amount_from_COVID-19_supplementals_for_overall_award,outlayed_amount_from_IIJA_supplemental_for_overall_award,obligated_amount_from_IIJA_supplemental_for_overall_award,action_date,action_date_fiscal_year,period_of_performance_start_date,period_of_performance_current_end_date,period_of_performance_potential_end_date,ordering_period_end_date,solicitation_date,awarding_agency_code,awarding_agency_name,awarding_sub_agency_code,awarding_sub_agency_name,awarding_office_code,awarding_office_name,funding_agency_code,funding_agency_name,funding_sub_agency_code,funding_sub_agency_name,funding_office_code,funding_office_name,treasury_accounts_funding_this_award,federal_accounts_funding_this_award,object_classes_funding_this_award,program_activities_funding_this_award,foreign_funding,foreign_funding_description,sam_exception,sam_exception_description,recipient_uei,recipient_duns,recipient_name,recipient_name_raw,recipient_doing_business_as_name,cage_code,recipient_parent_uei,recipient_parent_duns,recipient_parent_name,recipient_parent_name_raw,recipient_country_code,recipient_country_name,recipient_address_line_1,recipient_address_line_2,recipient_city_name,prime_award_transaction_recipient_county_fips_code,recipient_county_name,prime_award_transaction_recipient_state_fips_code,recipient_state_code,recipient_state_name,recipient_zip_4_code,prime_award_transaction_recipient_cd_original,prime_award_transaction_recipient_cd_current,recipient_phone_number,recipient_fax_number,primary_place_of_performance_country_code,primary_place_of_performance_country_name,primary_place_of_performance_city_name,prime_award_transaction_place_of_performance_county_fips_code,primary_place_of_performance_county_name,prime_award_transaction_place_of_performance_state_fips_code,primary_place_of_performance_state_code,primary_place_of_performance_state_name,primary_place_of_performance_zip_4,prime_award_transaction_place_of_performance_cd_original,prime_award_transaction_place_of_performance_cd_current,award_or_idv_flag,award_type_code,award_type,idv_type_code,idv_type,multiple_or_single_award_idv_code,multiple_or_single_award_idv,type_of_idc_code,type_of_idc,type_of_contract_pricing_code,type_of_contract_pricing,transaction_description,prime_award_base_transaction_description,action_type_code,action_type,solicitation_identifier,number_of_actions,inherently_governmental_functions,inherently_governmental_functions_description,product_or_service_code,product_or_service_code_description,contract_bundling_code,contract_bundling,dod_claimant_program_code,dod_claimant_program_description,naics_code,naics_description,recovered_materials_sustainability_code,recovered_materials_sustainability,domestic_or_foreign_entity_code,domestic_or_foreign_entity,dod_acquisition_program_code,dod_acquisition_program_description,information_technology_commercial_item_category_code,information_technology_commercial_item_category,epa_designated_product_code,epa_designated_product,country_of_product_or_service_origin_code,country_of_product_or_service_origin,place_of_manufacture_code,place_of_manufacture,subcontracting_plan_code,subcontracting_plan,extent_competed_code,extent_competed,solicitation_procedures_code,solicitation_procedures,type_of_set_aside_code,type_of_set_aside,evaluated_preference_code,evaluated_preference,research_code,research,fair_opportunity_limited_sources_code,fair_opportunity_limited_sources,other_than_full_and_open_competition_code,other_than_full_and_open_competition,number_of_offers_received,commercial_item_acquisition_procedures_code,commercial_item_acquisition_procedures,small_business_competitiveness_demonstration_program,simplified_procedures_for_certain_commercial_items_code,simplified_procedures_for_certain_commercial_items,a76_fair_act_action_code,a76_fair_act_action,fed_biz_opps_code,fed_biz_opps,local_area_set_aside_code,local_area_set_aside,price_evaluation_adjustment_preference_percent_difference,clinger_cohen_act_planning_code,clinger_cohen_act_planning,materials_supplies_articles_equipment_code,materials_supplies_articles_equipment,labor_standards_code,labor_standards,construction_wage_rate_requirements_code,construction_wage_rate_requirements,interagency_contracting_authority_code,interagency_contracting_authority,other_statutory_authority,program_acronym,parent_award_type_code,parent_award_type,parent_award_single_or_multiple_code,parent_award_single_or_multiple,major_program,national_interest_action_code,national_interest_action,cost_or_pricing_data_code,cost_or_pricing_data,cost_accounting_standards_clause_code,cost_accounting_standards_clause,government_furnished_property_code,government_furnished_property,sea_transportation_code,sea_transportation,undefinitized_action_code,undefinitized_action,consolidated_contract_code,consolidated_contract,performance_based_service_acquisition_code,performance_based_service_acquisition,multi_year_contract_code,multi_year_contract,contract_financing_code,contract_financing,purchase_card_as_payment_method_code,purchase_card_as_payment_method,contingency_humanitarian_or_peacekeeping_operation_code,contingency_humanitarian_or_peacekeeping_operation,alaskan_native_corporation_owned_firm,american_indian_owned_business,indian_tribe_federally_recognized,native_hawaiian_organization_owned_firm,tribally_owned_firm,veteran_owned_business,service_disabled_veteran_owned_business,woman_owned_business,women_owned_small_business,economically_disadvantaged_women_owned_small_business,joint_venture_women_owned_small_business,joint_venture_economic_disadvantaged_women_owned_small_bus,minority_owned_business,subcontinent_asian_asian_indian_american_owned_business,asian_pacific_american_owned_business,black_american_owned_business,hispanic_american_owned_business,native_american_owned_business,other_minority_owned_business,contracting_officers_determination_of_business_size,contracting_officers_determination_of_business_size_code,emerging_small_business,community_developed_corporation_owned_firm,labor_surplus_area_firm,us_federal_government,federally_funded_research_and_development_corp,federal_agency,us_state_government,us_local_government,city_local_government,county_local_government,inter_municipal_local_government,local_government_owned,municipality_local_government,school_district_local_government,township_local_government,us_tribal_government,foreign_government,organizational_type,corporate_entity_not_tax_exempt,corporate_entity_tax_exempt,partnership_or_limited_liability_partnership,sole_proprietorship,small_agricultural_cooperative,international_organization,us_government_entity,community_development_corporation,domestic_shelter,educational_institution,foundation,hospital_flag,manufacturer_of_goods,veterinary_hospital,hispanic_servicing_institution,receives_contracts,receives_financial_assistance,receives_contracts_and_financial_assistance,airport_authority,council_of_governments,housing_authorities_public_tribal,interstate_entity,planning_commission,port_authority,transit_authority,subchapter_scorporation,limited_liability_corporation,foreign_owned,for_profit_organization,nonprofit_organization,other_not_for_profit_organization,the_ability_one_program,private_university_or_college,state_controlled_institution_of_higher_learning,1862_land_grant_college,1890_land_grant_college,1994_land_grant_college,minority_institution,historically_black_college,tribal_college,alaskan_native_servicing_institution,native_hawaiian_servicing_institution,school_of_forestry,veterinary_college,dot_certified_disadvantage,self_certified_small_disadvantaged_business,small_disadvantaged_business,c8a_program_participant,historically_underutilized_business_zone_hubzone_firm,sba_certified_8a_joint_venture,highly_compensated_officer_1_name,highly_compensated_officer_1_amount,highly_compensated_officer_2_name,highly_compensated_officer_2_amount,highly_compensated_officer_3_name,highly_compensated_officer_3_amount,highly_compensated_officer_4_name,highly_compensated_officer_4_amount,highly_compensated_officer_5_name,highly_compensated_officer_5_amount,usaspending_permalink,initial_report_date,last_modified_date
7300_-NONE-_73351023P0025_0_-NONE-_0,CONT_AWD_73351023P0025_7300_-NONE-_-NONE-,73351023P0025,0,0,,,,,62100.00,62100.00,62100.00,62100.00,62100.00,62100.00,62100.00,Q: Not Designated Nonemergency/Emergency/Disaster/Wildfire Suppression,,,,,2023-05-10,2023,2023-05-10,2023-05-26,2023-05-26 00:00:00,,,073,Small Business Administration,7300,Small Business Administration,733510,OFC OF PERF MGMT AND CFO,073,Small Business Administration,7300,Small Business Administration,734110,OFC OF INSPECTOR GENERAL,073-2023/2023-0200-000,073-0200,25.2: Other services from non-Federal sources,0003: MANAGEMENT AND OPERATIONS,X,NOT APPLICABLE,,,H7LMD1ANJNN4,,THE TRUSTEES OF THE UNIVERSITY OF PENNSYLVANIA,TRUSTEES OF THE UNIVERSITY OF PENNSYLVANIA,,35MX6,GM1XX56LEP58,,"TRUSTEES OF THE UNIVERSITY OF PENNSYLVANIA, THE",UNIVERSITY OF PENNSYLVANIA LINGUISTIC DATA CONSORTIUM,USA,UNITED STATES,3451 WALNUT ST,,PHILADELPHIA,42101,PHILADELPHIA,42,PA,PENNSYLVANIA,191046284,PA-03,PA-03,2157460234,,USA,UNITED STATES,PHILADELPHIA,42101,PHILADELPHIA,42,PA,PENNSYLVANIA,191045957,PA-03,PA-03,AWARD,B,PURCHASE ORDER,,,,,,,J,FIRM FIXED PRICE,"EFFECTIVE DECISION-MAKING TRAINING FROM MAY 22-26, 2023","EFFECTIVE DECISION-MAKING TRAINING FROM MAY 22-26, 2023",,,,1,OT,OTHER FUNCTIONS,U008,EDUCATION/TRAINING- TRAINING/CURRICULUM DEVELOPMENT,H,NOT BUNDLED,,,611310,"COLLEGES, UNIVERSITIES, AND PROFESSIONAL SCHOOLS",C,NO CLAUSES INCLUDED AND NO SUSTAINABILITY INCLUDED,A,U.S. OWNED BUSINESS,,,,,E,NOT REQUIRED,USA,UNITED STATES,C,NOT A MANUFACTURED END PRODUCT,B,PLAN NOT REQUIRED,C,NOT COMPETED,SSS,ONLY ONE SOURCE,NONE,NO SET ASIDE USED.,NONE,NO PREFERENCE USED,,,,,ONE,ONLY ONE SOURCE-OTHER (FAR 6.302-1 OTHER),1,A,COMMERCIAL PRODUCTS/SERVICES,f,N,NO,,,N,NO,N,NO,,N,NO,N,NO,N,NO,N,NO,X,NOT APPLICABLE,,,,,,,,NONE,NONE,,,,,N,TRANSACTION DOES NOT USE GFE/GFP,,,X,NO,D,NOT CONSOLIDATED,N,NO - SERVICE WHERE PBA IS NOT USED.,,,,,N,NO,X,NOT APPLICABLE,f,f,f,f,f,f,f,f,f,f,f,f,f,f,f,f,f,f,f,OTHER THAN SMALL BUSINESS,O,f,f,f,f,f,f,f,f,f,f,f,f,f,f,f,f,f,CORPORATE NOT TAX EXEMPT,t,f,f,f,f,f,f,f,f,t,f,f,f,f,f,f,f,t,f,f,f,f,f,f,f,f,f,f,f,t,f,f,t,f,f,f,f,f,f,f,f,f,f,f,f,f,f,f,f,f,,,,,,,,,,,https://www.usaspending.gov/award/CONT_AWD_73351023P0025_7300_-NONE-_-NONE-/,2023-05-08 14:46:21+00,2025-06-17 09:31:45+00
7300_-NONE-_73351023P0025_P00001_-NONE-_0,CONT_AWD_73351023P0025_7300_-NONE-_-NONE-,73351023P0025,P00001,0,,,,,0.00,62100.00,62100.00,0.00,62100.00,0.00,62100.00,Q: Not Designated Nonemergency/Emergency/Disaster/Wildfire Suppression,,,,,2025-06-17,2025,2023-05-10,2023-05-26,2023-05-26 00:00:00,,,073,Small Business Administration,7300,Small Business Administration,733510,OFC OF PERF MGMT AND CFO,073,Small Business Administration,7300,Small Business Administration,734110,OFC OF INSPECTOR GENERAL,073-2023/2023-0200-000,073-0200,25.2: Other services from non-Federal sources,0003: MANAGEMENT AND OPERATIONS,X,NOT APPLICABLE,,,H7LMD1ANJNN4,,THE TRUSTEES OF THE UNIVERSITY OF PENNSYLVANIA,TRUSTEES OF THE UNIVERSITY OF PENNSYLVANIA,,35MX6,H7LMD1ANJNN4,,THE TRUSTEES OF THE UNIVERSITY OF PENNSYLVANIA,THE TRUSTEES OF THE UNIVERSITY OF PENNSYLVANIA,USA,UNITED STATES,3451 WALNUT ST,,PHILADELPHIA,42101,PHILADELPHIA,42,PA,PENNSYLVANIA,191046284,PA-03,PA-03,2157460234,,USA,UNITED STATES,PHILADELPHIA,42101,PHILADELPHIA,42,PA,PENNSYLVANIA,191045957,PA-03,PA-03,AWARD,B,PURCHASE ORDER,,,,,,,J,FIRM FIXED PRICE,"EFFECTIVE DECISION-MAKING TRAINING FROM MAY 22-26, 2023","EFFECTIVE DECISION-MAKING TRAINING FROM MAY 22-26, 2023",K,CLOSE OUT,,1,OT,OTHER FUNCTIONS,U008,EDUCATION/TRAINING- TRAINING/CURRICULUM DEVELOPMENT,H,NOT BUNDLED,,,611310,"COLLEGES, UNIVERSITIES, AND PROFESSIONAL SCHOOLS",C,NO CLAUSES INCLUDED AND NO SUSTAINABILITY INCLUDED,A,U.S. OWNED BUSINESS,,,,,E,NOT REQUIRED,USA,UNITED STATES,C,NOT A MANUFACTURED END PRODUCT,B,PLAN NOT REQUIRED,C,NOT COMPETED,SSS,ONLY ONE SOURCE,NONE,NO SET ASIDE USED.,NONE,NO PREFERENCE USED,,,,,ONE,ONLY ONE SOURCE-OTHER (FAR 6.302-1 OTHER),1,A,COMMERCIAL PRODUCTS/SERVICES,f,N,NO,,,N,NO,N,NO,,N,NO,N,NO,N,NO,N,NO,X,NOT APPLICABLE,,,,,,,,,,,,,,N,TRANSACTION DOES NOT USE GFE/GFP,,,X,NO,D,NOT CONSOLIDATED,N,NO - SERVICE WHERE PBA IS NOT USED.,,,,,N,NO,X,NOT APPLICABLE,f,f,f,f,f,f,f,f,f,f,f,f,f,f,f,f,f,f,f,OTHER THAN SMALL BUSINESS,O,f,f,f,f,f,f,f,f,f,f,f,f,f,f,f,f,f,CORPORATE NOT TAX EXEMPT,t,f,f,f,f,f,f,f,f,t,f,f,f,f,f,f,f,t,f,f,f,f,f,f,f,f,f,f,f,t,f,f,t,f,f,f,f,f,f,f,f,f,f,f,f,f,f,f,f,f,,,,,,,,,,,https://www.usaspending.gov/award/CONT_AWD_73351023P0025_7300_-NONE-_-NONE-/,2025-04-30 12:53:11+00,2025-06-17 09:31:46+00
7523_-NONE-_HHSD2002006M15742P_1_-NONE-_0,CONT_AWD_HHSD2002006M15742P_7523_-NONE-_-NONE-,HHSD2002006M15742P,1,0,,,,,0.00,,,0.00,,0.00,,,,,,,2011-08-15,2011,2011-08-01,2007-01-31,2007-01-31 00:00:00,,,075,Department of Health and Human Services,7523,Centers for Disease Control and Prevention,00200,DEPT OF HHS/CENTERS FOR DISEASE CONTROL,075,Department of Health and Human Services,7523,Centers for Disease Control and Prevention,00200,DEPT OF HHS/CENTERS FOR DISEASE CONTROL,,,,,,NOT APPLICABLE,,NAN,FG8QB99NF8K3,180011314,BATTELLE MEMORIAL INSTITUTE,BATTELLE MEMORIAL INSTITUTE,,,F125YU6SWK59,007901598,BATTELLE MEMORIAL INSTITUTE,BATTELLE MEMORIAL INSTITUTE,USA,UNITED STATES OF AMERICA,"1550 CRYSTAL DRIVE, SUITE 600",,ARLINGTON,51013,ARLINGTON,51,VA,VIRGINIA,22202,,VA-08,,,USA,UNITED STATES OF AMERICA,ATLANTA,13089,DEKALB,13,GA,GEORGIA,303413717,GA-04,GA-04,AWARD,B,PO,,,,,,NAN,J,FIRM FIXED PRICE,MECONIUM COLLECTION,SAP025-200-2006-M-15742,M,OTHER ADMINISTRATIVE ACTION,,1,,,R499,OTHER PROFESSIONAL SERVICES,,,,,541990,"ALL OTHER PROFESSIONAL, SCIENTIFIC, AND TECHNICAL SERVICES",C,NO CLAUSES INCLUDED AND NO SUSTAINABILITY INCLUDED,A,U.S. OWNED BUSINESS,,,,,E,NOT REQUIRED,USA,,,,,,C,NOT COMPETED,SSS,ONLY ONE SOURCE,NONE,NO SET ASIDE USED.,NONE,NO PREFERENCE USED,,NAN,,NAN,UNQ,UNIQUE SOURCE,1,D,,f,N,NO,NO,,X,NOT APPLICABLE,,,,N: NO,,X,NOT APPLICABLE,N,NO,X,NOT APPLICABLE,B,OTHER STATUTORY AUTHORITY,,,,,,,,NONE,NONE,,,X,NOT APPLICABLE EXEMPT FROM CAS,N,TRANSACTION DOES NOT USE GFE/GFP,,,X,NO,N,NO,N,NO - SERVICE WHERE PBA IS NOT USED.,N,NO,,,N,NO,X,NOT APPLICABLE,f,f,f,f,f,f,f,f,f,f,f,f,f,f,f,f,f,f,f,OTHER THAN SMALL BUSINESS,O,f,f,f,f,f,f,f,f,f,f,f,f,f,f,f,f,f,,f,f,f,f,f,f,f,f,f,f,f,f,f,f,f,f,f,f,f,f,f,f,f,f,f,f,f,f,f,t,f,f,f,f,f,f,f,f,f,f,f,f,f,f,f,f,f,f,f,f,,,,,,,,,,,https://www.usaspending.gov/award/CONT_AWD_HHSD2002006M15742P_7523_-NONE-_-NONE-/,,2015-08-06 00:00:00+00
7523_-NONE-_HHSD2002006M18386P_2_-NONE-_0,CONT_AWD_HHSD2002006M18386P_7523_-NONE-_-NONE-,HHSD2002006M18386P,2,0,,,,,0.00,,,0.00,,49960.00,,,,,,,2008-10-08,2009,2008-07-01,2009-09-30,2009-09-30 00:00:00,,,075,Department of Health and Human Services,7523,Centers for Disease Control and Prevention,00200,DEPT OF HHS/CENTERS FOR DISEASE CONTROL,075,Department of Health and Human Services,7523,Centers for Disease Control and Prevention,00200,DEPT OF HHS/CENTERS FOR DISEASE CONTROL,,,,,,NOT APPLICABLE,,NAN,FG8QB99NF8K3,180011314,BATTELLE MEMORIAL INSTITUTE,BATTELLE MEMORIAL INSTITUTE,,,F125YU6SWK59,007901598,BATTELLE MEMORIAL INSTITUTE,BATTELLE MEMORIAL INSTITUTE,USA,UNITED STATES OF AMERICA,1550 CRYSTAL DR STE 601,,ARLINGTON,51013,ARLINGTON,51,VA,VIRGINIA,22202,,VA-08,6144245010,6144585010,USA,UNITED STATES OF AMERICA,BROOKHAVEN,13089,DEKALB,13,GA,GEORGIA,303291902,GA-05,GA-05,AWARD,B,PO,,,,,,NAN,J,FIRM FIXED PRICE,CESAREAN SECTION HERPES/STD SUPPLEMENT,CESAREAN SECTION HERPES/STD SUPPLEMENT,M,OTHER ADMINISTRATIVE ACTION,2006Q08797,1,,,AZ12,R&D-OTHER R & D-A RES/EXPL DEV,D,NOT A BUNDLED REQUIREMENT,,,541690,OTHER SCIENTIFIC AND TECHNICAL CONSULTING SERVICES,C,NO CLAUSES INCLUDED AND NO SUSTAINABILITY INCLUDED,A,U.S. OWNED BUSINESS,,,,,E,NOT REQUIRED,USA,,C,NOT A MANUFACTURED END PRODUCT,B,PLAN NOT REQUIRED,C,NOT COMPETED,SSS,ONLY ONE SOURCE,NONE,NO SET ASIDE USED.,NONE,NO PREFERENCE USED,,NAN,,NAN,ONE,ONLY ONE SOURCE - OTHER,1,D,,f,N,NO,NO,,N,NO,N,,,N: NO,,N,NO,N,NO,N,NO,X,NOT APPLICABLE,,,,,,,,NONE,NONE,,,,NAN,N,TRANSACTION DOES NOT USE GFE/GFP,,,X,NO,N,NO,N,NO - SERVICE WHERE PBA IS NOT USED.,,,,,N,NO,X,NOT APPLICABLE,f,f,f,f,f,f,f,f,f,f,f,f,f,f,f,f,f,f,f,OTHER THAN SMALL BUSINESS,O,f,f,f,f,f,f,f,f,f,f,f,f,f,f,f,f,f,,f,t,f,f,f,f,f,f,f,f,f,f,t,f,f,f,f,t,f,f,f,f,f,f,f,f,f,f,f,t,f,f,f,f,f,f,f,f,f,f,f,f,f,f,f,f,f,f,f,f,,,,,,,,,,,https://www.usaspending.gov/award/CONT_AWD_HHSD2002006M18386P_7523_-NONE-_-NONE-/,,2015-08-05 00:00:00+00
7523_-NONE-_HHSD2002006M18386P_3_-NONE-_0,CONT_AWD_HHSD2002006M18386P_7523_-NONE-_-NONE-,HHSD2002006M18386P,3,0,,,,,0.00,,,0.00,,0.00,,,,,,,2011-05-20,2011,2011-05-10,2009-09-30,2009-09-30 00:00:00,,,075,Department of Health and Human Services,7523,Centers for Disease Control and Prevention,00200,DEPT OF HHS/CENTERS FOR DISEASE CONTROL,075,Department of Health and Human Services,7523,Centers for Disease Control and Prevention,00200,DEPT OF HHS/CENTERS FOR DISEASE CONTROL,,,,,,NOT APPLICABLE,,NAN,FG8QB99NF8K3,180011314,BATTELLE MEMORIAL INSTITUTE,BATTELLE MEMORIAL INSTITUTE,,,F125YU6SWK59,007901598,BATTELLE MEMORIAL INSTITUTE,BATTELLE MEMORIAL INSTITUTE,USA,UNITED STATES OF AMERICA,1550 CRYSTAL DR STE 601,,ARLINGTON,51013,ARLINGTON,51,VA,VIRGINIA,22202,,VA-08,6144245010,6144585010,USA,UNITED STATES OF AMERICA,BROOKHAVEN,13089,DEKALB,13,GA,GEORGIA,303291909,GA-05,GA-05,AWARD,B,PO,,,,,,NAN,J,FIRM FIXED PRICE,CESAREAN SECTION HERPES/STD SUPPLEMENT,CESAREAN SECTION HERPES/STD SUPPLEMENT,M,OTHER ADMINISTRATIVE ACTION,2006Q08797,1,,,AZ12,R&D-OTHER R & D-A RES/EXPL DEV,D,NOT A BUNDLED REQUIREMENT,,,541690,OTHER SCIENTIFIC AND TECHNICAL CONSULTING SERVICES,C,NO CLAUSES INCLUDED AND NO SUSTAINABILITY INCLUDED,A,U.S. OWNED BUSINESS,,,,,E,NOT REQUIRED,USA,,C,NOT A MANUFACTURED END PRODUCT,B,PLAN NOT REQUIRED,C,NOT COMPETED,SSS,ONLY ONE SOURCE,NONE,NO SET ASIDE USED.,NONE,NO PREFERENCE USED,,NAN,,NAN,ONE,ONLY ONE SOURCE - OTHER,1,D,,f,N,NO,NO,,N,NO,N,,,N: NO,,N,NO,N,NO,N,NO,B,OTHER STATUTORY AUTHORITY,,,,,,,,NONE,NONE,,,,NAN,N,TRANSACTION DOES NOT USE GFE/GFP,,,X,NO,N,NO,N,NO - SERVICE WHERE PBA IS NOT USED.,,,,,N,NO,X,NOT APPLICABLE,f,f,f,f,f,f,f,f,f,f,f,f,f,f,f,f,f,f,f,OTHER THAN SMALL BUSINESS,O,f,f,f,f,f,f,f,f,f,f,f,f,f,f,f,f,f,,f,t,f,f,f,f,f,f,f,f,f,f,t,f,f,f,f,t,f,f,f,f,f,f,f,f,f,f,f,t,f,f,f,f,f,f,f,f,f,f,f,f,f,f,f,f,f,f,f,f,,,,,,,,,,,https://www.usaspending.gov/award/CONT_AWD_HHSD2002006M18386P_7523_-NONE-_-NONE-/,,2015-08-06 00:00:00+00
7523_-NONE-_HHSD200200720032I_1_-NONE-_-NONE-,CONT_IDV_HHSD200200720032I_7523,HHSD200200720032I,1,,,,,,0.00,0.00,,,,0.00,40000000.00,,,,,,2008-03-11,2008,2008-03-09,,,2014-03-08,,075,Department of Health and Human Services,7523,Centers for Disease Control and Prevention,00200,DEPT OF HHS/CENTERS FOR DISEASE CONTROL,,,,,,,,,,,X,NOT APPLICABLE,,,FG8QB99NF8K3,,BATTELLE MEMORIAL INSTITUTE,BATTELLE MEMORIAL INSTITUTE,,,F125YU6SWK59,,BATTELLE MEMORIAL INSTITUTE,BATTELLE MEMORIAL INSTITUTE INC,USA,UNITED STATES,1550 CRYSTAL DR STE 601,,ARLINGTON,51013,ARLINGTON,51,VA,VIRGINIA,222024138,VA-08,VA-08,6144246503,6144586503,,,,,,,,,,,,IDV,,,B,IDC,M,MULTIPLE AWARD,B,INDEFINITE DELIVERY / INDEFINITE QUANTITY,R,COST PLUS AWARD FEE,HEALTH MARKETING COMMUNICATION SERVICES,HEALTH MARKETING COMMUNICATION SERVICES,M,OTHER ADMINISTRATIVE ACTION,2006N08350,,,,R422,MARKET RESEARCH & PUBLIC OPINION SE,D,NOT A BUNDLED REQUIREMENT,,,541613,MARKETING CONSULTING SERVICES,C,NO CLAUSES INCLUDED AND NO SUSTAINABILITY INCLUDED,A,U.S. OWNED BUSINESS,,,,,,,,,,,C,PLAN REQUIRED - INCENTIVE NOT INCLUDED,A,FULL AND OPEN COMPETITION,NP,NEGOTIATED PROPOSAL/QUOTE,NONE,NO SET ASIDE USED.,NONE,NO PREFERENCE USED,,,,,,,20,D,COMMERCIAL ITEM PROCEDURES NOT USED,f,N,NO,N,NO,N,NO,N,NO,,N,NO,N,NO,N,NO,N,NO,X,NOT APPLICABLE,,NA,,,,,,NONE,NONE,,,N,NO - CAS WAIVER APPROVED,N,TRANSACTION DOES NOT USE GFE/GFP,,,X,NO,N,NO,N,NO - SERVICE WHERE PBA IS NOT USED.,N,NO,,,,,,,f,f,f,f,f,f,f,f,f,f,f,f,f,f,f,f,f,f,f,OTHER THAN SMALL BUSINESS,O,f,f,f,f,f,f,f,f,f,f,f,f,f,f,f,f,f,CORPORATE TAX EXEMPT,f,t,f,f,f,f,f,f,f,f,f,f,t,f,f,f,f,t,f,f,f,f,f,f,f,f,f,f,f,t,f,f,f,f,f,f,f,f,f,f,f,f,f,f,f,f,f,f,f,f,,,,,,,,,,,https://www.usaspending.gov/award/CONT_IDV_HHSD200200720032I_7523/,2010-07-09 16:30:57+00,2022-10-20 12:58:58+00
7523_-NONE-_HHSD200200720032I_2_-NONE-_-NONE-,CONT_IDV_HHSD200200720032I_7523,HHSD200200720032I,2,,,,,,0.00,0.00,,,,0.00,40000000.00,,,,,,2010-11-18,2011,2010-03-09,,,2014-03-08,,075,Department of Health and Human Services,7523,Centers for Disease Control and Prevention,00200,DEPT OF HHS/CENTERS FOR DISEASE CONTROL,,,,,,,,,,,X,NOT APPLICABLE,,,FG8QB99NF8K3,,BATTELLE MEMORIAL INSTITUTE,BATTELLE MEMORIAL INSTITUTE,,,F125YU6SWK59,,BATTELLE MEMORIAL INSTITUTE,BATTELLE MEMORIAL INSTITUTE INC,USA,UNITED STATES,1550 CRYSTAL DR STE 601,,ARLINGTON,51013,ARLINGTON,51,VA,VIRGINIA,222024138,VA-08,VA-08,6144246503,6144586503,,,,,,,,,,,,IDV,,,B,IDC,M,MULTIPLE AWARD,B,INDEFINITE DELIVERY / INDEFINITE QUANTITY,R,COST PLUS AWARD FEE,HEALTH MARKETING COMMUNICATION SERVICES,HEALTH MARKETING COMMUNICATION SERVICES,G,EXERCISE AN OPTION,2006N08350,,,,R422,MARKET RESEARCH & PUBLIC OPINION SE,D,NOT A BUNDLED REQUIREMENT,,,541613,MARKETING CONSULTING SERVICES,C,NO CLAUSES INCLUDED AND NO SUSTAINABILITY INCLUDED,A,U.S. OWNED BUSINESS,,,,,,,,,,,C,PLAN REQUIRED - INCENTIVE NOT INCLUDED,A,FULL AND OPEN COMPETITION,NP,NEGOTIATED PROPOSAL/QUOTE,NONE,NO SET ASIDE USED.,NONE,NO PREFERENCE USED,,,,,,,20,D,COMMERCIAL ITEM PROCEDURES NOT USED,f,N,NO,N,NO,N,NO,N,NO,,N,NO,N,NO,N,NO,N,NO,X,NOT APPLICABLE,,NA,,,,,,NONE,NONE,,,N,NO - CAS WAIVER APPROVED,N,TRANSACTION DOES NOT USE GFE/GFP,,,X,NO,N,NO,N,NO - SERVICE WHERE PBA IS NOT USED.,N,NO,,,,,,,f,f,f,f,f,f,f,f,f,f,f,f,f,f,f,f,f,f,f,OTHER THAN SMALL BUSINESS,O,f,f,f,f,f,f,f,f,f,f,f,f,f,f,f,f,f,CORPORATE TAX EXEMPT,f,t,f,f,f,f,f,f,f,f,f,f,t,f,f,f,f,t,f,f,f,f,f,f,f,f,f,f,f,t,f,f,f,f,f,f,f,f,f,f,f,f,f,f,f,f,f,f,f,f,,,,,,,,,,,https://www.usaspending.gov/award/CONT_IDV_HHSD200200720032I_7523/,2010-11-19 03:06:12+00,2022-10-20 12:58:58+00
7523_-NONE-_HHSD200200720032I_3_-NONE-_-NONE-,CONT_IDV_HHSD200200720032I_7523,HHSD200200720032I,3,,,,,,0.00,0.00,,,,0.00,40000000.00,,,,,,2011-01-06,2011,2011-01-06,,,2014-03-08,,075,Department of Health and Human Services,7523,Centers for Disease Control and Prevention,00200,DEPT OF HHS/CENTERS FOR DISEASE CONTROL,075,Department of Health and Human Services,7523,Centers for Disease Control and Prevention,00200,DEPT OF HHS/CENTERS FOR DISEASE CONTROL,,,,,X,NOT APPLICABLE,,,FG8QB99NF8K3,,BATTELLE MEMORIAL INSTITUTE,BATTELLE MEMORIAL INSTITUTE,,,F125YU6SWK59,,BATTELLE MEMORIAL INSTITUTE,BATTELLE MEMORIAL INSTITUTE INC,USA,UNITED STATES,1550 CRYSTAL DR STE 601,,ARLINGTON,51013,ARLINGTON,51,VA,VIRGINIA,222024138,VA-08,VA-08,6144246503,6144586503,,,,,,,,,,,,IDV,,,B,IDC,M,MULTIPLE AWARD,B,INDEFINITE DELIVERY / INDEFINITE QUANTITY,R,COST PLUS AWARD FEE,HEALTH MARKETING COMMUNICATION SERVICES,HEALTH MARKETING COMMUNICATION SERVICES,M,OTHER ADMINISTRATIVE ACTION,2006N08350,,,,R422,MARKET RESEARCH & PUBLIC OPINION SE,D,NOT A BUNDLED REQUIREMENT,,,541613,MARKETING CONSULTING SERVICES,C,NO CLAUSES INCLUDED AND NO SUSTAINABILITY INCLUDED,A,U.S. OWNED BUSINESS,,,,,,,,,,,C,PLAN REQUIRED - INCENTIVE NOT INCLUDED,A,FULL AND OPEN COMPETITION,NP,NEGOTIATED PROPOSAL/QUOTE,NONE,NO SET ASIDE USED.,NONE,NO PREFERENCE USED,,,,,,,20,D,COMMERCIAL ITEM PROCEDURES NOT USED,f,N,NO,N,NO,N,NO,N,NO,,N,NO,N,NO,N,NO,N,NO,X,NOT APPLICABLE,,NA,,,,,,NONE,NONE,,,N,NO - CAS WAIVER APPROVED,N,TRANSACTION DOES NOT USE GFE/GFP,,,X,NO,N,NO,N,NO - SERVICE WHERE PBA IS NOT USED.,N,NO,,,,,X,NOT APPLICABLE,f,f,f,f,f,f,f,f,f,f,f,f,f,f,f,f,f,f,f,OTHER THAN SMALL BUSINESS,O,f,f,f,f,f,f,f,f,f,f,f,f,f,f,f,f,f,CORPORATE TAX EXEMPT,f,t,f,f,f,f,f,f,f,f,f,f,t,f,f,f,f,t,f,f,f,f,f,f,f,f,f,f,f,t,f,f,f,f,f,f,f,f,f,f,f,f,f,f,f,f,f,f,f,f,,,,,,,,,,,https://www.usaspending.gov/award/CONT_IDV_HHSD200200720032I_7523/,2011-01-07 03:04:02+00,2022-10-20 12:58:58+00
7523_-NONE-_HHSD200200720032I_4_-NONE-_-NONE-,CONT_IDV_HHSD200200720032I_7523,HHSD200200720032I,4,,,,,,0.00,0.00,,,,0.00,40000000.00,,,,,,2012-02-24,2012,2012-02-24,,,2014-03-08,,075,Department of Health and Human Services,7523,Centers for Disease Control and Prevention,00200,DEPT OF HHS/CENTERS FOR DISEASE CONTROL,075,Department of Health and Human Services,7523,Centers for Disease Control and Prevention,00200,DEPT OF HHS/CENTERS FOR DISEASE CONTROL,,,,,X,NOT APPLICABLE,,,FG8QB99NF8K3,,BATTELLE MEMORIAL INSTITUTE,BATTELLE MEMORIAL INSTITUTE,,,F125YU6SWK59,,BATTELLE MEMORIAL INSTITUTE,BATTELLE MEMORIAL INSTITUTE INC,USA,UNITED STATES,1550 CRYSTAL DR STE 601,,ARLINGTON,51013,ARLINGTON,51,VA,VIRGINIA,222024138,VA-08,VA-08,6144246503,6144586503,,,,,,,,,,,,IDV,,,B,IDC,M,MULTIPLE AWARD,B,INDEFINITE DELIVERY / INDEFINITE QUANTITY,R,COST PLUS AWARD FEE,HEALTH MARKETING COMMUNICATION SERVICES,HEALTH MARKETING COMMUNICATION SERVICES,M,OTHER ADMINISTRATIVE ACTION,2006N08350,,,,R422,SUPPORT- PROFESSIONAL: MARKET RESEARCH/PUBLIC OPINION,D,NOT A BUNDLED REQUIREMENT,,,541613,MARKETING CONSULTING SERVICES,C,NO CLAUSES INCLUDED AND NO SUSTAINABILITY INCLUDED,A,U.S. OWNED BUSINESS,,,,,,,,,,,C,PLAN REQUIRED - INCENTIVE NOT INCLUDED,A,FULL AND OPEN COMPETITION,NP,NEGOTIATED PROPOSAL/QUOTE,NONE,NO SET ASIDE USED.,NONE,NO PREFERENCE USED,,,,,,,20,D,COMMERCIAL ITEM PROCEDURES NOT USED,f,N,NO,N,NO,N,NO,N,NO,,N,NO,N,NO,N,NO,N,NO,X,NOT APPLICABLE,,NA,,,,,,NONE,NONE,,,N,NO - CAS WAIVER APPROVED,N,TRANSACTION DOES NOT USE GFE/GFP,,,X,NO,N,NO,N,NO - SERVICE WHERE PBA IS NOT USED.,N,NO,,,,,X,NOT APPLICABLE,f,f,f,f,f,f,f,f,f,f,f,f,f,f,f,f,f,f,f,OTHER THAN SMALL BUSINESS,O,f,f,f,f,f,f,f,f,f,f,f,f,f,f,f,f,f,CORPORATE TAX EXEMPT,f,t,f,f,f,f,f,f,f,f,f,f,t,f,f,f,f,t,f,f,f,f,f,f,f,f,f,f,f,t,f,f,f,f,f,f,f,f,f,f,f,f,f,f,f,f,f,f,f,f,,,,,,,,,,,https://www.usaspending.gov/award/CONT_IDV_HHSD200200720032I_7523/,2012-02-25 03:05:11+00,2022-10-20 12:58:58+00
7523_-NONE-_HHSD200200720032I_5_-NONE-_-NONE-,CONT_IDV_HHSD200200720032I_7523,HHSD200200720032I,5,,,,,,0.00,0.00,,,,0.00,40000000.00,,,,,,2013-11-01,2014,2013-11-01,,,2014-03-08,,075,Department of Health and Human Services,7523,Centers for Disease Control and Prevention,00200,DEPT OF HHS/CENTERS FOR DISEASE CONTROL,075,Department of Health and Human Services,7523,Centers for Disease Control and Prevention,00200,DEPT OF HHS/CENTERS FOR DISEASE CONTROL,,,,,X,NOT APPLICABLE,,,FG8QB99NF8K3,,BATTELLE MEMORIAL INSTITUTE,BATTELLE MEMORIAL INSTITUTE,,,F125YU6SWK59,,BATTELLE MEMORIAL INSTITUTE,BATTELLE MEMORIAL INSTITUTE INC,USA,UNITED STATES,1550 CRYSTAL DR STE 601,,ARLINGTON,51013,ARLINGTON,51,VA,VIRGINIA,222024138,VA-08,VA-08,6144246503,6144586503,,,,,,,,,,,,IDV,,,B,IDC,M,MULTIPLE AWARD,B,INDEFINITE DELIVERY / INDEFINITE QUANTITY,R,COST PLUS AWARD FEE,HEALTH MARKETING COMMUNICATION SERVICES,HEALTH MARKETING COMMUNICATION SERVICES,M,OTHER ADMINISTRATIVE ACTION,2006N08350,,,,R422,SUPPORT- PROFESSIONAL: MARKET RESEARCH/PUBLIC OPINION,D,NOT A BUNDLED REQUIREMENT,,,541613,MARKETING CONSULTING SERVICES,C,NO CLAUSES INCLUDED AND NO SUSTAINABILITY INCLUDED,A,U.S. OWNED BUSINESS,,,,,,,,,,,C,PLAN REQUIRED - INCENTIVE NOT INCLUDED,A,FULL AND OPEN COMPETITION,NP,NEGOTIATED PROPOSAL/QUOTE,NONE,NO SET ASIDE USED.,NONE,NO PREFERENCE USED,,,,,,,20,D,COMMERCIAL ITEM PROCEDURES NOT USED,f,N,NO,N,NO,N,NO,N,NO,,N,NO,N,NO,N,NO,N,NO,X,NOT APPLICABLE,,NA,,,,,,NONE,NONE,,,N,NO - CAS WAIVER APPROVED,N,TRANSACTION DOES NOT USE GFE/GFP,,,X,NO,N,NO,N,NO - SERVICE WHERE PBA IS NOT USED.,N,NO,,,,,X,NOT APPLICABLE,f,f,f,f,f,f,f,f,f,f,f,f,f,f,f,f,f,f,f,OTHER THAN SMALL BUSINESS,O,f,f,f,f,f,f,f,f,f,f,f,f,f,f,f,f,f,CORPORATE TAX EXEMPT,f,t,f,f,f,f,f,f,f,f,f,f,t,f,f,f,f,t,f,f,f,f,f,f,f,f,f,f,f,t,f,f,f,f,f,f,f,f,f,f,f,f,f,f,f,f,f,f,f,f,,,,,,,,,,,https://www.usaspending.gov/award/CONT_IDV_HHSD200200720032I_7523/,2013-11-02 03:05:13+00,2022-12-01 12:59:39+00
7523_-NONE-_HHSD200200720032I_6_-NONE-_-NONE-,CONT_IDV_HHSD200200720032I_7523,HHSD200200720032I,6,,,,,,0.00,0.00,,,,0.00,40000000.00,,,,,,2014-02-06,2014,2014-02-06,,,2014-03-08,,075,Department of Health and Human Services,7523,Centers for Disease Control and Prevention,00200,DEPT OF HHS/CENTERS FOR DISEASE CONTROL,075,Department of Health and Human Services,7523,Centers for Disease Control and Prevention,00200,DEPT OF HHS/CENTERS FOR DISEASE CONTROL,,,,,X,NOT APPLICABLE,,,FG8QB99NF8K3,,BATTELLE MEMORIAL INSTITUTE,BATTELLE MEMORIAL INSTITUTE,,,F125YU6SWK59,,BATTELLE MEMORIAL INSTITUTE,BATTELLE MEMORIAL INSTITUTE INC,USA,UNITED STATES,1550 CRYSTAL DR STE 601,,ARLINGTON,51013,ARLINGTON,51,VA,VIRGINIA,222024138,VA-08,VA-08,6144246503,6144586503,,,,,,,,,,,,IDV,,,B,IDC,M,MULTIPLE AWARD,B,INDEFINITE DELIVERY / INDEFINITE QUANTITY,R,COST PLUS AWARD FEE,HEALTH MARKETING COMMUNICATION SERVICES,HEALTH MARKETING COMMUNICATION SERVICES,G,EXERCISE AN OPTION,2006N08350,,,,R422,SUPPORT- PROFESSIONAL: MARKET RESEARCH/PUBLIC OPINION,D,NOT A BUNDLED REQUIREMENT,,,541613,MARKETING CONSULTING SERVICES,C,NO CLAUSES INCLUDED AND NO SUSTAINABILITY INCLUDED,A,U.S. OWNED BUSINESS,,,,,,,,,,,C,PLAN REQUIRED - INCENTIVE NOT INCLUDED,A,FULL AND OPEN COMPETITION,NP,NEGOTIATED PROPOSAL/QUOTE,NONE,NO SET ASIDE USED.,NONE,NO PREFERENCE USED,,,,,,,20,D,COMMERCIAL ITEM PROCEDURES NOT USED,f,N,NO,N,NO,N,NO,N,NO,,N,NO,N,NO,N,NO,N,NO,X,NOT APPLICABLE,,NA,,,,,,NONE,NONE,,,N,NO - CAS WAIVER APPROVED,N,TRANSACTION DOES NOT USE GFE/GFP,,,X,NO,N,NO,N,NO - SERVICE WHERE PBA IS NOT USED.,N,NO,,,,,X,NOT APPLICABLE,f,f,f,f,f,f,f,f,f,f,f,f,f,f,f,f,f,f,f,OTHER THAN SMALL BUSINESS,O,f,f,f,f,f,f,f,f,f,f,f,f,f,f,f,f,f,CORPORATE TAX EXEMPT,f,t,f,f,f,f,f,f,f,f,f,f,t,f,f,f,f,t,f,f,f,f,f,f,f,f,f,f,f,t,f,f,f,f,f,f,f,f,f,f,f,f,f,f,f,f,f,f,f,f,,,,,,,,,,,https://www.usaspending.gov/award/CONT_IDV_HHSD200200720032I_7523/,2014-02-07 03:01:41+00,2022-10-20 12:58:58+00
7523_-NONE-_HHSD200200720032I_7_-NONE-_-NONE-,CONT_IDV_HHSD200200720032I_7523,HHSD200200720032I,7,,,,,,0.00,0.00,,,,0.00,40000000.00,,,,,,2019-09-12,2019,2019-09-12,,,2014-03-08,,075,Department of Health and Human Services,7523,Centers for Disease Control and Prevention,75D301,CDC OFFICE OF ACQUISITION SERVICES,075,Department of Health and Human Services,7523,Centers for Disease Control and Prevention,75D301,CDC OFFICE OF ACQUISITION SERVICES,,,,,X,NOT APPLICABLE,,,FG8QB99NF8K3,,BATTELLE MEMORIAL INSTITUTE,BATTELLE MEMORIAL INSTITUTE,,0BBF1,F125YU6SWK59,,BATTELLE MEMORIAL INSTITUTE,BATTELLE MEMORIAL INSTITUTE INC,USA,UNITED STATES,1550 CRYSTAL DR STE 601,,ARLINGTON,51013,ARLINGTON,51,VA,VIRGINIA,222024138,VA-08,VA-08,6144246503,6144586503,,,,,,,,,,,,IDV,,,B,IDC,M,MULTIPLE AWARD,B,INDEFINITE DELIVERY / INDEFINITE QUANTITY,R,COST PLUS AWARD FEE,HEALTH MARKETING COMMUNICATION SERVICES,HEALTH MARKETING COMMUNICATION SERVICES,M,OTHER ADMINISTRATIVE ACTION,2006N08350,,,,R422,SUPPORT- PROFESSIONAL: MARKET RESEARCH/PUBLIC OPINION,D,NOT A BUNDLED REQUIREMENT,,,541613,MARKETING CONSULTING SERVICES,C,NO CLAUSES INCLUDED AND NO SUSTAINABILITY INCLUDED,A,U.S. OWNED BUSINESS,,,,,,,,,,,C,PLAN REQUIRED - INCENTIVE NOT INCLUDED,A,FULL AND OPEN COMPETITION,NP,NEGOTIATED PROPOSAL/QUOTE,NONE,NO SET ASIDE USED.,NONE,NO PREFERENCE USED,,,,,,,20,D,COMMERCIAL ITEM PROCEDURES NOT USED,f,N,NO,N,NO,N,NO,N,NO,,N,NO,N,NO,N,NO,N,NO,X,NOT APPLICABLE,,NA,,,,,,NONE,NONE,,,N,NO - CAS WAIVER APPROVED,N,TRANSACTION DOES NOT USE GFE/GFP,,,X,NO,N,NO,N,NO - SERVICE WHERE PBA IS NOT USED.,N,NO,,,,,X,NOT APPLICABLE,f,f,f,f,f,f,f,f,f,f,f,f,f,f,f,f,f,f,f,OTHER THAN SMALL BUSINESS,O,f,f,f,f,f,f,f,f,f,f,f,f,f,f,f,f,f,CORPORATE TAX EXEMPT,f,t,f,f,f,f,f,f,f,f,f,f,t,f,f,f,f,t,f,f,f,f,f,f,f,f,f,f,f,t,f,f,f,f,f,f,f,f,f,f,f,f,f,f,f,f,f,f,f,f,,,,,,,,,,,https://www.usaspending.gov/award/CONT_IDV_HHSD200200720032I_7523/,2019-09-12 16:30:10+00,2022-10-20 12:58:58+00
7523_7523_HHSD2002007200320001_0_HHSD200200720032I_0,CONT_AWD_HHSD2002007200320001_7523_HHSD200200720032I_7523,HHSD2002007200320001,0,0,7523,CENTERS FOR DISEASE CONTROL AND PREVENTION,HHSD200200720032I,0,282621.00,281586.26,,282621.00,282621.00,282621.00,847863.00,,,,,,2010-09-23,2010,2010-09-24,2010-09-24,2010-09-24 00:00:00,,,075,Department of Health and Human Services,7523,Centers for Disease Control and Prevention,00200,DEPT OF HHS/CENTERS FOR DISEASE CONTROL,075,Department of Health and Human Services,7523,Centers for Disease Control and Prevention,00200,DEPT OF HHS/CENTERS FOR DISEASE CONTROL,,,,,X,NOT APPLICABLE,,,FG8QB99NF8K3,180011314,BATTELLE MEMORIAL INSTITUTE,BATTELLE MEMORIAL INSTITUTE,,,F125YU6SWK59,007901598,BATTELLE MEMORIAL INSTITUTE,BATTELLE MEMORIAL INSTITUTE INC,USA,UNITED STATES,1550 CRYSTAL DR STE 601,,ARLINGTON,51013,ARLINGTON,51,VA,VIRGINIA,222024138,VA-08,VA-08,6144246503,6144586503,USA,UNITED STATES,ATLANTA,13089,DEKALB,13,GA,GEORGIA,303294018,GA-05,GA-05,AWARD,C,DELIVERY ORDER,,,,,,,R,COST PLUS AWARD FEE,TAS::75 0943::TAS LARGE BUSINESS HEALTH MARKETING,TAS::75 0943::TAS LARGE BUSINESS HEALTH MARKETING,,,2006N08350,1,,,R422,MARKET RESEARCH & PUBLIC OPINION SE,D,NOT A BUNDLED REQUIREMENT,,,541613,MARKETING CONSULTING SERVICES,,,A,U.S. OWNED BUSINESS,,,,,E,NOT REQUIRED,USA,UNITED STATES,C,NOT A MANUFACTURED END PRODUCT,,,A,FULL AND OPEN COMPETITION,MAFO,SUBJECT TO MULTIPLE AWARD FAIR OPPORTUNITY,NONE,NO SET ASIDE USED.,NONE,NO PREFERENCE USED,,,FAIR,FAIR OPPORTUNITY GIVEN,,,3,D,COMMERCIAL ITEM PROCEDURES NOT USED,f,N,NO,N,NO,N,NO,N,NO,,N,NO,N,NO,N,NO,N,NO,X,NOT APPLICABLE,,,B,IDC,M,MULTIPLE AWARD,,NONE,NONE,,,N,NO - CAS WAIVER APPROVED,N,TRANSACTION DOES NOT USE GFE/GFP,,,X,NO,N,NO,N,NO - SERVICE WHERE PBA IS NOT USED.,N,NO,,,N,NO,,,f,f,f,f,f,f,f,f,f,f,f,f,f,f,f,f,f,f,f,OTHER THAN SMALL BUSINESS,O,f,f,f,f,f,f,f,f,f,f,f,f,f,f,f,f,f,CORPORATE TAX EXEMPT,f,t,f,f,f,f,f,f,f,f,f,f,t,f,f,f,f,t,f,f,f,f,f,f,f,f,f,f,f,t,f,f,f,f,f,f,f,f,f,f,f,f,f,f,f,f,f,f,f,f,,,,,,,,,,,https://www.usaspending.gov/award/CONT_AWD_HHSD2002007200320001_7523_HHSD200200720032I_7523/,2010-09-24 03:24:28+00,2019-09-11 15:00:42+00
7523_7523_HHSD2002007200320001_100_HHSD200200720032I_0,CONT_AWD_HHSD2002007200320001_7523_HHSD200200720032I_7523,HHSD2002007200320001,100,0,7523,CENTERS FOR DISEASE CONTROL AND PREVENTION,HHSD200200720032I,0,0.00,,,0.00,,0.00,,,,,,,2012-08-21,2012,2012-08-22,2013-03-22,2013-03-22 00:00:00,,,075,Department of Health and Human Services,7523,Centers for Disease Control and Prevention,00200,DEPT OF HHS/CENTERS FOR DISEASE CONTROL,075,Department of Health and Human Services,7523,Centers for Disease Control and Prevention,00200,DEPT OF HHS/CENTERS FOR DISEASE CONTROL,,,,,,NOT APPLICABLE,,NAN,FG8QB99NF8K3,180011314,BATTELLE MEMORIAL INSTITUTE,BATTELLE MEMORIAL INSTITUTE,,,F125YU6SWK59,007901598,BATTELLE MEMORIAL INSTITUTE,BATTELLE MEMORIAL INSTITUTE,USA,UNITED STATES OF AMERICA,1550 CRYSTAL DR STE 601,,ARLINGTON,51013,ARLINGTON,51,VA,VIRGINIA,22202,,VA-08,6144246503,6144586503,USA,UNITED STATES OF AMERICA,ATLANTA,13089,DEKALB,13,GA,GEORGIA,303294018,GA-05,GA-05,AWARD,C,DO,,,,,,NAN,R,COST PLUS AWARD FEE,COMMUNICATION RESEARCH ON FOLIC ACID FO DIVISION OF BIRTH DEFECTS,TAS::75 0943::TAS LARGE BUSINESS HEALTH MARKETING,B,SUPPLEMENTAL AGREEMENT FOR WORK WITHIN SCOPE,2006N08350,1,,,R422,SUPPORT- PROFESSIONAL: MARKET RESEARCH/PUBLIC OPINION,D,NOT A BUNDLED REQUIREMENT,,,541613,MARKETING CONSULTING SERVICES,,,A,U.S. OWNED BUSINESS,,,,,E,NOT REQUIRED,USA,,C,NOT A MANUFACTURED END PRODUCT,,,A,FULL AND OPEN COMPETITION,MAFO,SUBJECT TO MULTIPLE AWARD FAIR OPPORTUNITY,NONE,NO SET ASIDE USED.,NONE,NO PREFERENCE USED,,NAN,FAIR,FAIR OPPORTUNITY GIVEN,,,3,D,,f,N,NO,NO,,N,NO,N,,,N: NO,,N,NO,N,NO,N,NO,B,OTHER STATUTORY AUTHORITY,,,,,,,,NONE,NONE,,,N,NO - CAS WAIVER APPROVED,N,TRANSACTION DOES NOT USE GFE/GFP,,,X,NO,N,NO,N,NO - SERVICE WHERE PBA IS NOT USED.,N,NO,,,N,NO,X,NOT APPLICABLE,f,f,f,f,f,f,f,f,f,f,f,f,f,f,f,f,f,f,f,OTHER THAN SMALL BUSINESS,O,f,f,f,f,f,f,f,f,f,f,f,f,f,f,f,f,f,,f,t,f,f,f,f,f,f,f,f,f,f,t,f,f,f,f,t,f,f,f,f,f,f,f,f,f,f,f,t,f,f,f,f,f,f,f,f,f,f,f,f,f,f,f,f,f,f,f,f,,,,,,,,,,,https://www.usaspending.gov/award/CONT_AWD_HHSD2002007200320001_7523_HHSD200200720032I_7523/,,2015-08-06 00:00:00+00
7523_7523_HHSD2002007200320001_101_HHSD200200720032I_0,CONT_AWD_HHSD2002007200320001_7523_HHSD200200720032I_7523,HHSD2002007200320001,101,0,7523,CENTERS FOR DISEASE CONTROL AND PREVENTION,HHSD200200720032I,0,0.00,,,0.00,,0.00,,,,,,,2013-02-22,2013,2013-02-22,2013-03-22,2013-03-22 00:00:00,,,075,Department of Health and Human Services,7523,Centers for Disease Control and Prevention,00200,DEPT OF HHS/CENTERS FOR DISEASE CONTROL,075,Department of Health and Human Services,7523,Centers for Disease Control and Prevention,00200,DEPT OF HHS/CENTERS FOR DISEASE CONTROL,,,,,,NOT APPLICABLE,,NAN,FG8QB99NF8K3,180011314,BATTELLE MEMORIAL INSTITUTE,BATTELLE MEMORIAL INSTITUTE,,,F125YU6SWK59,007901598,BATTELLE MEMORIAL INSTITUTE,BATTELLE MEMORIAL INSTITUTE,USA,UNITED STATES OF AMERICA,1550 CRYSTAL DR STE 601,,ARLINGTON,51013,ARLINGTON,51,VA,VIRGINIA,22202,,VA-08,6144246503,6144586503,USA,UNITED STATES OF AMERICA,ATLANTA,13089,DEKALB,13,GA,GEORGIA,303294018,GA-05,GA-05,AWARD,C,DO,,,,,,NAN,R,COST PLUS AWARD FEE,COMMUNICATION RESEARCH ON FOLIC ACID FO DIVISION OF BIRTH DEFECTS,TAS::75 0943::TAS LARGE BUSINESS HEALTH MARKETING,M,OTHER ADMINISTRATIVE ACTION,2006N08350,1,,,R422,SUPPORT- PROFESSIONAL: MARKET RESEARCH/PUBLIC OPINION,D,NOT A BUNDLED REQUIREMENT,,,541613,MARKETING CONSULTING SERVICES,,,A,U.S. OWNED BUSINESS,,,,,E,NOT REQUIRED,USA,,C,NOT A MANUFACTURED END PRODUCT,,,A,FULL AND OPEN COMPETITION,MAFO,SUBJECT TO MULTIPLE AWARD FAIR OPPORTUNITY,NONE,NO SET ASIDE USED.,NONE,NO PREFERENCE USED,,NAN,FAIR,FAIR OPPORTUNITY GIVEN,,,3,D,,f,N,NO,NO,,N,NO,N,,,N: NO,,N,NO,N,NO,N,NO,B,OTHER STATUTORY AUTHORITY,,,,,,,,NONE,NONE,,,N,NO - CAS WAIVER APPROVED,N,TRANSACTION DOES NOT USE GFE/GFP,,,X,NO,N,NO,N,NO - SERVICE WHERE PBA IS NOT USED.,N,NO,,,N,NO,X,NOT APPLICABLE,f,f,f,f,f,f,f,f,f,f,f,f,f,f,f,f,f,f,f,OTHER THAN SMALL BUSINESS,O,f,f,f,f,f,f,f,f,f,f,f,f,f,f,f,f,f,,f,t,f,f,f,f,f,f,f,f,f,f,t,f,f,f,f,t,f,f,f,f,f,f,f,f,f,f,f,t,f,f,f,f,f,f,f,f,f,f,f,f,f,f,f,f,f,f,f,f,,,,,,,,,,,https://www.usaspending.gov/award/CONT_AWD_HHSD2002007200320001_7523_HHSD200200720032I_7523/,,2015-08-07 00:00:00+00
7523_7523_HHSD2002007200320001_102_HHSD200200720032I_0,CONT_AWD_HHSD2002007200320001_7523_HHSD200200720032I_7523,HHSD2002007200320001,102,0,7523,CENTERS FOR DISEASE CONTROL AND PREVENTION,HHSD200200720032I,0,-1034.74,281586.26,,0.00,282621.00,0.00,847863.00,,,,,,2019-09-11,2019,2019-09-05,2013-03-22,2013-03-22 00:00:00,,,075,Department of Health and Human Services,7523,Centers for Disease Control and Prevention,75D301,CDC OFFICE OF ACQUISITION SERVICES,075,Department of Health and Human Services,7523,Centers for Disease Control and Prevention,75D301,CDC OFFICE OF ACQUISITION SERVICES,,,,,X,NOT APPLICABLE,,,FG8QB99NF8K3,180011314,BATTELLE MEMORIAL INSTITUTE,BATTELLE MEMORIAL INSTITUTE,,0BBF1,F125YU6SWK59,007901598,BATTELLE MEMORIAL INSTITUTE,BATTELLE MEMORIAL INSTITUTE INC,USA,UNITED STATES,1550 CRYSTAL DR STE 601,,ARLINGTON,51013,ARLINGTON,51,VA,VIRGINIA,222024138,VA-08,VA-08,6144246503,6144586503,USA,UNITED STATES,ATLANTA,13089,DEKALB,13,GA,GEORGIA,303294018,GA-05,GA-05,AWARD,C,DELIVERY ORDER,,,,,,,R,COST PLUS AWARD FEE,COMMUNICATION RESEARCH ON FOLIC ACID FO DIVISION OF BIRTH DEFECTS,TAS::75 0943::TAS LARGE BUSINESS HEALTH MARKETING,M,OTHER ADMINISTRATIVE ACTION,2006N08350,1,,,R422,SUPPORT- PROFESSIONAL: MARKET RESEARCH/PUBLIC OPINION,D,NOT A BUNDLED REQUIREMENT,,,541613,MARKETING CONSULTING SERVICES,,,A,U.S. OWNED BUSINESS,,,,,E,NOT REQUIRED,USA,UNITED STATES,C,NOT A MANUFACTURED END PRODUCT,,,A,FULL AND OPEN COMPETITION,MAFO,SUBJECT TO MULTIPLE AWARD FAIR OPPORTUNITY,NONE,NO SET ASIDE USED.,NONE,NO PREFERENCE USED,,,FAIR,FAIR OPPORTUNITY GIVEN,,,3,D,COMMERCIAL ITEM PROCEDURES NOT USED,f,N,NO,N,NO,N,NO,N,NO,,N,NO,N,NO,N,NO,N,NO,B,OTHER STATUTORY AUTHORITY,FALSE,,B,IDC,M,MULTIPLE AWARD,,NONE,NONE,,,N,NO - CAS WAIVER APPROVED,N,TRANSACTION DOES NOT USE GFE/GFP,,,X,NO,N,NO,N,NO - SERVICE WHERE PBA IS NOT USED.,N,NO,,,N,NO,X,NOT APPLICABLE,f,f,f,f,f,f,f,f,f,f,f,f,f,f,f,f,f,f,f,OTHER THAN SMALL BUSINESS,O,f,f,f,f,f,f,f,f,f,f,f,f,f,f,f,f,f,CORPORATE TAX EXEMPT,f,t,f,f,f,f,f,f,f,f,f,f,t,f,f,f,f,t,f,f,f,f,f,f,f,f,f,f,f,t,f,f,f,f,f,f,f,f,f,f,f,f,f,f,f,f,f,f,f,f,,,,,,,,,,,https://www.usaspending.gov/award/CONT_AWD_HHSD2002007200320001_7523_HHSD200200720032I_7523/,2019-09-11 15:00:18+00,2019-09-11 15:00:41+00
7523_7523_HHSD2002007200320001_1_HHSD200200720032I_0,CONT_AWD_HHSD2002007200320001_7523_HHSD200200720032I_7523,HHSD2002007200320001,1,0,7523,CENTERS FOR DISEASE CONTROL AND PREVENTION,HHSD200200720032I,0,0.00,,,0.00,,282621.00,,,,,,,2010-12-10,2011,2010-12-10,2010-12-10,2010-12-10 00:00:00,,,075,Department of Health and Human Services,7523,Centers for Disease Control and Prevention,00200,DEPT OF HHS/CENTERS FOR DISEASE CONTROL,075,Department of Health and Human Services,7523,Centers for Disease Control and Prevention,00200,DEPT OF HHS/CENTERS FOR DISEASE CONTROL,,,,,,NOT APPLICABLE,,NAN,FG8QB99NF8K3,180011314,BATTELLE MEMORIAL INSTITUTE,BATTELLE MEMORIAL INSTITUTE,,,F125YU6SWK59,007901598,BATTELLE MEMORIAL INSTITUTE,BATTELLE MEMORIAL INSTITUTE,USA,UNITED STATES OF AMERICA,1550 CRYSTAL DR STE 601,,ARLINGTON,51013,ARLINGTON,51,VA,VIRGINIA,22202,,VA-08,6144246503,6144586503,USA,UNITED STATES OF AMERICA,ATLANTA,13089,DEKALB,13,GA,GEORGIA,303294018,GA-05,GA-05,AWARD,C,DO,,,,,,NAN,R,COST PLUS AWARD FEE,LARGE BUSINESS HEALTH MARKETING,TAS::75 0943::TAS LARGE BUSINESS HEALTH MARKETING,M,OTHER ADMINISTRATIVE ACTION,2006N08350,1,,,R422,MARKET RESEARCH & PUBLIC OPINION SE,D,NOT A BUNDLED REQUIREMENT,,,541613,MARKETING CONSULTING SERVICES,,,A,U.S. OWNED BUSINESS,,,,,E,NOT REQUIRED,USA,,C,NOT A MANUFACTURED END PRODUCT,,,A,FULL AND OPEN COMPETITION,MAFO,SUBJECT TO MULTIPLE AWARD FAIR OPPORTUNITY,NONE,NO SET ASIDE USED.,NONE,NO PREFERENCE USED,,NAN,FAIR,FAIR OPPORTUNITY GIVEN,,,3,D,,f,N,NO,NO,,N,NO,N,,,N: NO,,N,NO,N,NO,N,NO,X,NOT APPLICABLE,,,,,,,,NONE,NONE,,,N,NO - CAS WAIVER APPROVED,N,TRANSACTION DOES NOT USE GFE/GFP,,,X,NO,N,NO,N,NO - SERVICE WHERE PBA IS NOT USED.,N,NO,,,N,NO,X,NOT APPLICABLE,f,f,f,f,f,f,f,f,f,f,f,f,f,f,f,f,f,f,f,OTHER THAN SMALL BUSINESS,O,f,f,f,f,f,f,f,f,f,f,f,f,f,f,f,f,f,,f,t,f,f,f,f,f,f,f,f,f,f,t,f,f,f,f,t,f,f,f,f,f,f,f,f,f,f,f,t,f,f,f,f,f,f,f,f,f,f,f,f,f,f,f,f,f,f,f,f,,,,,,,,,,,https://www.usaspending.gov/award/CONT_AWD_HHSD2002007200320001_7523_HHSD200200720032I_7523/,,2015-08-06 00:00:00+00
7523_7523_HHSD2002007200320001_99_HHSD200200720032I_0,CONT_AWD_HHSD2002007200320001_7523_HHSD200200720032I_7523,HHSD2002007200320001,99,0,7523,CENTERS FOR DISEASE CONTROL AND PREVENTION,HHSD200200720032I,0,0.00,,,0.00,,282621.00,,,,,,,2012-02-01,2012,2012-02-01,2012-02-01,2012-02-01 00:00:00,,,075,Department of Health and Human Services,7523,Centers for Disease Control and Prevention,00200,DEPT OF HHS/CENTERS FOR DISEASE CONTROL,075,Department of Health and Human Services,7523,Centers for Disease Control and Prevention,00200,DEPT OF HHS/CENTERS FOR DISEASE CONTROL,,,,,,NOT APPLICABLE,,NAN,FG8QB99NF8K3,180011314,BATTELLE MEMORIAL INSTITUTE,BATTELLE MEMORIAL INSTITUTE,,,F125YU6SWK59,007901598,BATTELLE MEMORIAL INSTITUTE,BATTELLE MEMORIAL INSTITUTE,USA,UNITED STATES OF AMERICA,1550 CRYSTAL DR STE 601,,ARLINGTON,51013,ARLINGTON,51,VA,VIRGINIA,22202,,VA-08,6144246503,6144586503,USA,UNITED STATES OF AMERICA,ATLANTA,13089,DEKALB,13,GA,GEORGIA,303294018,GA-05,GA-05,AWARD,C,DO,,,,,,NAN,R,COST PLUS AWARD FEE,COMMUNICATION RESEARCH ON FOLIC ACID FO DIVISION OF BIRTH DEFECTS,TAS::75 0943::TAS LARGE BUSINESS HEALTH MARKETING,M,OTHER ADMINISTRATIVE ACTION,2006N08350,1,,,R422,SUPPORT- PROFESSIONAL: MARKET RESEARCH/PUBLIC OPINION,D,NOT A BUNDLED REQUIREMENT,,,541613,MARKETING CONSULTING SERVICES,,,A,U.S. OWNED BUSINESS,,,,,E,NOT REQUIRED,USA,,C,NOT A MANUFACTURED END PRODUCT,,,A,FULL AND OPEN COMPETITION,MAFO,SUBJECT TO MULTIPLE AWARD FAIR OPPORTUNITY,NONE,NO SET ASIDE USED.,NONE,NO PREFERENCE USED,,NAN,FAIR,FAIR OPPORTUNITY GIVEN,,,3,D,,f,N,NO,NO,,N,NO,N,,,N: NO,,N,NO,N,NO,N,NO,X,NOT APPLICABLE,,,,,,,,NONE,NONE,,,N,NO - CAS WAIVER APPROVED,N,TRANSACTION DOES NOT USE GFE/GFP,,,X,NO,N,NO,N,NO - SERVICE WHERE PBA IS NOT USED.,N,NO,,,N,NO,X,NOT APPLICABLE,f,f,f,f,f,f,f,f,f,f,f,f,f,f,f,f,f,f,f,OTHER THAN SMALL BUSINESS,O,f,f,f,f,f,f,f,f,f,f,f,f,f,f,f,f,f,,f,t,f,f,f,f,f,f,f,f,f,f,t,f,f,f,f,t,f,f,f,f,f,f,f,f,f,f,f,t,f,f,f,f,f,f,f,f,f,f,f,f,f,f,f,f,f,f,f,f,,,,,,,,,,,https://www.usaspending.gov/award/CONT_AWD_HHSD2002007200320001_7523_HHSD200200720032I_7523/,,2015-08-06 00:00:00+00
7523_7523_HHSD2002007200320002_0_HHSD200200720032I_0,CONT_AWD_HHSD2002007200320002_7523_HHSD200200720032I_7523,HHSD2002007200320002,0,0,7523,CENTERS FOR DISEASE CONTROL AND PREVENTION,HHSD200200720032I,0,390951.00,,,390951.00,,390951.00,,,,,,,2011-08-09,2011,2011-08-09,2014-12-31,2014-12-31 00:00:00,,,075,Department of Health and Human Services,7523,Centers for Disease Control and Prevention,00200,DEPT OF HHS/CENTERS FOR DISEASE CONTROL,075,Department of Health and Human Services,7523,Centers for Disease Control and Prevention,00200,DEPT OF HHS/CENTERS FOR DISEASE CONTROL,075-2019/2019-0950-000,075-0950,25.1: Advisory and assistance services,,,NOT APPLICABLE,,NAN,FG8QB99NF8K3,180011314,BATTELLE MEMORIAL INSTITUTE,BATTELLE MEMORIAL INSTITUTE,,,F125YU6SWK59,007901598,BATTELLE MEMORIAL INSTITUTE,BATTELLE MEMORIAL INSTITUTE,USA,UNITED STATES OF AMERICA,1550 CRYSTAL DR STE 601,,ARLINGTON,51013,ARLINGTON,51,VA,VIRGINIA,22202,,VA-08,6144246503,6144586503,USA,UNITED STATES OF AMERICA,ATLANTA,13089,DEKALB,13,GA,GEORGIA,303294018,GA-05,GA-05,AWARD,C,DO,,,,,,NAN,R,COST PLUS AWARD FEE,FIELD ASSESSMENT OF A COMPREHENSIVE MANUAL FOR HEPATITIS C COUNSELING AND TESTING,FIELD ASSESSMENT OF A COMPREHENSIVE MANUAL FOR HEPATITIS C COUNSELING AND TESTING,,,2006N08350,1,,,R422,MARKET RESEARCH & PUBLIC OPINION SE,D,NOT A BUNDLED REQUIREMENT,,,541613,MARKETING CONSULTING SERVICES,C,NO CLAUSES INCLUDED AND NO SUSTAINABILITY INCLUDED,A,U.S. OWNED BUSINESS,,,,,E,NOT REQUIRED,USA,,C,NOT A MANUFACTURED END PRODUCT,,,A,FULL AND OPEN COMPETITION,MAFO,SUBJECT TO MULTIPLE AWARD FAIR OPPORTUNITY,NONE,NO SET ASIDE USED.,NONE,NO PREFERENCE USED,,NAN,FAIR,FAIR OPPORTUNITY GIVEN,,,2,D,,f,N,NO,NO,,N,NO,N,,0.00,N: NO,,N,NO,N,NO,N,NO,B,OTHER STATUTORY AUTHORITY,,,,,,,,NONE,NONE,,,,NAN,N,TRANSACTION DOES NOT USE GFE/GFP,,,X,NO,N,NO,Y,YES - SERVICE WHERE PBA IS USED.,N,NO,,,N,NO,X,NOT APPLICABLE,f,f,f,f,f,f,f,f,f,f,f,f,f,f,f,f,f,f,f,OTHER THAN SMALL BUSINESS,O,f,f,f,f,f,f,f,f,f,f,f,f,f,f,f,f,f,,f,t,f,f,f,f,f,f,f,f,f,f,t,f,f,f,f,t,f,f,f,f,f,f,f,f,f,f,f,t,f,f,f,f,f,f,f,f,f,f,f,f,f,f,f,f,f,f,f,f,,,,,,,,,,,https://www.usaspending.gov/award/CONT_AWD_HHSD2002007200320002_7523_HHSD200200720032I_7523/,,2015-08-06 00:00:00+00
7523_7523_HHSD2002007200320002_100_HHSD200200720032I_0,CONT_AWD_HHSD2002007200320002_7523_HHSD200200720032I_7523,HHSD2002007200320002,100,0,7523,CENTERS FOR DISEASE CONTROL AND PREVENTION,HHSD200200720032I,0,0.00,,,0.00,,0.00,,,,,,,2013-09-24,2013,2013-06-10,2014-12-31,2014-12-31 00:00:00,,,075,Department of Health and Human Services,7523,Centers for Disease Control and Prevention,00200,DEPT OF HHS/CENTERS FOR DISEASE CONTROL,075,Department of Health and Human Services,7523,Centers for Disease Control and Prevention,00200,DEPT OF HHS/CENTERS FOR DISEASE CONTROL,075-2019/2019-0950-000,075-0950,25.1: Advisory and assistance services,,,NOT APPLICABLE,,NAN,FG8QB99NF8K3,180011314,BATTELLE MEMORIAL INSTITUTE,BATTELLE MEMORIAL INSTITUTE,,,F125YU6SWK59,007901598,BATTELLE MEMORIAL INSTITUTE,BATTELLE MEMORIAL INSTITUTE,USA,UNITED STATES OF AMERICA,1550 CRYSTAL DR STE 601,,ARLINGTON,51013,ARLINGTON,51,VA,VIRGINIA,22202,,VA-08,6144246503,6144586503,USA,UNITED STATES OF AMERICA,ATLANTA,13089,DEKALB,13,GA,GEORGIA,303294018,GA-05,GA-05,AWARD,C,DO,,,,,,NAN,R,COST PLUS AWARD FEE,FIELD ASSESSMENT OF A COMPREHENSIVE MANUAL FOR HEPATITIS C COUNSELING AND TESTING,FIELD ASSESSMENT OF A COMPREHENSIVE MANUAL FOR HEPATITIS C COUNSELING AND TESTING,M,OTHER ADMINISTRATIVE ACTION,2006N08350,1,,,R422,SUPPORT- PROFESSIONAL: MARKET RESEARCH/PUBLIC OPINION,D,NOT A BUNDLED REQUIREMENT,,,541613,MARKETING CONSULTING SERVICES,C,NO CLAUSES INCLUDED AND NO SUSTAINABILITY INCLUDED,A,U.S. OWNED BUSINESS,,,,,E,NOT REQUIRED,USA,,C,NOT A MANUFACTURED END PRODUCT,,,A,FULL AND OPEN COMPETITION,MAFO,SUBJECT TO MULTIPLE AWARD FAIR OPPORTUNITY,NONE,NO SET ASIDE USED.,NONE,NO PREFERENCE USED,,NAN,FAIR,FAIR OPPORTUNITY GIVEN,,,2,D,,f,N,NO,NO,,N,NO,N,,0.00,N: NO,,N,NO,N,NO,N,NO,B,OTHER STATUTORY AUTHORITY,,,,,,,,NONE,NONE,,,,NAN,N,TRANSACTION DOES NOT USE GFE/GFP,,,X,NO,N,NO,Y,YES - SERVICE WHERE PBA IS USED.,N,NO,,,N,NO,X,NOT APPLICABLE,f,f,f,f,f,f,f,f,f,f,f,f,f,f,f,f,f,f,f,OTHER THAN SMALL BUSINESS,O,f,f,f,f,f,f,f,f,f,f,f,f,f,f,f,f,f,,f,t,f,f,f,f,f,f,f,f,f,f,t,f,f,f,f,t,f,f,f,f,f,f,f,f,f,f,f,t,f,f,f,f,f,f,f,f,f,f,f,f,f,f,f,f,f,f,f,f,,,,,,,,,,,https://www.usaspending.gov/award/CONT_AWD_HHSD2002007200320002_7523_HHSD200200720032I_7523/,,2015-08-07 00:00:00+00
7523_7523_HHSD2002007200320002_101_HHSD200200720032I_0,CONT_AWD_HHSD2002007200320002_7523_HHSD200200720032I_7523,HHSD2002007200320002,101,0,7523,CENTERS FOR DISEASE CONTROL AND PREVENTION,HHSD200200720032I,0,-653.07,390297.93,,0.00,390951.00,0.00,1172853.00,,,,,,2019-08-05,2019,2019-06-20,2015-03-31,2015-03-31 00:00:00,,,075,Department of Health and Human Services,7523,Centers for Disease Control and Prevention,75D301,CDC OFFICE OF ACQUISITION SERVICES,075,Department of Health and Human Services,7523,Centers for Disease Control and Prevention,75D301,CDC OFFICE OF ACQUISITION SERVICES,075-2019/2019-0950-000,075-0950,25.1: Advisory and assistance services,,X,NOT APPLICABLE,,,FG8QB99NF8K3,180011314,BATTELLE MEMORIAL INSTITUTE,BATTELLE MEMORIAL INSTITUTE,,0BBF1,F125YU6SWK59,007901598,BATTELLE MEMORIAL INSTITUTE,BATTELLE MEMORIAL INSTITUTE INC,USA,UNITED STATES,1550 CRYSTAL DR STE 601,,ARLINGTON,51013,ARLINGTON,51,VA,VIRGINIA,222024138,VA-08,VA-08,6144246503,6144586503,USA,UNITED STATES,ATLANTA,13089,DEKALB,13,GA,GEORGIA,303294018,GA-05,GA-05,AWARD,C,DELIVERY ORDER,,,,,,,R,COST PLUS AWARD FEE,FIELD ASSESSMENT OF A COMPREHENSIVE MANUAL FOR HEPATITIS C COUNSELING AND TESTING,FIELD ASSESSMENT OF A COMPREHENSIVE MANUAL FOR HEPATITIS C COUNSELING AND TESTING,M,OTHER ADMINISTRATIVE ACTION,2006N08350,1,,,R422,SUPPORT- PROFESSIONAL: MARKET RESEARCH/PUBLIC OPINION,D,NOT A BUNDLED REQUIREMENT,,,541613,MARKETING CONSULTING SERVICES,C,NO CLAUSES INCLUDED AND NO SUSTAINABILITY INCLUDED,A,U.S. OWNED BUSINESS,,,,,E,NOT REQUIRED,USA,UNITED STATES,C,NOT A MANUFACTURED END PRODUCT,,,A,FULL AND OPEN COMPETITION,MAFO,SUBJECT TO MULTIPLE AWARD FAIR OPPORTUNITY,,,NONE,NO PREFERENCE USED,,,FAIR,FAIR OPPORTUNITY GIVEN,,,2,D,COMMERCIAL ITEM PROCEDURES NOT USED,f,N,NO,N,NO,N,NO,N,NO,0.00,N,NO,N,NO,N,NO,N,NO,B,OTHER STATUTORY AUTHORITY,FALSE,,B,IDC,M,MULTIPLE AWARD,,NONE,NONE,,,,,N,TRANSACTION DOES NOT USE GFE/GFP,,,X,NO,N,NO,Y,YES - SERVICE WHERE PBA IS USED.,N,NO,,,N,NO,X,NOT APPLICABLE,f,f,f,f,f,f,f,f,f,f,f,f,f,f,f,f,f,f,f,OTHER THAN SMALL BUSINESS,O,f,f,f,f,f,f,f,f,f,f,f,f,f,f,f,f,f,CORPORATE TAX EXEMPT,f,t,f,f,f,f,f,f,f,f,f,f,t,f,f,f,f,t,f,f,f,f,f,f,f,f,f,f,f,t,f,f,f,f,f,f,f,f,f,f,f,f,f,f,f,f,f,f,f,f,,,,,,,,,,,https://www.usaspending.gov/award/CONT_AWD_HHSD2002007200320002_7523_HHSD200200720032I_7523/,2019-08-05 17:00:18+00,2019-08-05 17:00:34+00
7523_7523_HHSD2002007200320002_1_HHSD200200720032I_0,CONT_AWD_HHSD2002007200320002_7523_HHSD200200720032I_7523,HHSD2002007200320002,1,0,7523,CENTERS FOR DISEASE CONTROL AND PREVENTION,HHSD200200720032I,0,0.00,,,0.00,,390951.00,,,,,,,2011-10-05,2012,2011-10-05,2014-12-31,2014-12-31 00:00:00,,,075,Department of Health and Human Services,7523,Centers for Disease Control and Prevention,00200,DEPT OF HHS/CENTERS FOR DISEASE CONTROL,075,Department of Health and Human Services,7523,Centers for Disease Control and Prevention,00200,DEPT OF HHS/CENTERS FOR DISEASE CONTROL,075-2019/2019-0950-000,075-0950,25.1: Advisory and assistance services,,,NOT APPLICABLE,,NAN,FG8QB99NF8K3,180011314,BATTELLE MEMORIAL INSTITUTE,BATTELLE MEMORIAL INSTITUTE,,,F125YU6SWK59,007901598,BATTELLE MEMORIAL INSTITUTE,BATTELLE MEMORIAL INSTITUTE,USA,UNITED STATES OF AMERICA,1550 CRYSTAL DR STE 601,,ARLINGTON,51013,ARLINGTON,51,VA,VIRGINIA,22202,,VA-08,6144246503,6144586503,USA,UNITED STATES OF AMERICA,ATLANTA,13089,DEKALB,13,GA,GEORGIA,303294018,GA-05,GA-05,AWARD,C,DO,,,,,,NAN,R,COST PLUS AWARD FEE,FIELD ASSESSMENT OF A COMPREHENSIVE MANUAL FOR HEPATITIS C COUNSELING AND TESTING,FIELD ASSESSMENT OF A COMPREHENSIVE MANUAL FOR HEPATITIS C COUNSELING AND TESTING,M,OTHER ADMINISTRATIVE ACTION,2006N08350,1,,,R422,SUPPORT- PROFESSIONAL: MARKET RESEARCH/PUBLIC OPINION,D,NOT A BUNDLED REQUIREMENT,,,541613,MARKETING CONSULTING SERVICES,C,NO CLAUSES INCLUDED AND NO SUSTAINABILITY INCLUDED,A,U.S. OWNED BUSINESS,,,,,E,NOT REQUIRED,USA,,C,NOT A MANUFACTURED END PRODUCT,,,A,FULL AND OPEN COMPETITION,MAFO,SUBJECT TO MULTIPLE AWARD FAIR OPPORTUNITY,NONE,NO SET ASIDE USED.,NONE,NO PREFERENCE USED,,NAN,FAIR,FAIR OPPORTUNITY GIVEN,,,2,D,,f,N,NO,NO,,N,NO,N,,0.00,N: NO,,N,NO,N,NO,N,NO,X,NOT APPLICABLE,,,,,,,,NONE,NONE,,,,NAN,N,TRANSACTION DOES NOT USE GFE/GFP,,,X,NO,N,NO,Y,YES - SERVICE WHERE PBA IS USED.,N,NO,,,N,NO,X,NOT APPLICABLE,f,f,f,f,f,f,f,f,f,f,f,f,f,f,f,f,f,f,f,OTHER THAN SMALL BUSINESS,O,f,f,f,f,f,f,f,f,f,f,f,f,f,f,f,f,f,,f,t,f,f,f,f,f,f,f,f,f,f,t,f,f,f,f,t,f,f,f,f,f,f,f,f,f,f,f,t,f,f,f,f,f,f,f,f,f,f,f,f,f,f,f,f,f,f,f,f,,,,,,,,,,,https://www.usaspending.gov/award/CONT_AWD_HHSD2002007200320002_7523_HHSD200200720032I_7523/,,2015-08-06 00:00:00+00
7523_7523_HHSD2002007200320002_3_HHSD200200720032I_0,CONT_AWD_HHSD2002007200320002_7523_HHSD200200720032I_7523,HHSD2002007200320002,3,0,7523,CENTERS FOR DISEASE CONTROL AND PREVENTION,HHSD200200720032I,0,0.00,,,0.00,,0.00,,,,,,,2013-10-18,2014,2013-09-25,2014-12-31,2014-12-31 00:00:00,,,075,Department of Health and Human Services,7523,Centers for Disease Control and Prevention,00200,DEPT OF HHS/CENTERS FOR DISEASE CONTROL,075,Department of Health and Human Services,7523,Centers for Disease Control and Prevention,00200,DEPT OF HHS/CENTERS FOR DISEASE CONTROL,075-2019/2019-0950-000,075-0950,25.1: Advisory and assistance services,,,NOT APPLICABLE,,NAN,FG8QB99NF8K3,180011314,BATTELLE MEMORIAL INSTITUTE,BATTELLE MEMORIAL INSTITUTE,,,F125YU6SWK59,007901598,BATTELLE MEMORIAL INSTITUTE,BATTELLE MEMORIAL INSTITUTE,USA,UNITED STATES OF AMERICA,1550 CRYSTAL DR STE 601,,ARLINGTON,51013,ARLINGTON,51,VA,VIRGINIA,22202,,VA-08,6144246503,6144586503,USA,UNITED STATES OF AMERICA,ATLANTA,13089,DEKALB,13,GA,GEORGIA,303294018,GA-05,GA-05,AWARD,C,DO,,,,,,NAN,R,COST PLUS AWARD FEE,FIELD ASSESSMENT OF A COMPREHENSIVE MANUAL FOR HEPATITIS C COUNSELING AND TESTING,FIELD ASSESSMENT OF A COMPREHENSIVE MANUAL FOR HEPATITIS C COUNSELING AND TESTING,M,OTHER ADMINISTRATIVE ACTION,2006N08350,1,,,R422,SUPPORT- PROFESSIONAL: MARKET RESEARCH/PUBLIC OPINION,D,NOT A BUNDLED REQUIREMENT,,,541613,MARKETING CONSULTING SERVICES,C,NO CLAUSES INCLUDED AND NO SUSTAINABILITY INCLUDED,A,U.S. OWNED BUSINESS,,,,,E,NOT REQUIRED,USA,,C,NOT A MANUFACTURED END PRODUCT,,,A,FULL AND OPEN COMPETITION,MAFO,SUBJECT TO MULTIPLE AWARD FAIR OPPORTUNITY,NONE,NO SET ASIDE USED.,NONE,NO PREFERENCE USED,,NAN,FAIR,FAIR OPPORTUNITY GIVEN,,,2,D,,f,N,NO,NO,,N,NO,N,,0.00,N: NO,,N,NO,N,NO,N,NO,B,OTHER STATUTORY AUTHORITY,,,,,,,,NONE,NONE,,,,NAN,N,TRANSACTION DOES NOT USE GFE/GFP,,,X,NO,N,NO,Y,YES - SERVICE WHERE PBA IS USED.,N,NO,,,N,NO,X,NOT APPLICABLE,f,f,f,f,f,f,f,f,f,f,f,f,f,f,f,f,f,f,f,OTHER THAN SMALL BUSINESS,O,f,f,f,f,f,f,f,f,f,f,f,f,f,f,f,f,f,,f,t,f,f,f,f,f,f,f,f,f,f,t,f,f,f,f,t,f,f,f,f,f,f,f,f,f,f,f,t,f,f,f,f,f,f,f,f,f,f,f,f,f,f,f,f,f,f,f,f,,,,,,,,,,,https://www.usaspending.gov/award/CONT_AWD_HHSD2002007200320002_7523_HHSD200200720032I_7523/,,2015-08-07 00:00:00+00
7523_7523_HHSD2002007200320002_4_HHSD200200720032I_0,CONT_AWD_HHSD2002007200320002_7523_HHSD200200720032I_7523,HHSD2002007200320002,4,0,7523,CENTERS FOR DISEASE CONTROL AND PREVENTION,HHSD200200720032I,0,0.00,,,0.00,,0.00,,,,,,,2014-12-31,2015,2014-12-31,2015-03-31,2015-03-31 00:00:00,,,075,Department of Health and Human Services,7523,Centers for Disease Control and Prevention,00200,DEPT OF HHS/CENTERS FOR DISEASE CONTROL,075,Department of Health and Human Services,7523,Centers for Disease Control and Prevention,00200,DEPT OF HHS/CENTERS FOR DISEASE CONTROL,075-2019/2019-0950-000,075-0950,25.1: Advisory and assistance services,,,NOT APPLICABLE,,NAN,FG8QB99NF8K3,180011314,BATTELLE MEMORIAL INSTITUTE,BATTELLE MEMORIAL INSTITUTE,,,F125YU6SWK59,007901598,BATTELLE MEMORIAL INSTITUTE,BATTELLE MEMORIAL INSTITUTE,USA,UNITED STATES OF AMERICA,1550 CRYSTAL DR STE 601,,ARLINGTON,51013,ARLINGTON,51,VA,VIRGINIA,22202,,VA-08,6144246503,6144586503,USA,UNITED STATES OF AMERICA,ATLANTA,13089,DEKALB,13,GA,GEORGIA,303294018,GA-05,GA-05,AWARD,C,DO,,,,,,NAN,R,COST PLUS AWARD FEE,FIELD ASSESSMENT OF A COMPREHENSIVE MANUAL FOR HEPATITIS C COUNSELING AND TESTING,FIELD ASSESSMENT OF A COMPREHENSIVE MANUAL FOR HEPATITIS C COUNSELING AND TESTING,B,SUPPLEMENTAL AGREEMENT FOR WORK WITHIN SCOPE,2006N08350,1,,,R422,SUPPORT- PROFESSIONAL: MARKET RESEARCH/PUBLIC OPINION,D,NOT A BUNDLED REQUIREMENT,,,541613,MARKETING CONSULTING SERVICES,C,NO CLAUSES INCLUDED AND NO SUSTAINABILITY INCLUDED,A,U.S. OWNED BUSINESS,,,,,E,NOT REQUIRED,USA,,C,NOT A MANUFACTURED END PRODUCT,,,A,FULL AND OPEN COMPETITION,MAFO,SUBJECT TO MULTIPLE AWARD FAIR OPPORTUNITY,NONE,NO SET ASIDE USED.,NONE,NO PREFERENCE USED,,NAN,FAIR,FAIR OPPORTUNITY GIVEN,,,2,D,,f,N,NO,NO,,N,NO,N,,0.00,N: NO,,N,NO,N,NO,N,NO,B,OTHER STATUTORY AUTHORITY,,,,,,,,NONE,NONE,,,,NAN,N,TRANSACTION DOES NOT USE GFE/GFP,,,X,NO,N,NO,Y,YES - SERVICE WHERE PBA IS USED.,N,NO,,,N,NO,X,NOT APPLICABLE,f,f,f,f,f,f,f,f,f,f,f,f,f,f,f,f,f,f,f,OTHER THAN SMALL BUSINESS,O,f,f,f,f,f,f,f,f,f,f,f,f,f,f,f,f,f,,f,t,f,f,f,f,f,f,f,f,f,f,t,f,f,f,f,t,f,f,f,f,f,f,f,f,f,f,f,t,f,f,f,f,f,f,f,f,f,f,f,f,f,f,f,f,f,f,f,f,,,,,,,,,,,https://www.usaspending.gov/award/CONT_AWD_HHSD2002007200320002_7523_HHSD200200720032I_7523/,,2015-08-07 00:00:00+00
7523_7523_HHSD2002007200320002_99_HHSD200200720032I_0,CONT_AWD_HHSD2002007200320002_7523_HHSD200200720032I_7523,HHSD2002007200320002,99,0,7523,CENTERS FOR DISEASE CONTROL AND PREVENTION,HHSD200200720032I,0,0.00,,,0.00,,390951.00,,,,,,,2012-02-01,2012,2012-02-01,2014-12-31,2014-12-31 00:00:00,,,075,Department of Health and Human Services,7523,Centers for Disease Control and Prevention,00200,DEPT OF HHS/CENTERS FOR DISEASE CONTROL,075,Department of Health and Human Services,7523,Centers for Disease Control and Prevention,00200,DEPT OF HHS/CENTERS FOR DISEASE CONTROL,075-2019/2019-0950-000,075-0950,25.1: Advisory and assistance services,,,NOT APPLICABLE,,NAN,FG8QB99NF8K3,180011314,BATTELLE MEMORIAL INSTITUTE,BATTELLE MEMORIAL INSTITUTE,,,F125YU6SWK59,007901598,BATTELLE MEMORIAL INSTITUTE,BATTELLE MEMORIAL INSTITUTE,USA,UNITED STATES OF AMERICA,1550 CRYSTAL DR STE 601,,ARLINGTON,51013,ARLINGTON,51,VA,VIRGINIA,22202,,VA-08,6144246503,6144586503,USA,UNITED STATES OF AMERICA,ATLANTA,13089,DEKALB,13,GA,GEORGIA,303294018,GA-05,GA-05,AWARD,C,DO,,,,,,NAN,R,COST PLUS AWARD FEE,FIELD ASSESSMENT OF A COMPREHENSIVE MANUAL FOR HEPATITIS C COUNSELING AND TESTING,FIELD ASSESSMENT OF A COMPREHENSIVE MANUAL FOR HEPATITIS C COUNSELING AND TESTING,M,OTHER ADMINISTRATIVE ACTION,2006N08350,1,,,R422,SUPPORT- PROFESSIONAL: MARKET RESEARCH/PUBLIC OPINION,D,NOT A BUNDLED REQUIREMENT,,,541613,MARKETING CONSULTING SERVICES,C,NO CLAUSES INCLUDED AND NO SUSTAINABILITY INCLUDED,A,U.S. OWNED BUSINESS,,,,,E,NOT REQUIRED,USA,,C,NOT A MANUFACTURED END PRODUCT,,,A,FULL AND OPEN COMPETITION,MAFO,SUBJECT TO MULTIPLE AWARD FAIR OPPORTUNITY,NONE,NO SET ASIDE USED.,NONE,NO PREFERENCE USED,,NAN,FAIR,FAIR OPPORTUNITY GIVEN,,,2,D,,f,N,NO,NO,,N,NO,N,,0.00,N: NO,,N,NO,N,NO,N,NO,X,NOT APPLICABLE,,,,,,,,NONE,NONE,,,,NAN,N,TRANSACTION DOES NOT USE GFE/GFP,,,X,NO,N,NO,Y,YES - SERVICE WHERE PBA IS USED.,N,NO,,,N,NO,X,NOT APPLICABLE,f,f,f,f,f,f,f,f,f,f,f,f,f,f,f,f,f,f,f,OTHER THAN SMALL BUSINESS,O,f,f,f,f,f,f,f,f,f,f,f,f,f,f,f,f,f,,f,t,f,f,f,f,f,f,f,f,f,f,t,f,f,f,f,t,f,f,f,f,f,f,f,f,f,f,f,t,f,f,f,f,f,f,f,f,f,f,f,f,f,f,f,f,f,f,f,f,,,,,,,,,,,https://www.usaspending.gov/award/CONT_AWD_HHSD2002007200320002_7523_HHSD200200720032I_7523/,,2015-08-06 00:00:00+00
7523_7523_HHSD2002007200320003_0_HHSD200200720032I_0,CONT_AWD_HHSD2002007200320003_7523_HHSD200200720032I_7523,HHSD2002007200320003,0,0,7523,CENTERS FOR DISEASE CONTROL AND PREVENTION,HHSD200200720032I,0,1818651.00,1818651.00,,1818651.00,1818651.00,1818651.00,5455953.00,,,,,,2012-07-20,2012,2012-07-20,2015-03-17,2015-03-17 00:00:00,,,075,Department of Health and Human Services,7523,Centers for Disease Control and Prevention,00200,DEPT OF HHS/CENTERS FOR DISEASE CONTROL,075,Department of Health and Human Services,7523,Centers for Disease Control and Prevention,00200,DEPT OF HHS/CENTERS FOR DISEASE CONTROL,075-2012/2012-0948-000;075-2019/2019-0948-000,075-0948,25.1: Advisory and assistance services,,X,NOT APPLICABLE,,,FG8QB99NF8K3,180011314,BATTELLE MEMORIAL INSTITUTE,BATTELLE MEMORIAL INSTITUTE,,,F125YU6SWK59,007901598,BATTELLE MEMORIAL INSTITUTE,BATTELLE MEMORIAL INSTITUTE INC,USA,UNITED STATES,1550 CRYSTAL DR STE 601,,ARLINGTON,51013,ARLINGTON,51,VA,VIRGINIA,222024138,VA-08,VA-08,6144246503,6144586503,USA,UNITED STATES,ATLANTA,13089,DEKALB,13,GA,GEORGIA,303294018,GA-05,GA-05,AWARD,C,DELIVERY ORDER,,,,,,,R,COST PLUS AWARD FEE,EVALUATION OF PAID SOCIAL MEDIA AND MASS MEDIA GYNECOLOGIC CANCER CAMPAIGNS,EVALUATION OF PAID SOCIAL MEDIA AND MASS MEDIA GYNECOLOGIC CANCER CAMPAIGNS,,,2006N08350,1,,,R422,SUPPORT- PROFESSIONAL: MARKET RESEARCH/PUBLIC OPINION,D,NOT A BUNDLED REQUIREMENT,,,541613,MARKETING CONSULTING SERVICES,C,NO CLAUSES INCLUDED AND NO SUSTAINABILITY INCLUDED,A,U.S. OWNED BUSINESS,,,,,E,NOT REQUIRED,USA,UNITED STATES,C,NOT A MANUFACTURED END PRODUCT,,,A,FULL AND OPEN COMPETITION,MAFO,SUBJECT TO MULTIPLE AWARD FAIR OPPORTUNITY,NONE,NO SET ASIDE USED.,NONE,NO PREFERENCE USED,,,FAIR,FAIR OPPORTUNITY GIVEN,,,3,D,COMMERCIAL ITEM PROCEDURES NOT USED,f,N,NO,N,NO,N,NO,N,NO,,N,NO,N,NO,N,NO,N,NO,X,NOT APPLICABLE,,,B,IDC,M,MULTIPLE AWARD,,NONE,NONE,,,,,N,TRANSACTION DOES NOT USE GFE/GFP,,,X,NO,N,NO,Y,YES - SERVICE WHERE PBA IS USED.,N,NO,,,N,NO,X,NOT APPLICABLE,f,f,f,f,f,f,f,f,f,f,f,f,f,f,f,f,f,f,f,OTHER THAN SMALL BUSINESS,O,f,f,f,f,f,f,f,f,f,f,f,f,f,f,f,f,f,CORPORATE TAX EXEMPT,f,t,f,f,f,f,f,f,f,f,f,f,t,f,f,f,f,t,f,f,f,f,f,f,f,f,f,f,f,t,f,f,f,f,f,f,f,f,f,f,f,f,f,f,f,f,f,f,f,f,,,,,,,,,,,https://www.usaspending.gov/award/CONT_AWD_HHSD2002007200320003_7523_HHSD200200720032I_7523/,2012-07-21 03:13:57+00,2019-08-05 17:30:14+00
7523_7523_HHSD2002007200320003_1_HHSD200200720032I_0,CONT_AWD_HHSD2002007200320003_7523_HHSD200200720032I_7523,HHSD2002007200320003,1,0,7523,CENTERS FOR DISEASE CONTROL AND PREVENTION,HHSD200200720032I,0,0.00,,,0.00,,1818651.00,,,,,,,2012-09-21,2012,2012-09-21,2015-03-17,2015-03-17 00:00:00,,,075,Department of Health and Human Services,7523,Centers for Disease Control and Prevention,00200,DEPT OF HHS/CENTERS FOR DISEASE CONTROL,075,Department of Health and Human Services,7523,Centers for Disease Control and Prevention,00200,DEPT OF HHS/CENTERS FOR DISEASE CONTROL,075-2012/2012-0948-000;075-2019/2019-0948-000,075-0948,25.1: Advisory and assistance services,,,NOT APPLICABLE,,NAN,FG8QB99NF8K3,180011314,BATTELLE MEMORIAL INSTITUTE,BATTELLE MEMORIAL INSTITUTE,,,F125YU6SWK59,007901598,BATTELLE MEMORIAL INSTITUTE,BATTELLE MEMORIAL INSTITUTE,USA,UNITED STATES OF AMERICA,1550 CRYSTAL DR STE 601,,ARLINGTON,51013,ARLINGTON,51,VA,VIRGINIA,22202,,VA-08,6144246503,6144586503,USA,UNITED STATES OF AMERICA,ATLANTA,13089,DEKALB,13,GA,GEORGIA,303294018,GA-05,GA-05,AWARD,C,DO,,,,,,NAN,R,COST PLUS AWARD FEE,EVALUATION OF PAID SOCIAL MEDIA AND MASS MEDIA GYNECOLOGIC CANCER CAMPAIGNS,EVALUATION OF PAID SOCIAL MEDIA AND MASS MEDIA GYNECOLOGIC CANCER CAMPAIGNS,M,OTHER ADMINISTRATIVE ACTION,2006N08350,1,,,R422,SUPPORT- PROFESSIONAL: MARKET RESEARCH/PUBLIC OPINION,D,NOT A BUNDLED REQUIREMENT,,,541613,MARKETING CONSULTING SERVICES,C,NO CLAUSES INCLUDED AND NO SUSTAINABILITY INCLUDED,A,U.S. OWNED BUSINESS,,,,,E,NOT REQUIRED,USA,,C,NOT A MANUFACTURED END PRODUCT,,,A,FULL AND OPEN COMPETITION,MAFO,SUBJECT TO MULTIPLE AWARD FAIR OPPORTUNITY,NONE,NO SET ASIDE USED.,NONE,NO PREFERENCE USED,,NAN,FAIR,FAIR OPPORTUNITY GIVEN,,,3,D,,f,N,NO,NO,,N,NO,N,,,N: NO,,N,NO,N,NO,N,NO,B,OTHER STATUTORY AUTHORITY,,,,,,,,NONE,NONE,,,,NAN,N,TRANSACTION DOES NOT USE GFE/GFP,,,X,NO,N,NO,Y,YES - SERVICE WHERE PBA IS USED.,N,NO,,,N,NO,X,NOT APPLICABLE,f,f,f,f,f,f,f,f,f,f,f,f,f,f,f,f,f,f,f,OTHER THAN SMALL BUSINESS,O,f,f,f,f,f,f,f,f,f,f,f,f,f,f,f,f,f,,f,t,f,f,f,f,f,f,f,f,f,f,t,f,f,f,f,t,f,f,f,f,f,f,f,f,f,f,f,t,f,f,f,f,f,f,f,f,f,f,f,f,f,f,f,f,f,f,f,f,,,,,,,,,,,https://www.usaspending.gov/award/CONT_AWD_HHSD2002007200320003_7523_HHSD200200720032I_7523/,,2015-08-06 00:00:00+00
7523_7523_HHSD2002007200320003_2_HHSD200200720032I_0,CONT_AWD_HHSD2002007200320003_7523_HHSD200200720032I_7523,HHSD2002007200320003,2,0,7523,CENTERS FOR DISEASE CONTROL AND PREVENTION,HHSD200200720032I,0,0.00,,,0.00,,1818651.00,,,,,,,2012-11-09,2013,2012-11-09,2015-03-17,2015-03-17 00:00:00,,,075,Department of Health and Human Services,7523,Centers for Disease Control and Prevention,00200,DEPT OF HHS/CENTERS FOR DISEASE CONTROL,075,Department of Health and Human Services,7523,Centers for Disease Control and Prevention,00200,DEPT OF HHS/CENTERS FOR DISEASE CONTROL,075-2012/2012-0948-000;075-2019/2019-0948-000,075-0948,25.1: Advisory and assistance services,,,NOT APPLICABLE,,NAN,FG8QB99NF8K3,180011314,BATTELLE MEMORIAL INSTITUTE,BATTELLE MEMORIAL INSTITUTE,,,F125YU6SWK59,007901598,BATTELLE MEMORIAL INSTITUTE,BATTELLE MEMORIAL INSTITUTE,USA,UNITED STATES OF AMERICA,1550 CRYSTAL DR STE 601,,ARLINGTON,51013,ARLINGTON,51,VA,VIRGINIA,22202,,VA-08,6144246503,6144586503,USA,UNITED STATES OF AMERICA,ATLANTA,13089,DEKALB,13,GA,GEORGIA,303294018,GA-05,GA-05,AWARD,C,DO,,,,,,NAN,R,COST PLUS AWARD FEE,EVALUATION OF PAID SOCIAL MEDIA AND MASS MEDIA GYNECOLOGIC CANCER CAMPAIGNS,EVALUATION OF PAID SOCIAL MEDIA AND MASS MEDIA GYNECOLOGIC CANCER CAMPAIGNS,M,OTHER ADMINISTRATIVE ACTION,2006N08350,1,,,R422,SUPPORT- PROFESSIONAL: MARKET RESEARCH/PUBLIC OPINION,D,NOT A BUNDLED REQUIREMENT,,,541613,MARKETING CONSULTING SERVICES,C,NO CLAUSES INCLUDED AND NO SUSTAINABILITY INCLUDED,A,U.S. OWNED BUSINESS,,,,,E,NOT REQUIRED,USA,,C,NOT A MANUFACTURED END PRODUCT,,,A,FULL AND OPEN COMPETITION,MAFO,SUBJECT TO MULTIPLE AWARD FAIR OPPORTUNITY,NONE,NO SET ASIDE USED.,NONE,NO PREFERENCE USED,,NAN,FAIR,FAIR OPPORTUNITY GIVEN,,,3,D,,f,N,NO,NO,,N,NO,N,,,N: NO,,N,NO,N,NO,N,NO,B,OTHER STATUTORY AUTHORITY,,,,,,,,NONE,NONE,,,,NAN,N,TRANSACTION DOES NOT USE GFE/GFP,,,X,NO,N,NO,Y,YES - SERVICE WHERE PBA IS USED.,N,NO,,,N,NO,X,NOT APPLICABLE,f,f,f,f,f,f,f,f,f,f,f,f,f,f,f,f,f,f,f,OTHER THAN SMALL BUSINESS,O,f,f,f,f,f,f,f,f,f,f,f,f,f,f,f,f,f,,f,t,f,f,f,f,f,f,f,f,f,f,t,f,f,f,f,t,f,f,f,f,f,f,f,f,f,f,f,t,f,f,f,f,f,f,f,f,f,f,f,f,f,f,f,f,f,f,f,f,,,,,,,,,,,https://www.usaspending.gov/award/CONT_AWD_HHSD2002007200320003_7523_HHSD200200720032I_7523/,,2015-08-07 00:00:00+00
7523_7523_HHSD2002007200320003_3_HHSD200200720032I_0,CONT_AWD_HHSD2002007200320003_7523_HHSD200200720032I_7523,HHSD2002007200320003,3,0,7523,CENTERS FOR DISEASE CONTROL AND PREVENTION,HHSD200200720032I,0,0.00,,,0.00,,0.00,,,,,,,2013-02-13,2013,2013-02-13,2015-03-17,2015-03-17 00:00:00,,,075,Department of Health and Human Services,7523,Centers for Disease Control and Prevention,00200,DEPT OF HHS/CENTERS FOR DISEASE CONTROL,075,Department of Health and Human Services,7523,Centers for Disease Control and Prevention,00200,DEPT OF HHS/CENTERS FOR DISEASE CONTROL,075-2012/2012-0948-000;075-2019/2019-0948-000,075-0948,25.1: Advisory and assistance services,,,NOT APPLICABLE,,NAN,FG8QB99NF8K3,180011314,BATTELLE MEMORIAL INSTITUTE,BATTELLE MEMORIAL INSTITUTE,,,F125YU6SWK59,007901598,BATTELLE MEMORIAL INSTITUTE,BATTELLE MEMORIAL INSTITUTE,USA,UNITED STATES OF AMERICA,1550 CRYSTAL DR STE 601,,ARLINGTON,51013,ARLINGTON,51,VA,VIRGINIA,22202,,VA-08,6144246503,6144586503,USA,UNITED STATES OF AMERICA,ATLANTA,13089,DEKALB,13,GA,GEORGIA,303294018,GA-05,GA-05,AWARD,C,DO,,,,,,NAN,R,COST PLUS AWARD FEE,EVALUATION OF PAID SOCIAL MEDIA AND MASS MEDIA GYNECOLOGIC CANCER CAMPAIGNS IGF::OT::IGF,EVALUATION OF PAID SOCIAL MEDIA AND MASS MEDIA GYNECOLOGIC CANCER CAMPAIGNS,M,OTHER ADMINISTRATIVE ACTION,2006N08350,1,,,R422,SUPPORT- PROFESSIONAL: MARKET RESEARCH/PUBLIC OPINION,D,NOT A BUNDLED REQUIREMENT,,,541613,MARKETING CONSULTING SERVICES,C,NO CLAUSES INCLUDED AND NO SUSTAINABILITY INCLUDED,A,U.S. OWNED BUSINESS,,,,,E,NOT REQUIRED,USA,,C,NOT A MANUFACTURED END PRODUCT,,,A,FULL AND OPEN COMPETITION,MAFO,SUBJECT TO MULTIPLE AWARD FAIR OPPORTUNITY,NONE,NO SET ASIDE USED.,NONE,NO PREFERENCE USED,,NAN,FAIR,FAIR OPPORTUNITY GIVEN,,,3,D,,f,N,NO,NO,,N,NO,N,,,N: NO,,N,NO,N,NO,N,NO,B,OTHER STATUTORY AUTHORITY,,,,,,,,NONE,NONE,,,,NAN,N,TRANSACTION DOES NOT USE GFE/GFP,,,X,NO,N,NO,Y,YES - SERVICE WHERE PBA IS USED.,N,NO,,,N,NO,X,NOT APPLICABLE,f,f,f,f,f,f,f,f,f,f,f,f,f,f,f,f,f,f,f,OTHER THAN SMALL BUSINESS,O,f,f,f,f,f,f,f,f,f,f,f,f,f,f,f,f,f,,f,t,f,f,f,f,f,f,f,f,f,f,t,f,f,f,f,t,f,f,f,f,f,f,f,f,f,f,f,t,f,f,f,f,f,f,f,f,f,f,f,f,f,f,f,f,f,f,f,f,,,,,,,,,,,https://www.usaspending.gov/award/CONT_AWD_HHSD2002007200320003_7523_HHSD200200720032I_7523/,,2015-08-07 00:00:00+00
7523_7523_HHSD2002007200320003_4_HHSD200200720032I_0,CONT_AWD_HHSD2002007200320003_7523_HHSD200200720032I_7523,HHSD2002007200320003,4,0,7523,CENTERS FOR DISEASE CONTROL AND PREVENTION,HHSD200200720032I,0,0.00,,,0.00,,0.00,,,,,,,2014-07-18,2014,2014-07-18,2015-03-17,2015-03-17 00:00:00,,,075,Department of Health and Human Services,7523,Centers for Disease Control and Prevention,00200,DEPT OF HHS/CENTERS FOR DISEASE CONTROL,075,Department of Health and Human Services,7523,Centers for Disease Control and Prevention,00200,DEPT OF HHS/CENTERS FOR DISEASE CONTROL,075-2012/2012-0948-000;075-2019/2019-0948-000,075-0948,25.1: Advisory and assistance services,,,NOT APPLICABLE,,NAN,FG8QB99NF8K3,180011314,BATTELLE MEMORIAL INSTITUTE,BATTELLE MEMORIAL INSTITUTE,,,F125YU6SWK59,007901598,BATTELLE MEMORIAL INSTITUTE,BATTELLE MEMORIAL INSTITUTE,USA,UNITED STATES OF AMERICA,1550 CRYSTAL DR STE 601,,ARLINGTON,51013,ARLINGTON,51,VA,VIRGINIA,22202,,VA-08,6144246503,6144586503,USA,UNITED STATES OF AMERICA,ATLANTA,13089,DEKALB,13,GA,GEORGIA,303294018,GA-05,GA-05,AWARD,C,DO,,,,,,NAN,R,COST PLUS AWARD FEE,EVALUATION OF PAID SOCIAL MEDIA AND MASS MEDIA GYNECOLOGIC CANCER CAMPAIGNS IGF::OT::IGF,EVALUATION OF PAID SOCIAL MEDIA AND MASS MEDIA GYNECOLOGIC CANCER CAMPAIGNS,M,OTHER ADMINISTRATIVE ACTION,2006N08350,1,,,R422,SUPPORT- PROFESSIONAL: MARKET RESEARCH/PUBLIC OPINION,D,NOT A BUNDLED REQUIREMENT,,,541613,MARKETING CONSULTING SERVICES,C,NO CLAUSES INCLUDED AND NO SUSTAINABILITY INCLUDED,A,U.S. OWNED BUSINESS,,,,,E,NOT REQUIRED,USA,,C,NOT A MANUFACTURED END PRODUCT,,,A,FULL AND OPEN COMPETITION,MAFO,SUBJECT TO MULTIPLE AWARD FAIR OPPORTUNITY,NONE,NO SET ASIDE USED.,NONE,NO PREFERENCE USED,,NAN,FAIR,FAIR OPPORTUNITY GIVEN,,,3,D,,f,N,NO,NO,,N,NO,N,,,N: NO,,N,NO,N,NO,N,NO,B,OTHER STATUTORY AUTHORITY,,,,,,,,NONE,NONE,,,,NAN,N,TRANSACTION DOES NOT USE GFE/GFP,,,X,NO,N,NO,Y,YES - SERVICE WHERE PBA IS USED.,N,NO,,,N,NO,X,NOT APPLICABLE,f,f,f,f,f,f,f,f,f,f,f,f,f,f,f,f,f,f,f,OTHER THAN SMALL BUSINESS,O,f,f,f,f,f,f,f,f,f,f,f,f,f,f,f,f,f,,f,t,f,f,f,f,f,f,f,f,f,f,t,f,f,f,f,t,f,f,f,f,f,f,f,f,f,f,f,t,f,f,f,f,f,f,f,f,f,f,f,f,f,f,f,f,f,f,f,f,,,,,,,,,,,https://www.usaspending.gov/award/CONT_AWD_HHSD2002007200320003_7523_HHSD200200720032I_7523/,,2015-08-07 00:00:00+00
7523_7523_HHSD2002007200320003_5_HHSD200200720032I_0,CONT_AWD_HHSD2002007200320003_7523_HHSD200200720032I_7523,HHSD2002007200320003,5,0,7523,CENTERS FOR DISEASE CONTROL AND PREVENTION,HHSD200200720032I,0,0.00,,,0.00,,0.00,,,,,,,2015-03-20,2015,2015-03-17,2016-02-28,2016-02-28 00:00:00,,,075,Department of Health and Human Services,7523,Centers for Disease Control and Prevention,00200,DEPT OF HHS/CENTERS FOR DISEASE CONTROL,075,Department of Health and Human Services,7523,Centers for Disease Control and Prevention,00200,DEPT OF HHS/CENTERS FOR DISEASE CONTROL,075-2012/2012-0948-000;075-2019/2019-0948-000,075-0948,25.1: Advisory and assistance services,,,NOT APPLICABLE,,NAN,FG8QB99NF8K3,180011314,BATTELLE MEMORIAL INSTITUTE,BATTELLE MEMORIAL INSTITUTE,,,F125YU6SWK59,007901598,BATTELLE MEMORIAL INSTITUTE,BATTELLE MEMORIAL INSTITUTE,USA,UNITED STATES OF AMERICA,1550 CRYSTAL DR STE 601,,ARLINGTON,51013,ARLINGTON,51,VA,VIRGINIA,22202,,VA-08,6144246503,6144586503,USA,UNITED STATES OF AMERICA,ATLANTA,13089,DEKALB,13,GA,GEORGIA,303294018,GA-05,GA-05,AWARD,C,DO,,,,,,NAN,R,COST PLUS AWARD FEE,EVALUATION OF PAID SOCIAL MEDIA AND MASS MEDIA GYNECOLOGIC CANCER CAMPAIGNS IGF::OT::IGF,EVALUATION OF PAID SOCIAL MEDIA AND MASS MEDIA GYNECOLOGIC CANCER CAMPAIGNS,B,SUPPLEMENTAL AGREEMENT FOR WORK WITHIN SCOPE,2006N08350,1,,,R422,SUPPORT- PROFESSIONAL: MARKET RESEARCH/PUBLIC OPINION,D,NOT A BUNDLED REQUIREMENT,,,541613,MARKETING CONSULTING SERVICES,C,NO CLAUSES INCLUDED AND NO SUSTAINABILITY INCLUDED,A,U.S. OWNED BUSINESS,,,,,E,NOT REQUIRED,USA,,C,NOT A MANUFACTURED END PRODUCT,,,A,FULL AND OPEN COMPETITION,MAFO,SUBJECT TO MULTIPLE AWARD FAIR OPPORTUNITY,NONE,NO SET ASIDE USED.,NONE,NO PREFERENCE USED,,NAN,FAIR,FAIR OPPORTUNITY GIVEN,,,3,D,,f,N,NO,NO,,N,NO,N,,,N: NO,,N,NO,N,NO,N,NO,B,OTHER STATUTORY AUTHORITY,,,,,,,,NONE,NONE,,,,NAN,N,TRANSACTION DOES NOT USE GFE/GFP,,,X,NO,N,NO,Y,YES - SERVICE WHERE PBA IS USED.,N,NO,,,N,NO,X,NOT APPLICABLE,f,f,f,f,f,f,f,f,f,f,f,f,f,f,f,f,f,f,f,OTHER THAN SMALL BUSINESS,O,f,f,f,f,f,f,f,f,f,f,f,f,f,f,f,f,f,,f,t,f,f,f,f,f,f,f,f,f,f,t,f,f,f,f,t,f,f,f,f,f,f,f,f,f,f,f,t,f,f,f,f,f,f,f,f,f,f,f,f,f,f,f,f,f,f,f,f,,,,,,,,,,,https://www.usaspending.gov/award/CONT_AWD_HHSD2002007200320003_7523_HHSD200200720032I_7523/,,2015-08-07 00:00:00+00
7523_7523_HHSD2002007200320003_6_HHSD200200720032I_0,CONT_AWD_HHSD2002007200320003_7523_HHSD200200720032I_7523,HHSD2002007200320003,6,0,7523,CENTERS FOR DISEASE CONTROL AND PREVENTION,HHSD200200720032I,0,0.00,1818651.00,,0.00,1818651.00,0.00,5455953.00,,,,,,2019-06-21,2019,2019-06-19,2016-02-28,2016-02-28 00:00:00,,,075,Department of Health and Human Services,7523,Centers for Disease Control and Prevention,75D301,CDC OFFICE OF ACQUISITION SERVICES,075,Department of Health and Human Services,7523,Centers for Disease Control and Prevention,75D301,CDC OFFICE OF ACQUISITION SERVICES,075-2012/2012-0948-000;075-2019/2019-0948-000,075-0948,25.1: Advisory and assistance services,,X,NOT APPLICABLE,,,FG8QB99NF8K3,180011314,BATTELLE MEMORIAL INSTITUTE,BATTELLE MEMORIAL INSTITUTE,,0BBF1,F125YU6SWK59,007901598,BATTELLE MEMORIAL INSTITUTE,BATTELLE MEMORIAL INSTITUTE INC,USA,UNITED STATES,1550 CRYSTAL DR STE 601,,ARLINGTON,51013,ARLINGTON,51,VA,VIRGINIA,222024138,VA-08,VA-08,6144246503,6144586503,USA,UNITED STATES,ATLANTA,13089,DEKALB,13,GA,GEORGIA,303294018,GA-05,GA-05,AWARD,C,DELIVERY ORDER,,,,,,,R,COST PLUS AWARD FEE,EVALUATION OF PAID SOCIAL MEDIA AND MASS MEDIA GYNECOLOGIC CANCER CAMPAIGNS IGF::OT::IGF,EVALUATION OF PAID SOCIAL MEDIA AND MASS MEDIA GYNECOLOGIC CANCER CAMPAIGNS,M,OTHER ADMINISTRATIVE ACTION,2006N08350,1,OT,OTHER FUNCTIONS,R422,SUPPORT- PROFESSIONAL: MARKET RESEARCH/PUBLIC OPINION,D,NOT A BUNDLED REQUIREMENT,,,541613,MARKETING CONSULTING SERVICES,C,NO CLAUSES INCLUDED AND NO SUSTAINABILITY INCLUDED,A,U.S. OWNED BUSINESS,,,,,E,NOT REQUIRED,USA,UNITED STATES,C,NOT A MANUFACTURED END PRODUCT,,,A,FULL AND OPEN COMPETITION,MAFO,SUBJECT TO MULTIPLE AWARD FAIR OPPORTUNITY,,,NONE,NO PREFERENCE USED,,,FAIR,FAIR OPPORTUNITY GIVEN,,,3,D,COMMERCIAL ITEM PROCEDURES NOT USED,f,N,NO,N,NO,N,NO,N,NO,,N,NO,N,NO,N,NO,N,NO,B,OTHER STATUTORY AUTHORITY,FALSE,,B,IDC,M,MULTIPLE AWARD,,NONE,NONE,,,,,N,TRANSACTION DOES NOT USE GFE/GFP,,,X,NO,N,NO,Y,YES - SERVICE WHERE PBA IS USED.,N,NO,,,N,NO,X,NOT APPLICABLE,f,f,f,f,f,f,f,f,f,f,f,f,f,f,f,f,f,f,f,OTHER THAN SMALL BUSINESS,O,f,f,f,f,f,f,f,f,f,f,f,f,f,f,f,f,f,CORPORATE TAX EXEMPT,f,t,f,f,f,f,f,f,f,f,f,f,t,f,f,f,f,t,f,f,f,f,f,f,f,f,f,f,f,t,f,f,f,f,f,f,f,f,f,f,f,f,f,f,f,f,f,f,f,f,,,,,,,,,,,https://www.usaspending.gov/award/CONT_AWD_HHSD2002007200320003_7523_HHSD200200720032I_7523/,2019-06-21 08:30:07+00,2019-06-21 08:30:15+00
7523_7523_HHSD2002007200320003_7_HHSD200200720032I_0,CONT_AWD_HHSD2002007200320003_7523_HHSD200200720032I_7523,HHSD2002007200320003,7,0,7523,CENTERS FOR DISEASE CONTROL AND PREVENTION,HHSD200200720032I,0,0.00,1818651.00,,0.00,1818651.00,0.00,5455953.00,,,,,,2019-08-05,2019,2019-07-08,2016-02-28,2016-02-28 00:00:00,,,075,Department of Health and Human Services,7523,Centers for Disease Control and Prevention,75D301,CDC OFFICE OF ACQUISITION SERVICES,075,Department of Health and Human Services,7523,Centers for Disease Control and Prevention,75D301,CDC OFFICE OF ACQUISITION SERVICES,075-2012/2012-0948-000;075-2019/2019-0948-000,075-0948,25.1: Advisory and assistance services,,X,NOT APPLICABLE,,,FG8QB99NF8K3,180011314,BATTELLE MEMORIAL INSTITUTE,BATTELLE MEMORIAL INSTITUTE,,0BBF1,F125YU6SWK59,007901598,BATTELLE MEMORIAL INSTITUTE,BATTELLE MEMORIAL INSTITUTE INC,USA,UNITED STATES,1550 CRYSTAL DR STE 601,,ARLINGTON,51013,ARLINGTON,51,VA,VIRGINIA,222024138,VA-08,VA-08,6144246503,6144586503,USA,UNITED STATES,ATLANTA,13089,DEKALB,13,GA,GEORGIA,303294018,GA-05,GA-05,AWARD,C,DELIVERY ORDER,,,,,,,R,COST PLUS AWARD FEE,6M19,EVALUATION OF PAID SOCIAL MEDIA AND MASS MEDIA GYNECOLOGIC CANCER CAMPAIGNS,M,OTHER ADMINISTRATIVE ACTION,2006N08350,1,OT,OTHER FUNCTIONS,R422,SUPPORT- PROFESSIONAL: MARKET RESEARCH/PUBLIC OPINION,D,NOT A BUNDLED REQUIREMENT,,,541613,MARKETING CONSULTING SERVICES,C,NO CLAUSES INCLUDED AND NO SUSTAINABILITY INCLUDED,A,U.S. OWNED BUSINESS,,,,,E,NOT REQUIRED,USA,UNITED STATES,C,NOT A MANUFACTURED END PRODUCT,,,A,FULL AND OPEN COMPETITION,MAFO,SUBJECT TO MULTIPLE AWARD FAIR OPPORTUNITY,,,NONE,NO PREFERENCE USED,,,FAIR,FAIR OPPORTUNITY GIVEN,,,3,D,COMMERCIAL ITEM PROCEDURES NOT USED,f,N,NO,N,NO,N,NO,N,NO,,N,NO,N,NO,N,NO,N,NO,B,OTHER STATUTORY AUTHORITY,FALSE,,B,IDC,M,MULTIPLE AWARD,,NONE,NONE,,,,,N,TRANSACTION DOES NOT USE GFE/GFP,,,X,NO,N,NO,Y,YES - SERVICE WHERE PBA IS USED.,N,NO,,,N,NO,X,NOT APPLICABLE,f,f,f,f,f,f,f,f,f,f,f,f,f,f,f,f,f,f,f,OTHER THAN SMALL BUSINESS,O,f,f,f,f,f,f,f,f,f,f,f,f,f,f,f,f,f,CORPORATE TAX EXEMPT,f,t,f,f,f,f,f,f,f,f,f,f,t,f,f,f,f,t,f,f,f,f,f,f,f,f,f,f,f,t,f,f,f,f,f,f,f,f,f,f,f,f,f,f,f,f,f,f,f,f,,,,,,,,,,,https://www.usaspending.gov/award/CONT_AWD_HHSD2002007200320003_7523_HHSD200200720032I_7523/,2019-08-05 17:30:07+00,2019-08-05 17:30:14+00
7523_7523_HHSD2002007200320004_0_HHSD200200720032I_0,CONT_AWD_HHSD2002007200320004_7523_HHSD200200720032I_7523,HHSD2002007200320004,0,0,7523,CENTERS FOR DISEASE CONTROL AND PREVENTION,HHSD200200720032I,0,293531.00,458210.10,,293531.00,458264.00,293531.00,458264.00,,,,,,2014-08-04,2014,2014-08-04,2016-09-08,2016-09-08 00:00:00,,,075,Department of Health and Human Services,7523,Centers for Disease Control and Prevention,00200,DEPT OF HHS/CENTERS FOR DISEASE CONTROL,075,Department of Health and Human Services,7523,Centers for Disease Control and Prevention,00200,DEPT OF HHS/CENTERS FOR DISEASE CONTROL,075-2017/2017-0952-000,075-0952,25.1: Advisory and assistance services,,X,NOT APPLICABLE,,,FG8QB99NF8K3,180011314,BATTELLE MEMORIAL INSTITUTE,BATTELLE MEMORIAL INSTITUTE,,,F125YU6SWK59,007901598,BATTELLE MEMORIAL INSTITUTE,BATTELLE MEMORIAL INSTITUTE INC,USA,UNITED STATES,1550 CRYSTAL DR STE 601,,ARLINGTON,51013,ARLINGTON,51,VA,VIRGINIA,222024138,VA-08,VA-08,6144246503,6144586503,USA,UNITED STATES,ATLANTA,13089,DEKALB,13,GA,GEORGIA,303294018,GA-05,GA-05,AWARD,C,DELIVERY ORDER,,,,,,,R,COST PLUS AWARD FEE,ADULT MOBILITY TOOL IGF::OT::IGF,ADULT MOBILITY TOOL IGF::OT::IGF,,,2006N08350,1,OT,OTHER FUNCTIONS,R422,SUPPORT- PROFESSIONAL: MARKET RESEARCH/PUBLIC OPINION,D,NOT A BUNDLED REQUIREMENT,,,541613,MARKETING CONSULTING SERVICES,C,NO CLAUSES INCLUDED AND NO SUSTAINABILITY INCLUDED,A,U.S. OWNED BUSINESS,,,,,E,NOT REQUIRED,USA,UNITED STATES,C,NOT A MANUFACTURED END PRODUCT,,,A,FULL AND OPEN COMPETITION,MAFO,SUBJECT TO MULTIPLE AWARD FAIR OPPORTUNITY,NONE,NO SET ASIDE USED.,NONE,NO PREFERENCE USED,,,FAIR,FAIR OPPORTUNITY GIVEN,,,2,D,COMMERCIAL ITEM PROCEDURES NOT USED,f,N,NO,N,NO,N,NO,N,NO,,N,NO,N,NO,N,NO,N,NO,X,NOT APPLICABLE,,,B,IDC,M,MULTIPLE AWARD,,NONE,NONE,,,,,N,TRANSACTION DOES NOT USE GFE/GFP,,,X,NO,N,NO,Y,YES - SERVICE WHERE PBA IS USED.,N,NO,,,N,NO,X,NOT APPLICABLE,f,f,f,f,f,f,f,f,f,f,f,f,f,f,f,f,f,f,f,OTHER THAN SMALL BUSINESS,O,f,f,f,f,f,f,f,f,f,f,f,f,f,f,f,f,f,CORPORATE TAX EXEMPT,f,t,f,f,f,f,f,f,f,f,f,f,t,f,f,f,f,t,f,f,f,f,f,f,f,f,f,f,f,t,f,f,f,f,f,f,f,f,f,f,f,f,f,f,f,f,f,f,f,f,,,,,,,,,,,https://www.usaspending.gov/award/CONT_AWD_HHSD2002007200320004_7523_HHSD200200720032I_7523/,2014-08-05 03:11:00+00,2019-05-30 16:31:47+00
7523_7523_HHSD2002007200320004_1_HHSD200200720032I_0,CONT_AWD_HHSD2002007200320004_7523_HHSD200200720032I_7523,HHSD2002007200320004,1,0,7523,CENTERS FOR DISEASE CONTROL AND PREVENTION,HHSD200200720032I,0,0.00,,,0.00,,0.00,,,,,,,2015-11-19,2016,2015-11-19,2016-09-08,2016-09-08 00:00:00,,,075,Department of Health and Human Services,7523,Centers for Disease Control and Prevention,00200,DEPT OF HHS/CENTERS FOR DISEASE CONTROL,075,Department of Health and Human Services,7523,Centers for Disease Control and Prevention,00200,DEPT OF HHS/CENTERS FOR DISEASE CONTROL,075-2017/2017-0952-000,075-0952,25.1: Advisory and assistance services,,X,NOT APPLICABLE,,,FG8QB99NF8K3,180011314,BATTELLE MEMORIAL INSTITUTE,BATTELLE MEMORIAL INSTITUTE,,,F125YU6SWK59,007901598,BATTELLE MEMORIAL INSTITUTE,BATTELLE MEMORIAL INSTITUTE INC,USA,UNITED STATES,1550 CRYSTAL DR STE 601,,ARLINGTON,51013,ARLINGTON,51,VA,VIRGINIA,222024138,VA-08,VA-08,6144246503,6144586503,USA,UNITED STATES,ATLANTA,13089,DEKALB,13,GA,GEORGIA,303294018,GA-05,GA-05,AWARD,C,DELIVERY ORDER,,,,,,,R,COST PLUS AWARD FEE,ADULT MOBILITY TOOL IGF::OT::IGF,ADULT MOBILITY TOOL IGF::OT::IGF,M,OTHER ADMINISTRATIVE ACTION,2006N08350,1,,,R422,SUPPORT- PROFESSIONAL: MARKET RESEARCH/PUBLIC OPINION,D,NOT A BUNDLED REQUIREMENT,,,541613,MARKETING CONSULTING SERVICES,C,NO CLAUSES INCLUDED AND NO SUSTAINABILITY INCLUDED,A,U.S. OWNED BUSINESS,,,,,E,NOT REQUIRED,USA,UNITED STATES,C,NOT A MANUFACTURED END PRODUCT,,,A,FULL AND OPEN COMPETITION,MAFO,SUBJECT TO MULTIPLE AWARD FAIR OPPORTUNITY,NONE,NO SET ASIDE USED.,NONE,NO PREFERENCE USED,,,FAIR,FAIR OPPORTUNITY GIVEN,,,2,D,COMMERCIAL ITEM PROCEDURES NOT USED,f,N,NO,N,NO,N,NO,N,NO,,N,NO,N,NO,N,NO,N,NO,X,NOT APPLICABLE,,,B,IDC,M,MULTIPLE AWARD,,NONE,NONE,,,,,N,TRANSACTION DOES NOT USE GFE/GFP,,,X,NO,N,NO,Y,YES - SERVICE WHERE PBA IS USED.,N,NO,,,N,NO,X,NOT APPLICABLE,f,f,f,f,f,f,f,f,f,f,f,f,f,f,f,f,f,f,f,OTHER THAN SMALL BUSINESS,O,f,f,f,f,f,f,f,f,f,f,f,f,f,f,f,f,f,,f,t,f,f,f,f,f,f,f,f,f,f,t,f,f,f,f,t,f,f,f,f,f,f,f,f,f,f,f,t,f,f,f,f,f,f,f,f,f,f,f,f,f,f,f,f,f,f,f,f,,,,,,,,,,,https://www.usaspending.gov/award/CONT_AWD_HHSD2002007200320004_7523_HHSD200200720032I_7523/,2015-11-19 10:00:30+00,2015-11-19 10:00:37+00
7523_7523_HHSD2002007200320004_2_HHSD200200720032I_0,CONT_AWD_HHSD2002007200320004_7523_HHSD200200720032I_7523,HHSD2002007200320004,2,0,7523,CENTERS FOR DISEASE CONTROL AND PREVENTION,HHSD200200720032I,0,28978.00,,,28978.00,,28978.00,,,,,,,2016-03-07,2016,2016-03-08,2017-03-08,2017-03-08 00:00:00,,,075,Department of Health and Human Services,7523,Centers for Disease Control and Prevention,00200,DEPT OF HHS/CENTERS FOR DISEASE CONTROL,075,Department of Health and Human Services,7523,Centers for Disease Control and Prevention,00200,DEPT OF HHS/CENTERS FOR DISEASE CONTROL,075-2017/2017-0952-000,075-0952,25.1: Advisory and assistance services,,X,NOT APPLICABLE,,,FG8QB99NF8K3,180011314,BATTELLE MEMORIAL INSTITUTE,BATTELLE MEMORIAL INSTITUTE,,,F125YU6SWK59,007901598,BATTELLE MEMORIAL INSTITUTE,BATTELLE MEMORIAL INSTITUTE INC,USA,UNITED STATES,1550 CRYSTAL DR STE 601,,ARLINGTON,51013,ARLINGTON,51,VA,VIRGINIA,222024138,VA-08,VA-08,6144246503,6144586503,USA,UNITED STATES,ATLANTA,13089,DEKALB,13,GA,GEORGIA,303294018,GA-05,GA-05,AWARD,C,DELIVERY ORDER,,,,,,,R,COST PLUS AWARD FEE,ADULT MOBILITY TOOL IGF::OT::IGF,ADULT MOBILITY TOOL IGF::OT::IGF,B,SUPPLEMENTAL AGREEMENT FOR WORK WITHIN SCOPE,2006N08350,1,,,R422,SUPPORT- PROFESSIONAL: MARKET RESEARCH/PUBLIC OPINION,D,NOT A BUNDLED REQUIREMENT,,,541613,MARKETING CONSULTING SERVICES,C,NO CLAUSES INCLUDED AND NO SUSTAINABILITY INCLUDED,A,U.S. OWNED BUSINESS,,,,,E,NOT REQUIRED,USA,UNITED STATES,C,NOT A MANUFACTURED END PRODUCT,,,A,FULL AND OPEN COMPETITION,MAFO,SUBJECT TO MULTIPLE AWARD FAIR OPPORTUNITY,NONE,NO SET ASIDE USED.,NONE,NO PREFERENCE USED,,,FAIR,FAIR OPPORTUNITY GIVEN,,,2,D,COMMERCIAL ITEM PROCEDURES NOT USED,f,N,NO,N,NO,N,NO,N,NO,,N,NO,N,NO,N,NO,N,NO,X,NOT APPLICABLE,,,B,IDC,M,MULTIPLE AWARD,,NONE,NONE,,,,,N,TRANSACTION DOES NOT USE GFE/GFP,,,X,NO,N,NO,Y,YES - SERVICE WHERE PBA IS USED.,N,NO,,,N,NO,X,NOT APPLICABLE,f,f,f,f,f,f,f,f,f,f,f,f,f,f,f,f,f,f,f,OTHER THAN SMALL BUSINESS,O,f,f,f,f,f,f,f,f,f,f,f,f,f,f,f,f,f,,f,t,f,f,f,f,f,f,f,f,f,f,t,f,f,f,f,t,f,f,f,f,f,f,f,f,f,f,f,t,f,f,f,f,f,f,f,f,f,f,f,f,f,f,f,f,f,f,f,f,,,,,,,,,,,https://www.usaspending.gov/award/CONT_AWD_HHSD2002007200320004_7523_HHSD200200720032I_7523/,2016-03-07 13:30:08+00,2016-03-07 13:30:14+00
7523_7523_HHSD2002007200320004_3_HHSD200200720032I_0,CONT_AWD_HHSD2002007200320004_7523_HHSD200200720032I_7523,HHSD2002007200320004,3,0,7523,CENTERS FOR DISEASE CONTROL AND PREVENTION,HHSD200200720032I,0,135755.00,,,135755.00,,135755.00,,,,,,,2017-01-12,2017,2017-01-12,2017-05-08,2017-05-08 00:00:00,,,075,Department of Health and Human Services,7523,Centers for Disease Control and Prevention,75D301,CDC OFFICE OF ACQUISITION SERVICES,075,Department of Health and Human Services,7523,Centers for Disease Control and Prevention,75D301,CDC OFFICE OF ACQUISITION SERVICES,075-2017/2017-0952-000,075-0952,25.1: Advisory and assistance services,,X,NOT APPLICABLE,,,FG8QB99NF8K3,180011314,BATTELLE MEMORIAL INSTITUTE,BATTELLE MEMORIAL INSTITUTE,,,F125YU6SWK59,007901598,BATTELLE MEMORIAL INSTITUTE,BATTELLE MEMORIAL INSTITUTE INC,USA,UNITED STATES,1550 CRYSTAL DR STE 601,,ARLINGTON,51013,ARLINGTON,51,VA,VIRGINIA,222024138,VA-08,VA-08,6144246503,6144586503,USA,UNITED STATES,ATLANTA,13089,DEKALB,13,GA,GEORGIA,303294018,GA-05,GA-05,AWARD,C,DELIVERY ORDER,,,,,,,R,COST PLUS AWARD FEE,ADULT MOBILITY TOOL IGF::OT::IGF,ADULT MOBILITY TOOL IGF::OT::IGF,B,SUPPLEMENTAL AGREEMENT FOR WORK WITHIN SCOPE,2006N08350,1,,,R422,SUPPORT- PROFESSIONAL: MARKET RESEARCH/PUBLIC OPINION,D,NOT A BUNDLED REQUIREMENT,,,541613,MARKETING CONSULTING SERVICES,C,NO CLAUSES INCLUDED AND NO SUSTAINABILITY INCLUDED,A,U.S. OWNED BUSINESS,,,,,E,NOT REQUIRED,USA,UNITED STATES,C,NOT A MANUFACTURED END PRODUCT,,,A,FULL AND OPEN COMPETITION,MAFO,SUBJECT TO MULTIPLE AWARD FAIR OPPORTUNITY,NONE,NO SET ASIDE USED.,NONE,NO PREFERENCE USED,,,FAIR,FAIR OPPORTUNITY GIVEN,,,2,D,COMMERCIAL ITEM PROCEDURES NOT USED,f,N,NO,N,NO,N,NO,N,NO,,N,NO,N,NO,N,NO,N,NO,X,NOT APPLICABLE,,,B,IDC,M,MULTIPLE AWARD,,NONE,NONE,,,,,N,TRANSACTION DOES NOT USE GFE/GFP,,,X,NO,N,NO,Y,YES - SERVICE WHERE PBA IS USED.,N,NO,,,N,NO,X,NOT APPLICABLE,f,f,f,f,f,f,f,f,f,f,f,f,f,f,f,f,f,f,f,OTHER THAN SMALL BUSINESS,O,f,f,f,f,f,f,f,f,f,f,f,f,f,f,f,f,f,,f,t,f,f,f,f,f,f,f,f,f,f,t,f,f,f,f,t,f,f,f,f,f,f,f,f,f,f,f,t,f,f,f,f,f,f,f,f,f,f,f,f,f,f,f,f,f,f,f,f,,,,,,,,,,,https://www.usaspending.gov/award/CONT_AWD_HHSD2002007200320004_7523_HHSD200200720032I_7523/,2017-01-12 16:30:16+00,2017-01-12 16:30:21+00
7523_7523_HHSD2002007200320004_4_HHSD200200720032I_0,CONT_AWD_HHSD2002007200320004_7523_HHSD200200720032I_7523,HHSD2002007200320004,4,0,7523,CENTERS FOR DISEASE CONTROL AND PREVENTION,HHSD200200720032I,0,-53.90,458210.10,,0.00,458264.00,0.00,458264.00,,,,,,2019-05-30,2019,2019-05-20,2017-05-08,2017-05-08 00:00:00,,,075,Department of Health and Human Services,7523,Centers for Disease Control and Prevention,75D301,CDC OFFICE OF ACQUISITION SERVICES,075,Department of Health and Human Services,7523,Centers for Disease Control and Prevention,75D301,CDC OFFICE OF ACQUISITION SERVICES,075-2017/2017-0952-000,075-0952,25.1: Advisory and assistance services,,X,NOT APPLICABLE,,,FG8QB99NF8K3,180011314,BATTELLE MEMORIAL INSTITUTE,BATTELLE MEMORIAL INSTITUTE,,0BBF1,F125YU6SWK59,007901598,BATTELLE MEMORIAL INSTITUTE,BATTELLE MEMORIAL INSTITUTE INC,USA,UNITED STATES,1550 CRYSTAL DR STE 601,,ARLINGTON,51013,ARLINGTON,51,VA,VIRGINIA,222024138,VA-08,VA-08,6144246503,6144586503,USA,UNITED STATES,ATLANTA,13089,DEKALB,13,GA,GEORGIA,303294018,GA-05,GA-05,AWARD,C,DELIVERY ORDER,,,,,,,R,COST PLUS AWARD FEE,ADULT MOBILITY TOOL IGF::OT::IGF,ADULT MOBILITY TOOL IGF::OT::IGF,M,OTHER ADMINISTRATIVE ACTION,2006N08350,1,OT,OTHER FUNCTIONS,R422,SUPPORT- PROFESSIONAL: MARKET RESEARCH/PUBLIC OPINION,D,NOT A BUNDLED REQUIREMENT,,,541613,MARKETING CONSULTING SERVICES,C,NO CLAUSES INCLUDED AND NO SUSTAINABILITY INCLUDED,A,U.S. OWNED BUSINESS,,,,,E,NOT REQUIRED,USA,UNITED STATES,C,NOT A MANUFACTURED END PRODUCT,,,A,FULL AND OPEN COMPETITION,MAFO,SUBJECT TO MULTIPLE AWARD FAIR OPPORTUNITY,,,NONE,NO PREFERENCE USED,,,FAIR,FAIR OPPORTUNITY GIVEN,,,2,D,COMMERCIAL ITEM PROCEDURES NOT USED,f,N,NO,N,NO,N,NO,N,NO,,N,NO,N,NO,N,NO,N,NO,X,NOT APPLICABLE,,,B,IDC,M,MULTIPLE AWARD,,NONE,NONE,,,,,N,TRANSACTION DOES NOT USE GFE/GFP,,,X,NO,N,NO,Y,YES - SERVICE WHERE PBA IS USED.,N,NO,,,N,NO,X,NOT APPLICABLE,f,f,f,f,f,f,f,f,f,f,f,f,f,f,f,f,f,f,f,OTHER THAN SMALL BUSINESS,O,f,f,f,f,f,f,f,f,f,f,f,f,f,f,f,f,f,CORPORATE TAX EXEMPT,f,t,f,f,f,f,f,f,f,f,f,f,t,f,f,f,f,t,f,f,f,f,f,f,f,f,f,f,f,t,f,f,f,f,f,f,f,f,f,f,f,f,f,f,f,f,f,f,f,f,,,,,,,,,,,https://www.usaspending.gov/award/CONT_AWD_HHSD2002007200320004_7523_HHSD200200720032I_7523/,2019-05-30 16:31:37+00,2019-05-30 16:31:46+00
9700_-NONE-_FA875018C0013_0_-NONE-_1,CONT_AWD_FA875018C0013_9700_-NONE-_-NONE-,FA875018C0013,0,1,,,,,324763.00,7598606.00,1474566.03,7376831.00,7598606.00,7376831.00,7598606.00,,,,,,2017-12-13,2018,2017-12-13,2022-06-13,2022-06-13 00:00:00,,,097,Department of Defense,5700,Department of the Air Force,FA8750,FA8750  AFRL RIK,097,Department of Defense,97AE,Defense Advanced Research Projects Agency,HR0011,DEF ADVANCED RESEARCH PROJECTS AGCY,097-2019/2020-0400-000;097-2020/2021-0400-000;097-2021/2022-0400-000;097-2022/2023-0400-000,097-0400,25.5: Research and development contracts,0001: BASIC RESEARCH;009S: MISCELLANEOUS;00CA: N/A,X,NOT APPLICABLE,,,H7LMD1ANJNN4,,THE TRUSTEES OF THE UNIVERSITY OF PENNSYLVANIA,UNIVERSITY OF PENNSYLVANIA LINGUISTIC DATA CONSORTIUM,,35MX6,H7LMD1ANJNN4,,THE TRUSTEES OF THE UNIVERSITY OF PENNSYLVANIA,UNIVERSITY OF PENNSYLVANIA LINGUISTIC DATA CONSORTIUM,USA,UNITED STATES,3600 MARKET ST STE 810,,PHILADELPHIA,42101,PHILADELPHIA,42,PA,PENNSYLVANIA,191042653,PA-02,PA-03,2157460234,,USA,UNITED STATES,PHILADELPHIA,42101,PHILADELPHIA,42,PA,PENNSYLVANIA,191046205,PA-02,PA-03,AWARD,D,DEFINITIVE CONTRACT,,,,,,,S,COST NO FEE,CONFLICTING ACCOUNT INFORMATION RESOURCES IN OMNIVOROUS MEDIA STREAMS (CAIRO-MS),CONFLICTING ACCOUNT INFORMATION RESOURCES IN OMNIVOROUS MEDIA STREAMS (CAIRO-MS),,,HR001117S0026,1,OT,OTHER FUNCTIONS,AD92,R&D- DEFENSE OTHER: OTHER (APPLIED RESEARCH/EXPLORATORY DEVELOPMENT),H,NOT BUNDLED,A7,ELECTRONICS AND COMMUNICATION EQUIPMENT,541715,"RESEARCH AND DEVELOPMENT IN THE PHYSICAL, ENGINEERING, AND LIFE SCIENCES (EXCEPT NANOTECHNOLOGY AND BIOTECHNOLOGY)",C,NO CLAUSES INCLUDED AND NO SUSTAINABILITY INCLUDED,B,OTHER U.S. ENTITY (E.G. GOVERNMENT),000,NONE,Z,NOT IT PRODUCTS OR SERVICES,E,NOT REQUIRED,USA,UNITED STATES,C,NOT A MANUFACTURED END PRODUCT,F,INDIVIDUAL SUBCONTRACT PLAN,A,FULL AND OPEN COMPETITION,BR,BASIC RESEARCH,NONE,NO SET ASIDE USED.,NONE,NO PREFERENCE USED,,,,,,,49,D,COMMERCIAL ITEM PROCEDURES NOT USED,f,N,NO,N,NO,Y,YES,N,NO,0.00,N,NO,X,NOT APPLICABLE,X,NOT APPLICABLE,X,NOT APPLICABLE,X,NOT APPLICABLE,,,,,,,,NONE,NONE,N,NO,Y,YES - CAS CLAUSE INCLUDED,N,TRANSACTION DOES NOT USE GFE/GFP,N,NO,X,NO,D,NOT CONSOLIDATED,Y,YES - SERVICE WHERE PBA IS USED.,N,NO,Z,NOT APPLICABLE,N,NO,X,NOT APPLICABLE,f,f,f,f,f,f,f,f,f,f,f,f,f,f,f,f,f,f,f,OTHER THAN SMALL BUSINESS,O,f,f,f,f,f,f,f,f,f,f,f,f,f,f,f,f,f,CORPORATE NOT TAX EXEMPT,t,f,f,f,f,f,f,f,f,t,f,f,f,f,f,f,f,t,f,f,f,f,f,f,f,f,f,f,f,t,f,f,t,f,f,f,f,f,f,f,f,f,f,f,f,f,f,f,f,f,,,,,,,,,,,https://www.usaspending.gov/award/CONT_AWD_FA875018C0013_9700_-NONE-_-NONE-/,2017-12-13 10:02:28+00,2023-08-24 10:27:34+00
9700_-NONE-_FA875018C0013_P00001_-NONE-_1,CONT_AWD_FA875018C0013_9700_-NONE-_-NONE-,FA875018C0013,P00001,1,,,,,900176.00,2259461.00,1474566.03,0.00,7376831.00,0.00,7376831.00,,,,,,2018-03-15,2018,2018-03-15,2022-06-13,2022-06-13 00:00:00,,,097,Department of Defense,5700,Department of the Air Force,FA8750,FA8750  AFRL RIK,097,Department of Defense,97AE,Defense Advanced Research Projects Agency,HR0011,DEF ADVANCED RESEARCH PROJECTS AGCY,097-2019/2020-0400-000;097-2020/2021-0400-000;097-2021/2022-0400-000;097-2022/2023-0400-000,097-0400,25.5: Research and development contracts,0001: BASIC RESEARCH;009S: MISCELLANEOUS;00CA: N/A,X,NOT APPLICABLE,,,H7LMD1ANJNN4,080969842,THE TRUSTEES OF THE UNIVERSITY OF PENNSYLVANIA,UNIVERSITY OF PENNSYLVANIA LINGUISTIC DATA CONSORTIUM,,35MX6,H7LMD1ANJNN4,080969842,THE TRUSTEES OF THE UNIVERSITY OF PENNSYLVANIA,UNIVERSITY OF PENNSYLVANIA LINGUISTIC DATA CONSORTIUM,USA,UNITED STATES,3600 MARKET ST STE 810,,PHILADELPHIA,42101,PHILADELPHIA,42,PA,PENNSYLVANIA,191042653,PA-02,PA-03,2157460234,,USA,UNITED STATES,PHILADELPHIA,42101,PHILADELPHIA,42,PA,PENNSYLVANIA,191042653,PA-02,PA-03,AWARD,D,DEFINITIVE CONTRACT,,,,,,,S,COST NO FEE,CONFLICTING ACCOUNT INFORMATION RESOURCES IN OMNIVOROUS MEDIA STREAMS (CAIRO-MS),CONFLICTING ACCOUNT INFORMATION RESOURCES IN OMNIVOROUS MEDIA STREAMS (CAIRO-MS),C,FUNDING ONLY ACTION,HR001117S0026,1,OT,OTHER FUNCTIONS,AD92,R&D- DEFENSE OTHER: OTHER (APPLIED RESEARCH/EXPLORATORY DEVELOPMENT),H,NOT BUNDLED,A7,ELECTRONICS AND COMMUNICATION EQUIPMENT,541715,"RESEARCH AND DEVELOPMENT IN THE PHYSICAL, ENGINEERING, AND LIFE SCIENCES (EXCEPT NANOTECHNOLOGY AND BIOTECHNOLOGY)",C,NO CLAUSES INCLUDED AND NO SUSTAINABILITY INCLUDED,B,OTHER U.S. ENTITY (E.G. GOVERNMENT),000,NONE,Z,NOT IT PRODUCTS OR SERVICES,E,NOT REQUIRED,USA,UNITED STATES,C,NOT A MANUFACTURED END PRODUCT,F,INDIVIDUAL SUBCONTRACT PLAN,A,FULL AND OPEN COMPETITION,BR,BASIC RESEARCH,NONE,NO SET ASIDE USED.,NONE,NO PREFERENCE USED,,,,,,,49,D,COMMERCIAL ITEM PROCEDURES NOT USED,f,N,NO,N,NO,Y,YES,N,NO,0.00,N,NO,X,NOT APPLICABLE,X,NOT APPLICABLE,X,NOT APPLICABLE,X,NOT APPLICABLE,,,,,,,,NONE,NONE,N,NO,Y,YES - CAS CLAUSE INCLUDED,N,TRANSACTION DOES NOT USE GFE/GFP,N,NO,X,NO,D,NOT CONSOLIDATED,Y,YES - SERVICE WHERE PBA IS USED.,N,NO,Z,NOT APPLICABLE,N,NO,X,NOT APPLICABLE,f,f,f,f,f,f,f,f,f,f,f,f,f,f,f,f,f,f,f,OTHER THAN SMALL BUSINESS,O,f,f,f,f,f,f,f,f,f,f,f,f,f,f,f,f,f,CORPORATE NOT TAX EXEMPT,t,f,f,f,f,f,f,f,f,t,f,f,f,f,f,f,f,t,f,f,f,f,f,f,f,f,f,f,f,t,f,f,t,f,f,f,f,f,f,f,f,f,f,f,f,f,f,f,f,f,,,,,,,,,,,https://www.usaspending.gov/award/CONT_AWD_FA875018C0013_9700_-NONE-_-NONE-/,2018-03-15 10:02:00+00,2018-03-15 15:02:41+00
9700_-NONE-_FA875018C0013_P00002_-NONE-_1,CONT_AWD_FA875018C0013_9700_-NONE-_-NONE-,FA875018C0013,P00002,1,,,,,148501.00,4159848.00,1474566.03,0.00,7598606.00,0.00,7598606.00,,,,,,2018-03-29,2018,2018-03-29,2022-06-13,2022-06-13 00:00:00,,,097,Department of Defense,5700,Department of the Air Force,FA8750,FA8750  AFRL RIK,097,Department of Defense,97AE,Defense Advanced Research Projects Agency,HR0011,DEF ADVANCED RESEARCH PROJECTS AGCY,097-2019/2020-0400-000;097-2020/2021-0400-000;097-2021/2022-0400-000;097-2022/2023-0400-000,097-0400,25.5: Research and development contracts,0001: BASIC RESEARCH;009S: MISCELLANEOUS;00CA: N/A,X,NOT APPLICABLE,,,H7LMD1ANJNN4,080969842,THE TRUSTEES OF THE UNIVERSITY OF PENNSYLVANIA,UNIVERSITY OF PENNSYLVANIA LINGUISTIC DATA CONSORTIUM,,35MX6,H7LMD1ANJNN4,080969842,THE TRUSTEES OF THE UNIVERSITY OF PENNSYLVANIA,UNIVERSITY OF PENNSYLVANIA LINGUISTIC DATA CONSORTIUM,USA,UNITED STATES,3600 MARKET ST STE 810,,PHILADELPHIA,42101,PHILADELPHIA,42,PA,PENNSYLVANIA,191042653,PA-02,PA-03,2157460234,,USA,UNITED STATES,PHILADELPHIA,42101,PHILADELPHIA,42,PA,PENNSYLVANIA,191042653,PA-02,PA-03,AWARD,D,DEFINITIVE CONTRACT,,,,,,,S,COST NO FEE,CONFLICTING ACCOUNT INFORMATION RESOURCES IN OMNIVOROUS MEDIA STREAMS (CAIRO-MS),CONFLICTING ACCOUNT INFORMATION RESOURCES IN OMNIVOROUS MEDIA STREAMS (CAIRO-MS),C,FUNDING ONLY ACTION,HR001117S0026,1,OT,OTHER FUNCTIONS,AD92,R&D- DEFENSE OTHER: OTHER (APPLIED RESEARCH/EXPLORATORY DEVELOPMENT),H,NOT BUNDLED,A7,ELECTRONICS AND COMMUNICATION EQUIPMENT,541715,"RESEARCH AND DEVELOPMENT IN THE PHYSICAL, ENGINEERING, AND LIFE SCIENCES (EXCEPT NANOTECHNOLOGY AND BIOTECHNOLOGY)",C,NO CLAUSES INCLUDED AND NO SUSTAINABILITY INCLUDED,B,OTHER U.S. ENTITY (E.G. GOVERNMENT),000,NONE,Z,NOT IT PRODUCTS OR SERVICES,E,NOT REQUIRED,USA,UNITED STATES,C,NOT A MANUFACTURED END PRODUCT,F,INDIVIDUAL SUBCONTRACT PLAN,A,FULL AND OPEN COMPETITION,BR,BASIC RESEARCH,NONE,NO SET ASIDE USED.,NONE,NO PREFERENCE USED,,,,,,,49,D,COMMERCIAL ITEM PROCEDURES NOT USED,f,N,NO,N,NO,Y,YES,N,NO,0.00,N,NO,X,NOT APPLICABLE,X,NOT APPLICABLE,X,NOT APPLICABLE,X,NOT APPLICABLE,,,,,,,,NONE,NONE,N,NO,Y,YES - CAS CLAUSE INCLUDED,N,TRANSACTION DOES NOT USE GFE/GFP,N,NO,X,NO,D,NOT CONSOLIDATED,Y,YES - SERVICE WHERE PBA IS USED.,N,NO,Z,NOT APPLICABLE,N,NO,X,NOT APPLICABLE,f,f,f,f,f,f,f,f,f,f,f,f,f,f,f,f,f,f,f,OTHER THAN SMALL BUSINESS,O,f,f,f,f,f,f,f,f,f,f,f,f,f,f,f,f,f,CORPORATE NOT TAX EXEMPT,t,f,f,f,f,f,f,f,f,t,f,f,f,f,f,f,f,t,f,f,f,f,f,f,f,f,f,f,f,t,f,f,t,f,f,f,f,f,f,f,f,f,f,f,f,f,f,f,f,f,,,,,,,,,,,https://www.usaspending.gov/award/CONT_AWD_FA875018C0013_9700_-NONE-_-NONE-/,2018-03-29 15:35:18+00,2020-05-29 13:50:13+00
9700_-NONE-_FA875018C0013_P00003_-NONE-_1,CONT_AWD_FA875018C0013_9700_-NONE-_-NONE-,FA875018C0013,P00003,1,,,,,886021.00,2259461.00,1474566.03,0.00,7376831.00,0.00,7376831.00,,,,,,2018-06-14,2018,2018-06-14,2022-06-13,2022-06-13 00:00:00,,,097,Department of Defense,5700,Department of the Air Force,FA8750,FA8750  AFRL RIK,097,Department of Defense,97AE,Defense Advanced Research Projects Agency,HR0011,DEF ADVANCED RESEARCH PROJECTS AGCY,097-2019/2020-0400-000;097-2020/2021-0400-000;097-2021/2022-0400-000;097-2022/2023-0400-000,097-0400,25.5: Research and development contracts,0001: BASIC RESEARCH;009S: MISCELLANEOUS;00CA: N/A,X,NOT APPLICABLE,,,H7LMD1ANJNN4,080969842,THE TRUSTEES OF THE UNIVERSITY OF PENNSYLVANIA,UNIVERSITY OF PENNSYLVANIA LINGUISTIC DATA CONSORTIUM,,35MX6,H7LMD1ANJNN4,080969842,THE TRUSTEES OF THE UNIVERSITY OF PENNSYLVANIA,UNIVERSITY OF PENNSYLVANIA LINGUISTIC DATA CONSORTIUM,USA,UNITED STATES,3600 MARKET ST STE 810,,PHILADELPHIA,42101,PHILADELPHIA,42,PA,PENNSYLVANIA,191042653,PA-02,PA-03,2157460234,,USA,UNITED STATES,PHILADELPHIA,42101,PHILADELPHIA,42,PA,PENNSYLVANIA,191042653,PA-02,PA-03,AWARD,D,DEFINITIVE CONTRACT,,,,,,,S,COST NO FEE,CONFLICTING ACCOUNT INFORMATION RESOURCES IN OMNIVOROUS MEDIA STREAMS (CAIRO-MS),CONFLICTING ACCOUNT INFORMATION RESOURCES IN OMNIVOROUS MEDIA STREAMS (CAIRO-MS),C,FUNDING ONLY ACTION,HR001117S0026,1,OT,OTHER FUNCTIONS,AD92,R&D- DEFENSE OTHER: OTHER (APPLIED RESEARCH/EXPLORATORY DEVELOPMENT),H,NOT BUNDLED,A7,ELECTRONICS AND COMMUNICATION EQUIPMENT,541715,"RESEARCH AND DEVELOPMENT IN THE PHYSICAL, ENGINEERING, AND LIFE SCIENCES (EXCEPT NANOTECHNOLOGY AND BIOTECHNOLOGY)",C,NO CLAUSES INCLUDED AND NO SUSTAINABILITY INCLUDED,B,OTHER U.S. ENTITY (E.G. GOVERNMENT),000,NONE,Z,NOT IT PRODUCTS OR SERVICES,E,NOT REQUIRED,USA,UNITED STATES,C,NOT A MANUFACTURED END PRODUCT,F,INDIVIDUAL SUBCONTRACT PLAN,A,FULL AND OPEN COMPETITION,BR,BASIC RESEARCH,NONE,NO SET ASIDE USED.,NONE,NO PREFERENCE USED,,,,,,,49,D,COMMERCIAL ITEM PROCEDURES NOT USED,f,N,NO,N,NO,Y,YES,N,NO,0.00,N,NO,X,NOT APPLICABLE,X,NOT APPLICABLE,X,NOT APPLICABLE,X,NOT APPLICABLE,,,,,,,,NONE,NONE,N,NO,Y,YES - CAS CLAUSE INCLUDED,N,TRANSACTION DOES NOT USE GFE/GFP,N,NO,X,NO,D,NOT CONSOLIDATED,Y,YES - SERVICE WHERE PBA IS USED.,N,NO,Z,NOT APPLICABLE,N,NO,X,NOT APPLICABLE,f,f,f,f,f,f,f,f,f,f,f,f,f,f,f,f,f,f,f,OTHER THAN SMALL BUSINESS,O,f,f,f,f,f,f,f,f,f,f,f,f,f,f,f,f,f,CORPORATE NOT TAX EXEMPT,t,f,f,f,f,f,f,f,f,t,f,f,f,f,f,f,f,t,f,f,f,f,f,f,f,f,f,f,f,t,f,f,t,f,f,f,f,f,f,f,f,f,f,f,f,f,f,f,f,f,,,,,,,,,,,https://www.usaspending.gov/award/CONT_AWD_FA875018C0013_9700_-NONE-_-NONE-/,2018-06-14 11:42:28+00,2018-06-14 13:13:04+00
9700_-NONE-_FA875018C0013_P00004_-NONE-_1,CONT_AWD_FA875018C0013_9700_-NONE-_-NONE-,FA875018C0013,P00004,1,,,,,1678611.00,4159848.00,1474566.03,0.00,7598606.00,0.00,7598606.00,,,,,,2019-03-25,2019,2019-03-25,2022-06-13,2022-06-13 00:00:00,,,097,Department of Defense,5700,Department of the Air Force,FA8750,FA8750  AFRL RIK,097,Department of Defense,97AE,Defense Advanced Research Projects Agency,HR0011,DEF ADVANCED RESEARCH PROJECTS AGCY,097-2019/2020-0400-000;097-2020/2021-0400-000;097-2021/2022-0400-000;097-2022/2023-0400-000,097-0400,25.5: Research and development contracts,0001: BASIC RESEARCH;009S: MISCELLANEOUS;00CA: N/A,X,NOT APPLICABLE,,,H7LMD1ANJNN4,080969842,THE TRUSTEES OF THE UNIVERSITY OF PENNSYLVANIA,UNIVERSITY OF PENNSYLVANIA LINGUISTIC DATA CONSORTIUM,,35MX6,H7LMD1ANJNN4,080969842,THE TRUSTEES OF THE UNIVERSITY OF PENNSYLVANIA,UNIVERSITY OF PENNSYLVANIA LINGUISTIC DATA CONSORTIUM,USA,UNITED STATES,3600 MARKET ST STE 810,,PHILADELPHIA,42101,PHILADELPHIA,42,PA,PENNSYLVANIA,191042653,PA-03,PA-03,2157460234,,USA,UNITED STATES,PHILADELPHIA,42101,PHILADELPHIA,42,PA,PENNSYLVANIA,191042653,PA-03,PA-03,AWARD,D,DEFINITIVE CONTRACT,,,,,,,S,COST NO FEE,CONFLICTING ACCOUNT INFORMATION RESORCES INOMNIVOROUS MEDIA,CONFLICTING ACCOUNT INFORMATION RESOURCES IN OMNIVOROUS MEDIA STREAMS (CAIRO-MS),C,FUNDING ONLY ACTION,HR001117S0026,1,OT,OTHER FUNCTIONS,AD92,R&D- DEFENSE OTHER: OTHER (APPLIED RESEARCH/EXPLORATORY DEVELOPMENT),H,NOT BUNDLED,A7,ELECTRONICS AND COMMUNICATION EQUIPMENT,541715,"RESEARCH AND DEVELOPMENT IN THE PHYSICAL, ENGINEERING, AND LIFE SCIENCES (EXCEPT NANOTECHNOLOGY AND BIOTECHNOLOGY)",C,NO CLAUSES INCLUDED AND NO SUSTAINABILITY INCLUDED,B,OTHER U.S. ENTITY (E.G. GOVERNMENT),000,NONE,Z,NOT IT PRODUCTS OR SERVICES,E,NOT REQUIRED,USA,UNITED STATES,C,NOT A MANUFACTURED END PRODUCT,F,INDIVIDUAL SUBCONTRACT PLAN,A,FULL AND OPEN COMPETITION,BR,BASIC RESEARCH,NONE,NO SET ASIDE USED.,NONE,NO PREFERENCE USED,,,,,,,49,D,COMMERCIAL ITEM PROCEDURES NOT USED,f,N,NO,N,NO,Y,YES,N,NO,0.00,N,NO,X,NOT APPLICABLE,X,NOT APPLICABLE,X,NOT APPLICABLE,X,NOT APPLICABLE,,,,,,,,NONE,NONE,N,NO,Y,YES - CAS CLAUSE INCLUDED,N,TRANSACTION DOES NOT USE GFE/GFP,N,NO,X,NO,D,NOT CONSOLIDATED,Y,YES - SERVICE WHERE PBA IS USED.,N,NO,Z,NOT APPLICABLE,N,NO,X,NOT APPLICABLE,f,f,f,f,f,f,f,f,f,f,f,f,f,f,f,f,f,f,f,OTHER THAN SMALL BUSINESS,O,f,f,f,f,f,f,f,f,f,f,f,f,f,f,f,f,f,CORPORATE NOT TAX EXEMPT,t,f,f,f,f,f,f,f,f,t,f,f,f,f,f,f,f,t,f,f,f,f,f,f,f,f,f,f,f,t,f,f,t,f,f,f,f,f,f,f,f,f,f,f,f,f,f,f,f,f,,,,,,,,,,,https://www.usaspending.gov/award/CONT_AWD_FA875018C0013_9700_-NONE-_-NONE-/,2019-03-25 14:35:54+00,2019-03-25 15:37:08+00
9700_-NONE-_FA875018C0013_P00005_-NONE-_1,CONT_AWD_FA875018C0013_9700_-NONE-_-NONE-,FA875018C0013,P00005,1,,,,,221776.00,4159848.00,1474566.03,221775.00,7598606.00,221775.00,7598606.00,,,,,,2019-06-20,2019,2019-06-20,2022-06-13,2022-06-13 00:00:00,,,097,Department of Defense,5700,Department of the Air Force,FA8750,FA8750  AFRL RIK,097,Department of Defense,97AE,Defense Advanced Research Projects Agency,HR0011,DEF ADVANCED RESEARCH PROJECTS AGCY,097-2019/2020-0400-000;097-2020/2021-0400-000;097-2021/2022-0400-000;097-2022/2023-0400-000,097-0400,25.5: Research and development contracts,0001: BASIC RESEARCH;009S: MISCELLANEOUS;00CA: N/A,X,NOT APPLICABLE,,,H7LMD1ANJNN4,080969842,THE TRUSTEES OF THE UNIVERSITY OF PENNSYLVANIA,UNIVERSITY OF PENNSYLVANIA LINGUISTIC DATA CONSORTIUM,,35MX6,GM1XX56LEP58,042250712,"TRUSTEES OF THE UNIVERSITY OF PENNSYLVANIA, THE",UNIVERSITY OF PENNSYLVANIA LINGUISTIC DATA CONSORTIUM,USA,UNITED STATES,3600 MARKET ST STE 810,,PHILADELPHIA,42101,PHILADELPHIA,42,PA,PENNSYLVANIA,191042653,PA-03,PA-03,2157460234,,USA,UNITED STATES,PHILADELPHIA,42101,PHILADELPHIA,42,PA,PENNSYLVANIA,191042653,PA-03,PA-03,AWARD,D,DEFINITIVE CONTRACT,,,,,,,S,COST NO FEE,CONFLICTING ACCOUNT INFORMATION RESOURCES IN OMNIVOROUS MEDIA STREAMS (CAIRO-MS),CONFLICTING ACCOUNT INFORMATION RESOURCES IN OMNIVOROUS MEDIA STREAMS (CAIRO-MS),B,SUPPLEMENTAL AGREEMENT FOR WORK WITHIN SCOPE,HR001117S0026,1,OT,OTHER FUNCTIONS,AD92,R&D- DEFENSE OTHER: OTHER (APPLIED RESEARCH/EXPLORATORY DEVELOPMENT),H,NOT BUNDLED,A7,ELECTRONICS AND COMMUNICATION EQUIPMENT,541715,"RESEARCH AND DEVELOPMENT IN THE PHYSICAL, ENGINEERING, AND LIFE SCIENCES (EXCEPT NANOTECHNOLOGY AND BIOTECHNOLOGY)",C,NO CLAUSES INCLUDED AND NO SUSTAINABILITY INCLUDED,B,OTHER U.S. ENTITY (E.G. GOVERNMENT),000,NONE,Z,NOT IT PRODUCTS OR SERVICES,E,NOT REQUIRED,USA,UNITED STATES,C,NOT A MANUFACTURED END PRODUCT,F,INDIVIDUAL SUBCONTRACT PLAN,A,FULL AND OPEN COMPETITION,BR,BASIC RESEARCH,NONE,NO SET ASIDE USED.,NONE,NO PREFERENCE USED,,,,,,,49,D,COMMERCIAL ITEM PROCEDURES NOT USED,f,N,NO,N,NO,Y,YES,N,NO,0.00,N,NO,X,NOT APPLICABLE,X,NOT APPLICABLE,X,NOT APPLICABLE,X,NOT APPLICABLE,,,,,,,,NONE,NONE,N,NO,Y,YES - CAS CLAUSE INCLUDED,N,TRANSACTION DOES NOT USE GFE/GFP,N,NO,X,NO,D,NOT CONSOLIDATED,Y,YES - SERVICE WHERE PBA IS USED.,N,NO,Z,NOT APPLICABLE,N,NO,X,NOT APPLICABLE,f,f,f,f,f,f,f,f,f,f,f,f,f,f,f,f,f,f,f,OTHER THAN SMALL BUSINESS,O,f,f,f,f,f,f,f,f,f,f,f,f,f,f,f,f,f,CORPORATE NOT TAX EXEMPT,t,f,f,f,f,f,f,f,f,t,f,f,f,f,f,f,f,t,f,f,f,f,f,f,f,f,f,f,f,t,f,f,t,f,f,f,f,f,f,f,f,f,f,f,f,f,f,f,f,f,,,,,,,,,,,https://www.usaspending.gov/award/CONT_AWD_FA875018C0013_9700_-NONE-_-NONE-/,2019-06-21 10:31:42+00,2019-06-21 14:50:40+00
9700_-NONE-_FA875018C0013_P00006_-NONE-_1,CONT_AWD_FA875018C0013_9700_-NONE-_-NONE-,FA875018C0013,P00006,1,,,,,1485590.00,5645438.00,1474566.03,0.00,7598606.00,0.00,7598606.00,Q: Not Designated Nonemergency/Emergency/Disaster/Wildfire Suppression,,,,,2020-06-11,2020,2017-12-13,2022-06-13,2022-06-13 00:00:00,,,097,Department of Defense,5700,Department of the Air Force,FA8750,FA8750  AFRL RIK,097,Department of Defense,97AE,Defense Advanced Research Projects Agency,HR0011,DEF ADVANCED RESEARCH PROJECTS AGCY,097-2019/2020-0400-000;097-2020/2021-0400-000;097-2021/2022-0400-000;097-2022/2023-0400-000,097-0400,25.5: Research and development contracts,0001: BASIC RESEARCH;009S: MISCELLANEOUS;00CA: N/A,X,NOT APPLICABLE,,,H7LMD1ANJNN4,080969842,THE TRUSTEES OF THE UNIVERSITY OF PENNSYLVANIA,UNIVERSITY OF PENNSYLVANIA LINGUISTIC DATA CONSORTIUM,,35MX6,GM1XX56LEP58,042250712,"TRUSTEES OF THE UNIVERSITY OF PENNSYLVANIA, THE",UNIVERSITY OF PENNSYLVANIA LINGUISTIC DATA CONSORTIUM,USA,UNITED STATES,3600 MARKET ST STE 810,,PHILADELPHIA,42101,PHILADELPHIA,42,PA,PENNSYLVANIA,191042653,PA-03,PA-03,2157460234,,USA,UNITED STATES,PHILADELPHIA,42101,PHILADELPHIA,42,PA,PENNSYLVANIA,191042653,PA-03,PA-03,AWARD,D,DEFINITIVE CONTRACT,,,,,,,S,COST NO FEE,CONFLICTING ACCOUNT INFORMATION RESOURCE,CONFLICTING ACCOUNT INFORMATION RESOURCES IN OMNIVOROUS MEDIA STREAMS (CAIRO-MS),C,FUNDING ONLY ACTION,HR001117S0026,1,OT,OTHER FUNCTIONS,AD92,R&D- DEFENSE OTHER: OTHER (APPLIED RESEARCH/EXPLORATORY DEVELOPMENT),H,NOT BUNDLED,A7,ELECTRONICS AND COMMUNICATION EQUIPMENT,541715,"RESEARCH AND DEVELOPMENT IN THE PHYSICAL, ENGINEERING, AND LIFE SCIENCES (EXCEPT NANOTECHNOLOGY AND BIOTECHNOLOGY)",C,NO CLAUSES INCLUDED AND NO SUSTAINABILITY INCLUDED,B,OTHER U.S. ENTITY (E.G. GOVERNMENT),000,NONE,Z,NOT IT PRODUCTS OR SERVICES,E,NOT REQUIRED,USA,UNITED STATES,C,NOT A MANUFACTURED END PRODUCT,F,INDIVIDUAL SUBCONTRACT PLAN,A,FULL AND OPEN COMPETITION,BR,BASIC RESEARCH,NONE,NO SET ASIDE USED.,NONE,NO PREFERENCE USED,,,,,,,49,D,COMMERCIAL ITEM PROCEDURES NOT USED,f,N,NO,N,NO,Y,YES,N,NO,0.00,N,NO,X,NOT APPLICABLE,X,NOT APPLICABLE,X,NOT APPLICABLE,X,NOT APPLICABLE,,,,,,,,NONE,NONE,N,NO,Y,YES - CAS CLAUSE INCLUDED,N,TRANSACTION DOES NOT USE GFE/GFP,N,NO,X,NO,D,NOT CONSOLIDATED,Y,YES - SERVICE WHERE PBA IS USED.,N,NO,Z,NOT APPLICABLE,N,NO,X,NOT APPLICABLE,f,f,f,f,f,f,f,f,f,f,f,f,f,f,f,f,f,f,f,OTHER THAN SMALL BUSINESS,O,f,f,f,f,f,f,f,f,f,f,f,f,f,f,f,f,f,CORPORATE NOT TAX EXEMPT,t,f,f,f,f,f,f,f,f,t,f,f,f,f,f,f,f,t,f,f,f,f,f,f,f,f,f,f,f,t,f,f,t,f,f,f,f,f,f,f,f,f,f,f,f,f,f,f,f,f,,,,,,,,,,,https://www.usaspending.gov/award/CONT_AWD_FA875018C0013_9700_-NONE-_-NONE-/,2020-06-11 16:17:08+00,2020-06-15 10:49:22+00
9700_-NONE-_FA875018C0013_P00007_-NONE-_1,CONT_AWD_FA875018C0013_9700_-NONE-_-NONE-,FA875018C0013,P00007,1,,,,,869531.00,6514969.00,1474566.03,0.00,7598606.00,0.00,7598606.00,Q: Not Designated Nonemergency/Emergency/Disaster/Wildfire Suppression,,,,,2021-05-28,2021,2017-12-13,2022-06-13,2022-06-13 00:00:00,,,097,Department of Defense,5700,Department of the Air Force,FA8750,FA8750  AFRL RIK,097,Department of Defense,97AE,Defense Advanced Research Projects Agency,HR0011,DEF ADVANCED RESEARCH PROJECTS AGCY,097-2019/2020-0400-000;097-2020/2021-0400-000;097-2021/2022-0400-000;097-2022/2023-0400-000,097-0400,25.5: Research and development contracts,0001: BASIC RESEARCH;009S: MISCELLANEOUS;00CA: N/A,X,NOT APPLICABLE,,,H7LMD1ANJNN4,080969842,THE TRUSTEES OF THE UNIVERSITY OF PENNSYLVANIA,UNIVERSITY OF PENNSYLVANIA LINGUISTIC DATA CONSORTIUM,,35MX6,GM1XX56LEP58,042250712,"TRUSTEES OF THE UNIVERSITY OF PENNSYLVANIA, THE",UNIVERSITY OF PENNSYLVANIA LINGUISTIC DATA CONSORTIUM,USA,UNITED STATES,3600 MARKET ST STE 810,,PHILADELPHIA,42101,PHILADELPHIA,42,PA,PENNSYLVANIA,191042653,PA-03,PA-03,2157460234,,USA,UNITED STATES,PHILADELPHIA,42101,PHILADELPHIA,42,PA,PENNSYLVANIA,191042653,PA-03,PA-03,AWARD,D,DEFINITIVE CONTRACT,,,,,,,S,COST NO FEE,CONFLICTING ACCOUNT INFORMATION RESOURCE,CONFLICTING ACCOUNT INFORMATION RESOURCES IN OMNIVOROUS MEDIA STREAMS (CAIRO-MS),C,FUNDING ONLY ACTION,HR001117S0026,1,OT,OTHER FUNCTIONS,AD92,R&D- DEFENSE OTHER: OTHER (APPLIED RESEARCH/EXPLORATORY DEVELOPMENT),H,NOT BUNDLED,A7,ELECTRONICS AND COMMUNICATION EQUIPMENT,541715,"RESEARCH AND DEVELOPMENT IN THE PHYSICAL, ENGINEERING, AND LIFE SCIENCES (EXCEPT NANOTECHNOLOGY AND BIOTECHNOLOGY)",C,NO CLAUSES INCLUDED AND NO SUSTAINABILITY INCLUDED,B,OTHER U.S. ENTITY (E.G. GOVERNMENT),000,NONE,Z,NOT IT PRODUCTS OR SERVICES,E,NOT REQUIRED,USA,UNITED STATES,C,NOT A MANUFACTURED END PRODUCT,F,INDIVIDUAL SUBCONTRACT PLAN,A,FULL AND OPEN COMPETITION,BR,BASIC RESEARCH,NONE,NO SET ASIDE USED.,NONE,NO PREFERENCE USED,,,,,,,49,D,COMMERCIAL ITEM PROCEDURES NOT USED,f,N,NO,N,NO,Y,YES,N,NO,0.00,N,NO,X,NOT APPLICABLE,X,NOT APPLICABLE,X,NOT APPLICABLE,X,NOT APPLICABLE,,,,,,,,NONE,NONE,N,NO,Y,YES - CAS CLAUSE INCLUDED,N,TRANSACTION DOES NOT USE GFE/GFP,N,NO,X,NO,D,NOT CONSOLIDATED,Y,YES - SERVICE WHERE PBA IS USED.,N,NO,Z,NOT APPLICABLE,N,NO,X,NOT APPLICABLE,f,f,f,f,f,f,f,f,f,f,f,f,f,f,f,f,f,f,f,OTHER THAN SMALL BUSINESS,O,f,f,f,f,f,f,f,f,f,f,f,f,f,f,f,f,f,CORPORATE NOT TAX EXEMPT,t,f,f,f,f,f,f,f,f,t,f,f,f,f,f,f,f,t,f,f,f,f,f,f,f,f,f,f,f,t,f,f,t,f,f,f,f,f,f,f,f,f,f,f,f,f,f,f,f,f,,,,,,,,,,,https://www.usaspending.gov/award/CONT_AWD_FA875018C0013_9700_-NONE-_-NONE-/,2021-05-28 07:40:45+00,2021-06-02 08:10:21+00
9700_-NONE-_FA875018C0013_P00008_-NONE-_1,CONT_AWD_FA875018C0013_9700_-NONE-_-NONE-,FA875018C0013,P00008,1,,,,,350000.00,6864969.00,1474566.03,0.00,7598606.00,0.00,7598606.00,Q: Not Designated Nonemergency/Emergency/Disaster/Wildfire Suppression,,,,,2021-11-18,2022,2017-12-13,2022-06-13,2022-06-13 00:00:00,,,097,Department of Defense,5700,Department of the Air Force,FA8750,FA8750  AFRL RIK,097,Department of Defense,97AE,Defense Advanced Research Projects Agency,HR0011,DEF ADVANCED RESEARCH PROJECTS AGCY,097-2019/2020-0400-000;097-2020/2021-0400-000;097-2021/2022-0400-000;097-2022/2023-0400-000,097-0400,25.5: Research and development contracts,0001: BASIC RESEARCH;009S: MISCELLANEOUS;00CA: N/A,X,NOT APPLICABLE,,,H7LMD1ANJNN4,080969842,THE TRUSTEES OF THE UNIVERSITY OF PENNSYLVANIA,UNIVERSITY OF PENNSYLVANIA LINGUISTIC DATA CONSORTIUM,,35MX6,GM1XX56LEP58,042250712,"TRUSTEES OF THE UNIVERSITY OF PENNSYLVANIA, THE",UNIVERSITY OF PENNSYLVANIA LINGUISTIC DATA CONSORTIUM,USA,UNITED STATES,3600 MARKET ST STE 810,,PHILADELPHIA,42101,PHILADELPHIA,42,PA,PENNSYLVANIA,191042653,PA-03,PA-03,2157460234,,USA,UNITED STATES,PHILADELPHIA,42101,PHILADELPHIA,42,PA,PENNSYLVANIA,191042653,PA-03,PA-03,AWARD,D,DEFINITIVE CONTRACT,,,,,,,S,COST NO FEE,CONFLICTING ACCOUNT INFORMATION RESEARCH,CONFLICTING ACCOUNT INFORMATION RESOURCES IN OMNIVOROUS MEDIA STREAMS (CAIRO-MS),C,FUNDING ONLY ACTION,HR001117S0026,1,OT,OTHER FUNCTIONS,AD92,R&D- DEFENSE OTHER: OTHER (APPLIED RESEARCH/EXPLORATORY DEVELOPMENT),H,NOT BUNDLED,A7,ELECTRONICS AND COMMUNICATION EQUIPMENT,541715,"RESEARCH AND DEVELOPMENT IN THE PHYSICAL, ENGINEERING, AND LIFE SCIENCES (EXCEPT NANOTECHNOLOGY AND BIOTECHNOLOGY)",C,NO CLAUSES INCLUDED AND NO SUSTAINABILITY INCLUDED,B,OTHER U.S. ENTITY (E.G. GOVERNMENT),000,NONE,Z,NOT IT PRODUCTS OR SERVICES,E,NOT REQUIRED,USA,UNITED STATES,C,NOT A MANUFACTURED END PRODUCT,F,INDIVIDUAL SUBCONTRACT PLAN,A,FULL AND OPEN COMPETITION,BR,BASIC RESEARCH,NONE,NO SET ASIDE USED.,NONE,NO PREFERENCE USED,,,,,,,49,D,COMMERCIAL ITEM PROCEDURES NOT USED,f,N,NO,N,NO,Y,YES,N,NO,0.00,N,NO,X,NOT APPLICABLE,X,NOT APPLICABLE,X,NOT APPLICABLE,X,NOT APPLICABLE,,,,,,,,NONE,NONE,N,NO,Y,YES - CAS CLAUSE INCLUDED,N,TRANSACTION DOES NOT USE GFE/GFP,N,NO,X,NO,D,NOT CONSOLIDATED,Y,YES - SERVICE WHERE PBA IS USED.,N,NO,Z,NOT APPLICABLE,N,NO,X,NOT APPLICABLE,f,f,f,f,f,f,f,f,f,f,f,f,f,f,f,f,f,f,f,OTHER THAN SMALL BUSINESS,O,f,f,f,f,f,f,f,f,f,f,f,f,f,f,f,f,f,CORPORATE NOT TAX EXEMPT,t,f,f,f,f,f,f,f,f,t,f,f,f,f,f,f,f,t,f,f,f,f,f,f,f,f,f,f,f,t,f,f,t,f,f,f,f,f,f,f,f,f,f,f,f,f,f,f,f,f,,,,,,,,,,,https://www.usaspending.gov/award/CONT_AWD_FA875018C0013_9700_-NONE-_-NONE-/,2021-11-18 12:01:17+00,2021-11-19 08:51:03+00
9700_-NONE-_FA875018C0013_P00009_-NONE-_1,CONT_AWD_FA875018C0013_9700_-NONE-_-NONE-,FA875018C0013,P00009,1,,,,,312750.00,7177719.00,1474566.03,0.00,7598606.00,0.00,7598606.00,Q: Not Designated Nonemergency/Emergency/Disaster/Wildfire Suppression,,,,,2022-02-25,2022,2017-12-13,2023-06-02,2023-06-02 00:00:00,,,097,Department of Defense,5700,Department of the Air Force,FA8750,FA8750  AFRL RIK,097,Department of Defense,97AE,Defense Advanced Research Projects Agency,HR0011,DEF ADVANCED RESEARCH PROJECTS AGCY,097-2019/2020-0400-000;097-2020/2021-0400-000;097-2021/2022-0400-000;097-2022/2023-0400-000,097-0400,25.5: Research and development contracts,0001: BASIC RESEARCH;009S: MISCELLANEOUS;00CA: N/A,X,NOT APPLICABLE,,,H7LMD1ANJNN4,,THE TRUSTEES OF THE UNIVERSITY OF PENNSYLVANIA,UNIVERSITY OF PENNSYLVANIA LINGUISTIC DATA CONSORTIUM,,35MX6,GM1XX56LEP58,,"TRUSTEES OF THE UNIVERSITY OF PENNSYLVANIA, THE",UNIVERSITY OF PENNSYLVANIA LINGUISTIC DATA CONSORTIUM,USA,UNITED STATES,3600 MARKET ST STE 810,,PHILADELPHIA,42101,PHILADELPHIA,42,PA,PENNSYLVANIA,191042653,PA-03,PA-03,2157460234,,USA,UNITED STATES,CAMBRIDGE,25017,MIDDLESEX,25,MA,MASSACHUSETTS,021381119,MA-05,MA-05,AWARD,D,DEFINITIVE CONTRACT,,,,,,,S,COST NO FEE,CONFLICTING ACCOUNT INFORMATION RESOURCE,CONFLICTING ACCOUNT INFORMATION RESOURCES IN OMNIVOROUS MEDIA STREAMS (CAIRO-MS),C,FUNDING ONLY ACTION,HR001117S0026,1,OT,OTHER FUNCTIONS,AD92,R&D- DEFENSE OTHER: OTHER (APPLIED RESEARCH/EXPLORATORY DEVELOPMENT),H,NOT BUNDLED,A7,ELECTRONICS AND COMMUNICATION EQUIPMENT,541715,"RESEARCH AND DEVELOPMENT IN THE PHYSICAL, ENGINEERING, AND LIFE SCIENCES (EXCEPT NANOTECHNOLOGY AND BIOTECHNOLOGY)",C,NO CLAUSES INCLUDED AND NO SUSTAINABILITY INCLUDED,B,OTHER U.S. ENTITY (E.G. GOVERNMENT),000,NONE,Z,NOT IT PRODUCTS OR SERVICES,E,NOT REQUIRED,USA,UNITED STATES,C,NOT A MANUFACTURED END PRODUCT,F,INDIVIDUAL SUBCONTRACT PLAN,A,FULL AND OPEN COMPETITION,BR,BASIC RESEARCH,NONE,NO SET ASIDE USED.,NONE,NO PREFERENCE USED,,,,,,,49,D,COMMERCIAL ITEM PROCEDURES NOT USED,f,N,NO,N,NO,Y,YES,N,NO,0.00,N,NO,X,NOT APPLICABLE,X,NOT APPLICABLE,X,NOT APPLICABLE,X,NOT APPLICABLE,,,,,,,,NONE,NONE,N,NO,Y,YES - CAS CLAUSE INCLUDED,N,TRANSACTION DOES NOT USE GFE/GFP,N,NO,X,NO,D,NOT CONSOLIDATED,Y,YES - SERVICE WHERE PBA IS USED.,N,NO,Z,NOT APPLICABLE,N,NO,X,NOT APPLICABLE,f,f,f,f,f,f,f,f,f,f,f,f,f,f,f,f,f,f,f,OTHER THAN SMALL BUSINESS,O,f,f,f,f,f,f,f,f,f,f,f,f,f,f,f,f,f,CORPORATE NOT TAX EXEMPT,t,f,f,f,f,f,f,f,f,t,f,f,f,f,f,f,f,t,f,f,f,f,f,f,f,f,f,f,f,t,f,f,t,f,f,f,f,f,f,f,f,f,f,f,f,f,f,f,f,f,,,,,,,,,,,https://www.usaspending.gov/award/CONT_AWD_FA875018C0013_9700_-NONE-_-NONE-/,2022-02-25 13:46:41+00,2022-02-28 07:42:50+00
9700_-NONE-_FA875018C0013_P00010_-NONE-_1,CONT_AWD_FA875018C0013_9700_-NONE-_-NONE-,FA875018C0013,P00010,1,,,,,0.00,7177719.00,1474566.03,0.00,7598606.00,0.00,7598606.00,Q: Not Designated Nonemergency/Emergency/Disaster/Wildfire Suppression,,,,,2022-03-10,2022,2017-12-13,2022-09-13,2022-09-13 00:00:00,,,097,Department of Defense,5700,Department of the Air Force,FA8750,FA8750  AFRL RIK,097,Department of Defense,97AE,Defense Advanced Research Projects Agency,HR0011,DEF ADVANCED RESEARCH PROJECTS AGCY,097-2019/2020-0400-000;097-2020/2021-0400-000;097-2021/2022-0400-000;097-2022/2023-0400-000,097-0400,25.5: Research and development contracts,0001: BASIC RESEARCH;009S: MISCELLANEOUS;00CA: N/A,X,NOT APPLICABLE,,,H7LMD1ANJNN4,,THE TRUSTEES OF THE UNIVERSITY OF PENNSYLVANIA,UNIVERSITY OF PENNSYLVANIA LINGUISTIC DATA CONSORTIUM,,35MX6,GM1XX56LEP58,,"TRUSTEES OF THE UNIVERSITY OF PENNSYLVANIA, THE",UNIVERSITY OF PENNSYLVANIA LINGUISTIC DATA CONSORTIUM,USA,UNITED STATES,3600 MARKET ST STE 810,,PHILADELPHIA,42101,PHILADELPHIA,42,PA,PENNSYLVANIA,191042653,PA-03,PA-03,2157460234,,USA,UNITED STATES,PHILADELPHIA,42101,PHILADELPHIA,42,PA,PENNSYLVANIA,191042653,PA-03,PA-03,AWARD,D,DEFINITIVE CONTRACT,,,,,,,S,COST NO FEE,CONFLICTING ACCOUNT INFORMATION RESOURCE,CONFLICTING ACCOUNT INFORMATION RESOURCES IN OMNIVOROUS MEDIA STREAMS (CAIRO-MS),B,SUPPLEMENTAL AGREEMENT FOR WORK WITHIN SCOPE,HR001117S0026,1,OT,OTHER FUNCTIONS,AD92,R&D- DEFENSE OTHER: OTHER (APPLIED RESEARCH/EXPLORATORY DEVELOPMENT),H,NOT BUNDLED,A7,ELECTRONICS AND COMMUNICATION EQUIPMENT,541715,"RESEARCH AND DEVELOPMENT IN THE PHYSICAL, ENGINEERING, AND LIFE SCIENCES (EXCEPT NANOTECHNOLOGY AND BIOTECHNOLOGY)",C,NO CLAUSES INCLUDED AND NO SUSTAINABILITY INCLUDED,B,OTHER U.S. ENTITY (E.G. GOVERNMENT),000,NONE,Z,NOT IT PRODUCTS OR SERVICES,E,NOT REQUIRED,USA,UNITED STATES,C,NOT A MANUFACTURED END PRODUCT,F,INDIVIDUAL SUBCONTRACT PLAN,A,FULL AND OPEN COMPETITION,BR,BASIC RESEARCH,NONE,NO SET ASIDE USED.,NONE,NO PREFERENCE USED,,,,,,,49,D,COMMERCIAL ITEM PROCEDURES NOT USED,f,N,NO,N,NO,Y,YES,N,NO,0.00,N,NO,X,NOT APPLICABLE,X,NOT APPLICABLE,X,NOT APPLICABLE,X,NOT APPLICABLE,,,,,,,,NONE,NONE,N,NO,Y,YES - CAS CLAUSE INCLUDED,N,TRANSACTION DOES NOT USE GFE/GFP,N,NO,X,NO,D,NOT CONSOLIDATED,Y,YES - SERVICE WHERE PBA IS USED.,N,NO,Z,NOT APPLICABLE,N,NO,X,NOT APPLICABLE,f,f,f,f,f,f,f,f,f,f,f,f,f,f,f,f,f,f,f,OTHER THAN SMALL BUSINESS,O,f,f,f,f,f,f,f,f,f,f,f,f,f,f,f,f,f,CORPORATE NOT TAX EXEMPT,t,f,f,f,f,f,f,f,f,t,f,f,f,f,f,f,f,t,f,f,f,f,f,f,f,f,f,f,f,t,f,f,t,f,f,f,f,f,f,f,f,f,f,f,f,f,f,f,f,f,,,,,,,,,,,https://www.usaspending.gov/award/CONT_AWD_FA875018C0013_9700_-NONE-_-NONE-/,2022-03-10 13:37:07+00,2022-03-10 14:42:35+00
9700_-NONE-_FA875018C0013_P00011_-NONE-_1,CONT_AWD_FA875018C0013_9700_-NONE-_-NONE-,FA875018C0013,P00011,1,,,,,420887.00,7598606.00,1474566.03,0.00,7598606.00,0.00,7598606.00,Q: Not Designated Nonemergency/Emergency/Disaster/Wildfire Suppression,,,,,2022-06-15,2022,2017-12-13,2022-09-13,2022-09-13 00:00:00,,,097,Department of Defense,5700,Department of the Air Force,FA8750,FA8750  AFRL RIK,097,Department of Defense,97AE,Defense Advanced Research Projects Agency,HR0011,DEF ADVANCED RESEARCH PROJECTS AGCY,097-2019/2020-0400-000;097-2020/2021-0400-000;097-2021/2022-0400-000;097-2022/2023-0400-000,097-0400,25.5: Research and development contracts,0001: BASIC RESEARCH;009S: MISCELLANEOUS;00CA: N/A,X,NOT APPLICABLE,,,H7LMD1ANJNN4,,THE TRUSTEES OF THE UNIVERSITY OF PENNSYLVANIA,UNIVERSITY OF PENNSYLVANIA LINGUISTIC DATA CONSORTIUM,,35MX6,GM1XX56LEP58,,"TRUSTEES OF THE UNIVERSITY OF PENNSYLVANIA, THE",UNIVERSITY OF PENNSYLVANIA LINGUISTIC DATA CONSORTIUM,USA,UNITED STATES,3600 MARKET ST STE 810,,PHILADELPHIA,42101,PHILADELPHIA,42,PA,PENNSYLVANIA,191042653,PA-03,PA-03,2157460234,,USA,UNITED STATES,PHILADELPHIA,42101,PHILADELPHIA,42,PA,PENNSYLVANIA,191042653,PA-03,PA-03,AWARD,D,DEFINITIVE CONTRACT,,,,,,,S,COST NO FEE,CONFLICTING ACCOUNT INFORMATION RESOURCE,CONFLICTING ACCOUNT INFORMATION RESOURCES IN OMNIVOROUS MEDIA STREAMS (CAIRO-MS),C,FUNDING ONLY ACTION,HR001117S0026,1,OT,OTHER FUNCTIONS,AD92,R&D- DEFENSE OTHER: OTHER (APPLIED RESEARCH/EXPLORATORY DEVELOPMENT),H,NOT BUNDLED,A7,ELECTRONICS AND COMMUNICATION EQUIPMENT,541715,"RESEARCH AND DEVELOPMENT IN THE PHYSICAL, ENGINEERING, AND LIFE SCIENCES (EXCEPT NANOTECHNOLOGY AND BIOTECHNOLOGY)",C,NO CLAUSES INCLUDED AND NO SUSTAINABILITY INCLUDED,B,OTHER U.S. ENTITY (E.G. GOVERNMENT),000,NONE,Z,NOT IT PRODUCTS OR SERVICES,E,NOT REQUIRED,USA,UNITED STATES,C,NOT A MANUFACTURED END PRODUCT,F,INDIVIDUAL SUBCONTRACT PLAN,A,FULL AND OPEN COMPETITION,BR,BASIC RESEARCH,NONE,NO SET ASIDE USED.,NONE,NO PREFERENCE USED,,,,,,,49,D,COMMERCIAL PRODUCTS/SERVICES PROCEDURES NOT USED,f,N,NO,N,NO,Y,YES,N,NO,0.00,N,NO,X,NOT APPLICABLE,X,NOT APPLICABLE,X,NOT APPLICABLE,X,NOT APPLICABLE,,,,,,,,NONE,NONE,N,NO,Y,YES - CAS CLAUSE INCLUDED,N,TRANSACTION DOES NOT USE GFE/GFP,N,NO,X,NO,D,NOT CONSOLIDATED,Y,YES - SERVICE WHERE PBA IS USED.,N,NO,Z,NOT APPLICABLE,N,NO,X,NOT APPLICABLE,f,f,f,f,f,f,f,f,f,f,f,f,f,f,f,f,f,f,f,OTHER THAN SMALL BUSINESS,O,f,f,f,f,f,f,f,f,f,f,f,f,f,f,f,f,f,CORPORATE NOT TAX EXEMPT,t,f,f,f,f,f,f,f,f,t,f,f,f,f,f,f,f,t,f,f,f,f,f,f,f,f,f,f,f,t,f,f,t,f,f,f,f,f,f,f,f,f,f,f,f,f,f,f,f,f,,,,,,,,,,,https://www.usaspending.gov/award/CONT_AWD_FA875018C0013_9700_-NONE-_-NONE-/,2022-06-15 15:51:03+00,2022-06-16 10:23:13+00
9700_-NONE-_FA875018C0013_P00012_-NONE-_1,CONT_AWD_FA875018C0013_9700_-NONE-_-NONE-,FA875018C0013,P00012,1,,,,,0.00,7598606.00,1474566.03,0.00,7598606.00,0.00,7598606.00,Q: Not Designated Nonemergency/Emergency/Disaster/Wildfire Suppression,,,,,2022-09-20,2022,2017-12-13,2023-01-31,2023-01-31 00:00:00,,,097,Department of Defense,5700,Department of the Air Force,FA8750,FA8750  AFRL RIK,097,Department of Defense,97AE,Defense Advanced Research Projects Agency,HR0011,DEF ADVANCED RESEARCH PROJECTS AGCY,097-2019/2020-0400-000;097-2020/2021-0400-000;097-2021/2022-0400-000;097-2022/2023-0400-000,097-0400,25.5: Research and development contracts,0001: BASIC RESEARCH;009S: MISCELLANEOUS;00CA: N/A,X,NOT APPLICABLE,,,H7LMD1ANJNN4,,THE TRUSTEES OF THE UNIVERSITY OF PENNSYLVANIA,UNIVERSITY OF PENNSYLVANIA LINGUISTIC DATA CONSORTIUM,,35MX6,GM1XX56LEP58,,"TRUSTEES OF THE UNIVERSITY OF PENNSYLVANIA, THE",UNIVERSITY OF PENNSYLVANIA LINGUISTIC DATA CONSORTIUM,USA,UNITED STATES,3600 MARKET ST STE 810,,PHILADELPHIA,42101,PHILADELPHIA,42,PA,PENNSYLVANIA,191042653,PA-03,PA-03,2157460234,,USA,UNITED STATES,PHILADELPHIA,42101,PHILADELPHIA,42,PA,PENNSYLVANIA,191042653,PA-03,PA-03,AWARD,D,DEFINITIVE CONTRACT,,,,,,,S,COST NO FEE,"""RESEARCH AND DEVELOPMENT OF CONFLICTING ACCOUNT INFORMATION",CONFLICTING ACCOUNT INFORMATION RESOURCES IN OMNIVOROUS MEDIA STREAMS (CAIRO-MS),B,SUPPLEMENTAL AGREEMENT FOR WORK WITHIN SCOPE,HR001117S0026,1,OT,OTHER FUNCTIONS,AD92,R&D- DEFENSE OTHER: OTHER (APPLIED RESEARCH/EXPLORATORY DEVELOPMENT),H,NOT BUNDLED,A7,ELECTRONICS AND COMMUNICATION EQUIPMENT,541715,"RESEARCH AND DEVELOPMENT IN THE PHYSICAL, ENGINEERING, AND LIFE SCIENCES (EXCEPT NANOTECHNOLOGY AND BIOTECHNOLOGY)",C,NO CLAUSES INCLUDED AND NO SUSTAINABILITY INCLUDED,B,OTHER U.S. ENTITY (E.G. GOVERNMENT),000,NONE,Z,NOT IT PRODUCTS OR SERVICES,E,NOT REQUIRED,USA,UNITED STATES,C,NOT A MANUFACTURED END PRODUCT,F,INDIVIDUAL SUBCONTRACT PLAN,A,FULL AND OPEN COMPETITION,BR,BASIC RESEARCH,NONE,NO SET ASIDE USED.,NONE,NO PREFERENCE USED,,,,,,,49,D,COMMERCIAL PRODUCTS/SERVICES PROCEDURES NOT USED,f,N,NO,N,NO,Y,YES,N,NO,0.00,N,NO,X,NOT APPLICABLE,X,NOT APPLICABLE,X,NOT APPLICABLE,X,NOT APPLICABLE,,,,,,,,NONE,NONE,N,NO,Y,YES - CAS CLAUSE INCLUDED,N,TRANSACTION DOES NOT USE GFE/GFP,N,NO,X,NO,D,NOT CONSOLIDATED,Y,YES - SERVICE WHERE PBA IS USED.,N,NO,Z,NOT APPLICABLE,N,NO,X,NOT APPLICABLE,f,f,f,f,f,f,f,f,f,f,f,f,f,f,f,f,f,f,f,OTHER THAN SMALL BUSINESS,O,f,f,f,f,f,f,f,f,f,f,f,f,f,f,f,f,f,CORPORATE NOT TAX EXEMPT,t,f,f,f,f,f,f,f,f,t,f,f,f,f,f,f,f,t,f,f,f,f,f,f,f,f,f,f,f,t,f,f,t,f,f,f,f,f,f,f,f,f,f,f,f,f,f,f,f,f,,,,,,,,,,,https://www.usaspending.gov/award/CONT_AWD_FA875018C0013_9700_-NONE-_-NONE-/,2022-09-20 14:14:56+00,2022-09-21 11:02:59+00
9700_-NONE-_FA875019C0203_0_-NONE-_0,CONT_AWD_FA875019C0203_9700_-NONE-_-NONE-,FA875019C0203,0,0,,,,,1038755.00,5098414.00,0.00,6214485.00,6214485.00,6214485.00,6214485.00,,,,,,2019-09-06,2019,2019-09-06,2024-03-06,2024-03-06 00:00:00,,2019-06-07,097,Department of Defense,5700,Department of the Air Force,FA8750,FA8750  AFRL RIK,097,Department of Defense,97AE,Defense Advanced Research Projects Agency,HR0011,DEF ADVANCED RESEARCH PROJECTS AGCY,097-2019/2020-0400-000;097-2020/2021-0400-000;097-2021/2022-0400-000;097-2022/2023-0400-000,097-0400,25.5: Research and development contracts,0001: BASIC RESEARCH;009S: MISCELLANEOUS,X,NOT APPLICABLE,,,H7LMD1ANJNN4,,THE TRUSTEES OF THE UNIVERSITY OF PENNSYLVANIA,UNIVERSITY OF PENNSYLVANIA LINGUISTIC DATA CONSORTIUM,,35MX6,GM1XX56LEP58,,"TRUSTEES OF THE UNIVERSITY OF PENNSYLVANIA, THE",UNIVERSITY OF PENNSYLVANIA LINGUISTIC DATA CONSORTIUM,USA,UNITED STATES,3600 MARKET ST STE 810,,PHILADELPHIA,42101,PHILADELPHIA,42,PA,PENNSYLVANIA,191042653,PA-03,PA-03,2155736711,,USA,UNITED STATES,PHILADELPHIA,42101,PHILADELPHIA,42,PA,PENNSYLVANIA,191042653,PA-03,PA-03,AWARD,D,DEFINITIVE CONTRACT,,,,,,,S,COST NO FEE,CORPORA OF ANNOTATED EVENTS REPRESENTED UNDER SCHEMAS (CAERUS),CORPORA OF ANNOTATED EVENTS REPRESENTED UNDER SCHEMAS (CAERUS),,,HR001119S0014,1,OT,OTHER FUNCTIONS,AD92,R&D- DEFENSE OTHER: OTHER (APPLIED RESEARCH/EXPLORATORY DEVELOPMENT),H,NOT BUNDLED,A7,ELECTRONICS AND COMMUNICATION EQUIPMENT,541715,"RESEARCH AND DEVELOPMENT IN THE PHYSICAL, ENGINEERING, AND LIFE SCIENCES (EXCEPT NANOTECHNOLOGY AND BIOTECHNOLOGY)",C,NO CLAUSES INCLUDED AND NO SUSTAINABILITY INCLUDED,A,U.S. OWNED BUSINESS,000,NONE,Z,NOT IT PRODUCTS OR SERVICES,E,NOT REQUIRED,USA,UNITED STATES,C,NOT A MANUFACTURED END PRODUCT,F,INDIVIDUAL SUBCONTRACT PLAN,A,FULL AND OPEN COMPETITION,BR,BASIC RESEARCH,NONE,NO SET ASIDE USED.,NONE,NO PREFERENCE USED,,,,,,,35,D,COMMERCIAL ITEM PROCEDURES NOT USED,f,N,NO,N,NO,Y,YES,N,NO,0.00,N,NO,X,NOT APPLICABLE,X,NOT APPLICABLE,X,NOT APPLICABLE,X,NOT APPLICABLE,,,,,,,,NONE,NONE,N,NO,Y,YES - CAS CLAUSE INCLUDED,N,TRANSACTION DOES NOT USE GFE/GFP,N,NO,X,NO,D,NOT CONSOLIDATED,Y,YES - SERVICE WHERE PBA IS USED.,N,NO,Z,NOT APPLICABLE,N,NO,X,NOT APPLICABLE,f,f,f,f,f,f,f,f,f,f,f,f,f,f,f,f,f,f,f,OTHER THAN SMALL BUSINESS,O,f,f,f,f,f,f,f,f,f,f,f,f,f,f,f,f,f,CORPORATE NOT TAX EXEMPT,t,f,f,f,f,f,f,f,f,t,f,f,f,f,f,f,f,t,f,f,f,f,f,f,f,f,f,f,f,t,f,f,t,f,f,f,f,f,f,f,f,f,f,f,f,f,f,f,f,f,,,,,,,,,,,https://www.usaspending.gov/award/CONT_AWD_FA875019C0203_9700_-NONE-_-NONE-/,2019-07-25 15:24:46+00,2026-07-21 11:05:46+00
9700_-NONE-_FA875019C0203_P00001_-NONE-_0,CONT_AWD_FA875019C0203_9700_-NONE-_-NONE-,FA875019C0203,P00001,0,,,,,850000.00,1888755.00,0.00,0.00,6214485.00,0.00,6214485.00,Q: Not Designated Nonemergency/Emergency/Disaster/Wildfire Suppression,,,,,2020-06-09,2020,2019-09-06,2024-03-06,2024-03-06 00:00:00,,2019-06-07,097,Department of Defense,5700,Department of the Air Force,FA8750,FA8750  AFRL RIK,097,Department of Defense,97AE,Defense Advanced Research Projects Agency,HR0011,DEF ADVANCED RESEARCH PROJECTS AGCY,097-2019/2020-0400-000;097-2020/2021-0400-000;097-2021/2022-0400-000;097-2022/2023-0400-000,097-0400,25.5: Research and development contracts,0001: BASIC RESEARCH;009S: MISCELLANEOUS,X,NOT APPLICABLE,,,H7LMD1ANJNN4,080969842,THE TRUSTEES OF THE UNIVERSITY OF PENNSYLVANIA,UNIVERSITY OF PENNSYLVANIA LINGUISTIC DATA CONSORTIUM,,35MX6,GM1XX56LEP58,042250712,"TRUSTEES OF THE UNIVERSITY OF PENNSYLVANIA, THE",UNIVERSITY OF PENNSYLVANIA LINGUISTIC DATA CONSORTIUM,USA,UNITED STATES,3600 MARKET ST STE 810,,PHILADELPHIA,42101,PHILADELPHIA,42,PA,PENNSYLVANIA,191042653,PA-03,PA-03,2155736711,,USA,UNITED STATES,PHILADELPHIA,42101,PHILADELPHIA,42,PA,PENNSYLVANIA,191042653,PA-03,PA-03,AWARD,D,DEFINITIVE CONTRACT,,,,,,,S,COST NO FEE,CORPORA OF ANNOTATED EVENTS REPRESENTED UNDER SCHEMAS (CAERUS),CORPORA OF ANNOTATED EVENTS REPRESENTED UNDER SCHEMAS (CAERUS),C,FUNDING ONLY ACTION,HR001119S0014,1,OT,OTHER FUNCTIONS,AD92,R&D- DEFENSE OTHER: OTHER (APPLIED RESEARCH/EXPLORATORY DEVELOPMENT),H,NOT BUNDLED,A7,ELECTRONICS AND COMMUNICATION EQUIPMENT,541715,"RESEARCH AND DEVELOPMENT IN THE PHYSICAL, ENGINEERING, AND LIFE SCIENCES (EXCEPT NANOTECHNOLOGY AND BIOTECHNOLOGY)",C,NO CLAUSES INCLUDED AND NO SUSTAINABILITY INCLUDED,A,U.S. OWNED BUSINESS,000,NONE,Z,NOT IT PRODUCTS OR SERVICES,E,NOT REQUIRED,USA,UNITED STATES,C,NOT A MANUFACTURED END PRODUCT,F,INDIVIDUAL SUBCONTRACT PLAN,A,FULL AND OPEN COMPETITION,BR,BASIC RESEARCH,NONE,NO SET ASIDE USED.,NONE,NO PREFERENCE USED,,,,,,,35,D,COMMERCIAL ITEM PROCEDURES NOT USED,f,N,NO,N,NO,Y,YES,N,NO,0.00,N,NO,X,NOT APPLICABLE,X,NOT APPLICABLE,X,NOT APPLICABLE,X,NOT APPLICABLE,,,,,,,,NONE,NONE,N,NO,Y,YES - CAS CLAUSE INCLUDED,N,TRANSACTION DOES NOT USE GFE/GFP,N,NO,X,NO,D,NOT CONSOLIDATED,Y,YES - SERVICE WHERE PBA IS USED.,N,NO,Z,NOT APPLICABLE,N,NO,X,NOT APPLICABLE,f,f,f,f,f,f,f,f,f,f,f,f,f,f,f,f,f,f,f,OTHER THAN SMALL BUSINESS,O,f,f,f,f,f,f,f,f,f,f,f,f,f,f,f,f,f,CORPORATE NOT TAX EXEMPT,t,f,f,f,f,f,f,f,f,t,f,f,f,f,f,f,f,t,f,f,f,f,f,f,f,f,f,f,f,t,f,f,t,f,f,f,f,f,f,f,f,f,f,f,f,f,f,f,f,f,,,,,,,,,,,https://www.usaspending.gov/award/CONT_AWD_FA875019C0203_9700_-NONE-_-NONE-/,2020-06-08 13:52:57+00,2020-10-09 08:02:53+00
9700_-NONE-_FA875019C0203_P00002_-NONE-_0,CONT_AWD_FA875019C0203_9700_-NONE-_-NONE-,FA875019C0203,P00002,0,,,,,1107589.00,2996344.00,0.00,0.00,6214485.00,0.00,6214485.00,Q: Not Designated Nonemergency/Emergency/Disaster/Wildfire Suppression,,,,,2021-04-06,2021,2019-09-06,2024-03-06,2024-03-06 00:00:00,,2019-06-07,097,Department of Defense,5700,Department of the Air Force,FA8750,FA8750  AFRL RIK,097,Department of Defense,97AE,Defense Advanced Research Projects Agency,HR0011,DEF ADVANCED RESEARCH PROJECTS AGCY,097-2019/2020-0400-000;097-2020/2021-0400-000;097-2021/2022-0400-000;097-2022/2023-0400-000,097-0400,25.5: Research and development contracts,0001: BASIC RESEARCH;009S: MISCELLANEOUS,X,NOT APPLICABLE,,,H7LMD1ANJNN4,080969842,THE TRUSTEES OF THE UNIVERSITY OF PENNSYLVANIA,UNIVERSITY OF PENNSYLVANIA LINGUISTIC DATA CONSORTIUM,,35MX6,GM1XX56LEP58,042250712,"TRUSTEES OF THE UNIVERSITY OF PENNSYLVANIA, THE",UNIVERSITY OF PENNSYLVANIA LINGUISTIC DATA CONSORTIUM,USA,UNITED STATES,3600 MARKET ST STE 810,,PHILADELPHIA,42101,PHILADELPHIA,42,PA,PENNSYLVANIA,191042653,PA-03,PA-03,2155736711,,USA,UNITED STATES,PHILADELPHIA,42101,PHILADELPHIA,42,PA,PENNSYLVANIA,191042653,PA-03,PA-03,AWARD,D,DEFINITIVE CONTRACT,,,,,,,S,COST NO FEE,CORPORA OF ANNOTATED EVENTS REPRESENTED UNDER SCHEMAS (CAERUS),CORPORA OF ANNOTATED EVENTS REPRESENTED UNDER SCHEMAS (CAERUS),C,FUNDING ONLY ACTION,HR001119S0014,1,OT,OTHER FUNCTIONS,AD92,R&D- DEFENSE OTHER: OTHER (APPLIED RESEARCH/EXPLORATORY DEVELOPMENT),H,NOT BUNDLED,A7,ELECTRONICS AND COMMUNICATION EQUIPMENT,541715,"RESEARCH AND DEVELOPMENT IN THE PHYSICAL, ENGINEERING, AND LIFE SCIENCES (EXCEPT NANOTECHNOLOGY AND BIOTECHNOLOGY)",C,NO CLAUSES INCLUDED AND NO SUSTAINABILITY INCLUDED,A,U.S. OWNED BUSINESS,000,NONE,Z,NOT IT PRODUCTS OR SERVICES,E,NOT REQUIRED,USA,UNITED STATES,C,NOT A MANUFACTURED END PRODUCT,F,INDIVIDUAL SUBCONTRACT PLAN,A,FULL AND OPEN COMPETITION,BR,BASIC RESEARCH,NONE,NO SET ASIDE USED.,NONE,NO PREFERENCE USED,,,,,,,35,D,COMMERCIAL ITEM PROCEDURES NOT USED,f,N,NO,N,NO,Y,YES,N,NO,0.00,N,NO,X,NOT APPLICABLE,X,NOT APPLICABLE,X,NOT APPLICABLE,X,NOT APPLICABLE,,,,,,,,NONE,NONE,N,NO,Y,YES - CAS CLAUSE INCLUDED,N,TRANSACTION DOES NOT USE GFE/GFP,N,NO,X,NO,D,NOT CONSOLIDATED,Y,YES - SERVICE WHERE PBA IS USED.,N,NO,Z,NOT APPLICABLE,N,NO,X,NOT APPLICABLE,f,f,f,f,f,f,f,f,f,f,f,f,f,f,f,f,f,f,f,OTHER THAN SMALL BUSINESS,O,f,f,f,f,f,f,f,f,f,f,f,f,f,f,f,f,f,CORPORATE NOT TAX EXEMPT,t,f,f,f,f,f,f,f,f,t,f,f,f,f,f,f,f,t,f,f,f,f,f,f,f,f,f,f,f,t,f,f,t,f,f,f,f,f,f,f,f,f,f,f,f,f,f,f,f,f,,,,,,,,,,,https://www.usaspending.gov/award/CONT_AWD_FA875019C0203_9700_-NONE-_-NONE-/,2021-03-25 13:51:24+00,2021-04-07 10:01:58+00
9700_-NONE-_FA875019C0203_P00003_-NONE-_0,CONT_AWD_FA875019C0203_9700_-NONE-_-NONE-,FA875019C0203,P00003,0,,,,,300000.00,3296344.00,0.00,0.00,6214485.00,0.00,6214485.00,Q: Not Designated Nonemergency/Emergency/Disaster/Wildfire Suppression,,,,,2022-01-04,2022,2019-09-06,2024-03-06,2024-03-06 00:00:00,,2019-06-07,097,Department of Defense,5700,Department of the Air Force,FA8750,FA8750  AFRL RIK,097,Department of Defense,97AE,Defense Advanced Research Projects Agency,HR0011,DEF ADVANCED RESEARCH PROJECTS AGCY,097-2019/2020-0400-000;097-2020/2021-0400-000;097-2021/2022-0400-000;097-2022/2023-0400-000,097-0400,25.5: Research and development contracts,0001: BASIC RESEARCH;009S: MISCELLANEOUS,X,NOT APPLICABLE,,,H7LMD1ANJNN4,,THE TRUSTEES OF THE UNIVERSITY OF PENNSYLVANIA,UNIVERSITY OF PENNSYLVANIA LINGUISTIC DATA CONSORTIUM,,35MX6,GM1XX56LEP58,,"TRUSTEES OF THE UNIVERSITY OF PENNSYLVANIA, THE",UNIVERSITY OF PENNSYLVANIA LINGUISTIC DATA CONSORTIUM,USA,UNITED STATES,3600 MARKET ST STE 810,,PHILADELPHIA,42101,PHILADELPHIA,42,PA,PENNSYLVANIA,191042653,PA-03,PA-03,2155736711,,USA,UNITED STATES,PHILADELPHIA,42101,PHILADELPHIA,42,PA,PENNSYLVANIA,191042653,PA-03,PA-03,AWARD,D,DEFINITIVE CONTRACT,,,,,,,S,COST NO FEE,CORPORA OF ANNOTATED EVENTS REPRESENTED UNDER SCHEMAS (CAERUS),CORPORA OF ANNOTATED EVENTS REPRESENTED UNDER SCHEMAS (CAERUS),C,FUNDING ONLY ACTION,HR001119S0014,1,OT,OTHER FUNCTIONS,AD92,R&D- DEFENSE OTHER: OTHER (APPLIED RESEARCH/EXPLORATORY DEVELOPMENT),H,NOT BUNDLED,A7,ELECTRONICS AND COMMUNICATION EQUIPMENT,541715,"RESEARCH AND DEVELOPMENT IN THE PHYSICAL, ENGINEERING, AND LIFE SCIENCES (EXCEPT NANOTECHNOLOGY AND BIOTECHNOLOGY)",C,NO CLAUSES INCLUDED AND NO SUSTAINABILITY INCLUDED,A,U.S. OWNED BUSINESS,000,NONE,Z,NOT IT PRODUCTS OR SERVICES,E,NOT REQUIRED,USA,UNITED STATES,C,NOT A MANUFACTURED END PRODUCT,F,INDIVIDUAL SUBCONTRACT PLAN,A,FULL AND OPEN COMPETITION,BR,BASIC RESEARCH,NONE,NO SET ASIDE USED.,NONE,NO PREFERENCE USED,,,,,,,35,D,COMMERCIAL ITEM PROCEDURES NOT USED,f,N,NO,N,NO,Y,YES,N,NO,0.00,N,NO,X,NOT APPLICABLE,X,NOT APPLICABLE,X,NOT APPLICABLE,X,NOT APPLICABLE,,,,,,,,NONE,NONE,N,NO,Y,YES - CAS CLAUSE INCLUDED,N,TRANSACTION DOES NOT USE GFE/GFP,N,NO,X,NO,D,NOT CONSOLIDATED,Y,YES - SERVICE WHERE PBA IS USED.,N,NO,Z,NOT APPLICABLE,N,NO,X,NOT APPLICABLE,f,f,f,f,f,f,f,f,f,f,f,f,f,f,f,f,f,f,f,OTHER THAN SMALL BUSINESS,O,f,f,f,f,f,f,f,f,f,f,f,f,f,f,f,f,f,CORPORATE NOT TAX EXEMPT,t,f,f,f,f,f,f,f,f,t,f,f,f,f,f,f,f,t,f,f,f,f,f,f,f,f,f,f,f,t,f,f,t,f,f,f,f,f,f,f,f,f,f,f,f,f,f,f,f,f,,,,,,,,,,,https://www.usaspending.gov/award/CONT_AWD_FA875019C0203_9700_-NONE-_-NONE-/,2021-12-22 15:11:42+00,2022-01-04 14:10:40+00
9700_-NONE-_FA875019C0203_P00004_-NONE-_0,CONT_AWD_FA875019C0203_9700_-NONE-_-NONE-,FA875019C0203,P00004,0,,,,,0.00,4333414.00,0.00,0.00,6214485.00,0.00,6214485.00,Q: Not Designated Nonemergency/Emergency/Disaster/Wildfire Suppression,,,,,2022-05-03,2022,2019-09-06,2024-03-06,2024-03-06 00:00:00,,2019-06-07,097,Department of Defense,5700,Department of the Air Force,FA8750,FA8750  AFRL RIK,097,Department of Defense,97AE,Defense Advanced Research Projects Agency,HR0011,DEF ADVANCED RESEARCH PROJECTS AGCY,097-2019/2020-0400-000;097-2020/2021-0400-000;097-2021/2022-0400-000;097-2022/2023-0400-000,097-0400,25.5: Research and development contracts,0001: BASIC RESEARCH;009S: MISCELLANEOUS,X,NOT APPLICABLE,,,H7LMD1ANJNN4,,THE TRUSTEES OF THE UNIVERSITY OF PENNSYLVANIA,UNIVERSITY OF PENNSYLVANIA LINGUISTIC DATA CONSORTIUM,,35MX6,GM1XX56LEP58,,"TRUSTEES OF THE UNIVERSITY OF PENNSYLVANIA, THE",UNIVERSITY OF PENNSYLVANIA LINGUISTIC DATA CONSORTIUM,USA,UNITED STATES,3600 MARKET ST STE 810,,PHILADELPHIA,42101,PHILADELPHIA,42,PA,PENNSYLVANIA,191042653,PA-03,PA-03,2155736711,,USA,UNITED STATES,PHILADELPHIA,42101,PHILADELPHIA,42,PA,PENNSYLVANIA,191042653,PA-03,PA-03,AWARD,D,DEFINITIVE CONTRACT,,,,,,,S,COST NO FEE,CORPORA OF ANNOTATED EVENTS REPRESENTED UNDER SCHEMAS (CAERUS),CORPORA OF ANNOTATED EVENTS REPRESENTED UNDER SCHEMAS (CAERUS),M,OTHER ADMINISTRATIVE ACTION,HR001119S0014,1,OT,OTHER FUNCTIONS,AD92,R&D- DEFENSE OTHER: OTHER (APPLIED RESEARCH/EXPLORATORY DEVELOPMENT),H,NOT BUNDLED,A7,ELECTRONICS AND COMMUNICATION EQUIPMENT,541715,"RESEARCH AND DEVELOPMENT IN THE PHYSICAL, ENGINEERING, AND LIFE SCIENCES (EXCEPT NANOTECHNOLOGY AND BIOTECHNOLOGY)",C,NO CLAUSES INCLUDED AND NO SUSTAINABILITY INCLUDED,A,U.S. OWNED BUSINESS,000,NONE,Z,NOT IT PRODUCTS OR SERVICES,E,NOT REQUIRED,USA,UNITED STATES,C,NOT A MANUFACTURED END PRODUCT,F,INDIVIDUAL SUBCONTRACT PLAN,A,FULL AND OPEN COMPETITION,BR,BASIC RESEARCH,NONE,NO SET ASIDE USED.,NONE,NO PREFERENCE USED,,,,,,,35,D,COMMERCIAL ITEM PROCEDURES NOT USED,f,N,NO,N,NO,Y,YES,N,NO,0.00,N,NO,X,NOT APPLICABLE,X,NOT APPLICABLE,X,NOT APPLICABLE,X,NOT APPLICABLE,,,,,,,,NONE,NONE,N,NO,Y,YES - CAS CLAUSE INCLUDED,N,TRANSACTION DOES NOT USE GFE/GFP,N,NO,X,NO,D,NOT CONSOLIDATED,Y,YES - SERVICE WHERE PBA IS USED.,N,NO,Z,NOT APPLICABLE,N,NO,X,NOT APPLICABLE,f,f,f,f,f,f,f,f,f,f,f,f,f,f,f,f,f,f,f,OTHER THAN SMALL BUSINESS,O,f,f,f,f,f,f,f,f,f,f,f,f,f,f,f,f,f,CORPORATE NOT TAX EXEMPT,t,f,f,f,f,f,f,f,f,t,f,f,f,f,f,f,f,t,f,f,f,f,f,f,f,f,f,f,f,t,f,f,t,f,f,f,f,f,f,f,f,f,f,f,f,f,f,f,f,f,,,,,,,,,,,https://www.usaspending.gov/award/CONT_AWD_FA875019C0203_9700_-NONE-_-NONE-/,2022-05-03 14:28:52+00,2022-05-04 13:31:39+00
9700_-NONE-_FA875019C0203_P00005_-NONE-_0,CONT_AWD_FA875019C0203_9700_-NONE-_-NONE-,FA875019C0203,P00005,0,,,,,1037070.00,4333414.00,0.00,0.00,6214485.00,0.00,6214485.00,Q: Not Designated Nonemergency/Emergency/Disaster/Wildfire Suppression,,,,,2022-05-23,2022,2019-09-06,2024-03-06,2024-03-06 00:00:00,,2019-06-07,097,Department of Defense,5700,Department of the Air Force,FA8750,FA8750  AFRL RIK,097,Department of Defense,97AE,Defense Advanced Research Projects Agency,HR0011,DEF ADVANCED RESEARCH PROJECTS AGCY,097-2019/2020-0400-000;097-2020/2021-0400-000;097-2021/2022-0400-000;097-2022/2023-0400-000,097-0400,25.5: Research and development contracts,0001: BASIC RESEARCH;009S: MISCELLANEOUS,X,NOT APPLICABLE,,,H7LMD1ANJNN4,,THE TRUSTEES OF THE UNIVERSITY OF PENNSYLVANIA,UNIVERSITY OF PENNSYLVANIA LINGUISTIC DATA CONSORTIUM,,35MX6,GM1XX56LEP58,,"TRUSTEES OF THE UNIVERSITY OF PENNSYLVANIA, THE",UNIVERSITY OF PENNSYLVANIA LINGUISTIC DATA CONSORTIUM,USA,UNITED STATES,3600 MARKET ST STE 810,,PHILADELPHIA,42101,PHILADELPHIA,42,PA,PENNSYLVANIA,191042653,PA-03,PA-03,2155736711,,USA,UNITED STATES,PHILADELPHIA,42101,PHILADELPHIA,42,PA,PENNSYLVANIA,191042653,PA-03,PA-03,AWARD,D,DEFINITIVE CONTRACT,,,,,,,S,COST NO FEE,CORPORA OF ANNOTATED EVENTS REPRESENTED UNDER SCHEMAS (CAERUS),CORPORA OF ANNOTATED EVENTS REPRESENTED UNDER SCHEMAS (CAERUS),C,FUNDING ONLY ACTION,HR001119S0014,1,OT,OTHER FUNCTIONS,AD92,R&D- DEFENSE OTHER: OTHER (APPLIED RESEARCH/EXPLORATORY DEVELOPMENT),H,NOT BUNDLED,A7,ELECTRONICS AND COMMUNICATION EQUIPMENT,541715,"RESEARCH AND DEVELOPMENT IN THE PHYSICAL, ENGINEERING, AND LIFE SCIENCES (EXCEPT NANOTECHNOLOGY AND BIOTECHNOLOGY)",C,NO CLAUSES INCLUDED AND NO SUSTAINABILITY INCLUDED,A,U.S. OWNED BUSINESS,000,NONE,Z,NOT IT PRODUCTS OR SERVICES,E,NOT REQUIRED,USA,UNITED STATES,C,NOT A MANUFACTURED END PRODUCT,F,INDIVIDUAL SUBCONTRACT PLAN,A,FULL AND OPEN COMPETITION,BR,BASIC RESEARCH,NONE,NO SET ASIDE USED.,NONE,NO PREFERENCE USED,,,,,,,35,D,COMMERCIAL PRODUCTS/SERVICES PROCEDURES NOT USED,f,N,NO,N,NO,Y,YES,N,NO,0.00,N,NO,X,NOT APPLICABLE,X,NOT APPLICABLE,X,NOT APPLICABLE,X,NOT APPLICABLE,,,,,,,,NONE,NONE,N,NO,Y,YES - CAS CLAUSE INCLUDED,N,TRANSACTION DOES NOT USE GFE/GFP,N,NO,X,NO,D,NOT CONSOLIDATED,Y,YES - SERVICE WHERE PBA IS USED.,N,NO,Z,NOT APPLICABLE,N,NO,X,NOT APPLICABLE,f,f,f,f,f,f,f,f,f,f,f,f,f,f,f,f,f,f,f,OTHER THAN SMALL BUSINESS,O,f,f,f,f,f,f,f,f,f,f,f,f,f,f,f,f,f,CORPORATE NOT TAX EXEMPT,t,f,f,f,f,f,f,f,f,t,f,f,f,f,f,f,f,t,f,f,f,f,f,f,f,f,f,f,f,t,f,f,t,f,f,f,f,f,f,f,f,f,f,f,f,f,f,f,f,f,,,,,,,,,,,https://www.usaspending.gov/award/CONT_AWD_FA875019C0203_9700_-NONE-_-NONE-/,2022-05-23 09:20:30+00,2022-05-24 07:34:21+00
9700_-NONE-_FA875019C0203_P00006_-NONE-_0,CONT_AWD_FA875019C0203_9700_-NONE-_-NONE-,FA875019C0203,P00006,0,,,,,765000.00,5098414.00,0.00,0.00,6214485.00,0.00,6214485.00,Q: Not Designated Nonemergency/Emergency/Disaster/Wildfire Suppression,,,,,2022-08-23,2022,2019-09-06,2024-03-06,2024-03-06 00:00:00,,2019-06-07,097,Department of Defense,5700,Department of the Air Force,FA8750,FA8750  AFRL RIK,097,Department of Defense,97AE,Defense Advanced Research Projects Agency,HR0011,DEF ADVANCED RESEARCH PROJECTS AGCY,097-2019/2020-0400-000;097-2020/2021-0400-000;097-2021/2022-0400-000;097-2022/2023-0400-000,097-0400,25.5: Research and development contracts,0001: BASIC RESEARCH;009S: MISCELLANEOUS,X,NOT APPLICABLE,,,H7LMD1ANJNN4,,THE TRUSTEES OF THE UNIVERSITY OF PENNSYLVANIA,UNIVERSITY OF PENNSYLVANIA LINGUISTIC DATA CONSORTIUM,,35MX6,GM1XX56LEP58,,"TRUSTEES OF THE UNIVERSITY OF PENNSYLVANIA, THE",UNIVERSITY OF PENNSYLVANIA LINGUISTIC DATA CONSORTIUM,USA,UNITED STATES,3600 MARKET ST STE 810,,PHILADELPHIA,42101,PHILADELPHIA,42,PA,PENNSYLVANIA,191042653,PA-03,PA-03,2155736711,,USA,UNITED STATES,ROME,36065,ONEIDA,36,NY,NEW YORK,134414121,NY-22,NY-21,AWARD,D,DEFINITIVE CONTRACT,,,,,,,S,COST NO FEE,CORPORA OF ANNOTATED EVENTS REPRESENTED UNDER SCHEMAS (CAERUS),CORPORA OF ANNOTATED EVENTS REPRESENTED UNDER SCHEMAS (CAERUS),C,FUNDING ONLY ACTION,HR001119S0014,1,OT,OTHER FUNCTIONS,AD92,R&D- DEFENSE OTHER: OTHER (APPLIED RESEARCH/EXPLORATORY DEVELOPMENT),H,NOT BUNDLED,A7,ELECTRONICS AND COMMUNICATION EQUIPMENT,541715,"RESEARCH AND DEVELOPMENT IN THE PHYSICAL, ENGINEERING, AND LIFE SCIENCES (EXCEPT NANOTECHNOLOGY AND BIOTECHNOLOGY)",C,NO CLAUSES INCLUDED AND NO SUSTAINABILITY INCLUDED,A,U.S. OWNED BUSINESS,000,NONE,Z,NOT IT PRODUCTS OR SERVICES,E,NOT REQUIRED,USA,UNITED STATES,C,NOT A MANUFACTURED END PRODUCT,F,INDIVIDUAL SUBCONTRACT PLAN,A,FULL AND OPEN COMPETITION,BR,BASIC RESEARCH,NONE,NO SET ASIDE USED.,NONE,NO PREFERENCE USED,,,,,,,35,D,COMMERCIAL PRODUCTS/SERVICES PROCEDURES NOT USED,f,N,NO,N,NO,Y,YES,N,NO,0.00,N,NO,X,NOT APPLICABLE,X,NOT APPLICABLE,X,NOT APPLICABLE,X,NOT APPLICABLE,,,,,,,,NONE,NONE,N,NO,Y,YES - CAS CLAUSE INCLUDED,N,TRANSACTION DOES NOT USE GFE/GFP,N,NO,X,NO,D,NOT CONSOLIDATED,Y,YES - SERVICE WHERE PBA IS USED.,N,NO,Z,NOT APPLICABLE,N,NO,X,NOT APPLICABLE,f,f,f,f,f,f,f,f,f,f,f,f,f,f,f,f,f,f,f,OTHER THAN SMALL BUSINESS,O,f,f,f,f,f,f,f,f,f,f,f,f,f,f,f,f,f,CORPORATE NOT TAX EXEMPT,t,f,f,f,f,f,f,f,f,t,f,f,f,f,f,f,f,t,f,f,f,f,f,f,f,f,f,f,f,t,f,f,t,f,f,f,f,f,f,f,f,f,f,f,f,f,f,f,f,f,,,,,,,,,,,https://www.usaspending.gov/award/CONT_AWD_FA875019C0203_9700_-NONE-_-NONE-/,2022-08-22 12:40:44+00,2022-08-24 10:50:33+00
9700_-NONE-_FA875019C0203_P00008_-NONE-_0,CONT_AWD_FA875019C0203_9700_-NONE-_-NONE-,FA875019C0203,P00008,0,,,,,0.00,5098414.00,0.00,0.00,6214485.00,0.00,6214485.00,Q: Not Designated Nonemergency/Emergency/Disaster/Wildfire Suppression,,,,,2024-03-04,2024,2019-09-06,2024-06-28,2024-06-28 00:00:00,,2019-06-07,097,Department of Defense,5700,Department of the Air Force,FA8750,FA8750  AFRL RIK,097,Department of Defense,97AE,Defense Advanced Research Projects Agency,HR0011,DEF ADVANCED RESEARCH PROJECTS AGCY,097-2019/2020-0400-000;097-2020/2021-0400-000;097-2021/2022-0400-000;097-2022/2023-0400-000,097-0400,25.5: Research and development contracts,0001: BASIC RESEARCH;009S: MISCELLANEOUS,X,NOT APPLICABLE,,,H7LMD1ANJNN4,,THE TRUSTEES OF THE UNIVERSITY OF PENNSYLVANIA,UNIVERSITY OF PENNSYLVANIA LINGUISTIC DATA CONSORTIUM,,35MX6,H7LMD1ANJNN4,,THE TRUSTEES OF THE UNIVERSITY OF PENNSYLVANIA,THE TRUSTEES OF THE UNIVERSITY OF PENNSYLVANIA,USA,UNITED STATES,3600 MARKET ST STE 810,,PHILADELPHIA,42101,PHILADELPHIA,42,PA,PENNSYLVANIA,191042653,PA-03,PA-03,2155736711,,USA,UNITED STATES,PHILADELPHIA,42101,PHILADELPHIA,42,PA,PENNSYLVANIA,191046284,PA-03,PA-03,AWARD,D,DEFINITIVE CONTRACT,,,,,,,S,COST NO FEE,CORPORA OF ANNOTATED EVENTS REPRESENTED UNDER SCHEMAS (CAERUS),CORPORA OF ANNOTATED EVENTS REPRESENTED UNDER SCHEMAS (CAERUS),B,SUPPLEMENTAL AGREEMENT FOR WORK WITHIN SCOPE,HR001119S0014,1,OT,OTHER FUNCTIONS,AD92,R&D- DEFENSE OTHER: OTHER (APPLIED RESEARCH/EXPLORATORY DEVELOPMENT),H,NOT BUNDLED,A7,ELECTRONICS AND COMMUNICATION EQUIPMENT,541715,"RESEARCH AND DEVELOPMENT IN THE PHYSICAL, ENGINEERING, AND LIFE SCIENCES (EXCEPT NANOTECHNOLOGY AND BIOTECHNOLOGY)",C,NO CLAUSES INCLUDED AND NO SUSTAINABILITY INCLUDED,A,U.S. OWNED BUSINESS,000,NONE,Z,NOT IT PRODUCTS OR SERVICES,E,NOT REQUIRED,USA,UNITED STATES,C,NOT A MANUFACTURED END PRODUCT,F,INDIVIDUAL SUBCONTRACT PLAN,A,FULL AND OPEN COMPETITION,BR,BASIC RESEARCH,NONE,NO SET ASIDE USED.,NONE,NO PREFERENCE USED,,,,,,,35,D,COMMERCIAL PRODUCTS/SERVICES PROCEDURES NOT USED,f,N,NO,N,NO,Y,YES,N,NO,0.00,N,NO,X,NOT APPLICABLE,X,NOT APPLICABLE,X,NOT APPLICABLE,X,NOT APPLICABLE,,,,,,,,,,N,NO,Y,YES - CAS CLAUSE INCLUDED,N,TRANSACTION DOES NOT USE GFE/GFP,N,NO,X,NO,D,NOT CONSOLIDATED,Y,YES - SERVICE WHERE PBA IS USED.,N,NO,Z,NOT APPLICABLE,N,NO,X,NOT APPLICABLE,f,f,f,f,f,f,f,f,f,f,f,f,f,f,f,f,f,f,f,OTHER THAN SMALL BUSINESS,O,f,f,f,f,f,f,f,f,f,f,f,f,f,f,f,f,f,CORPORATE NOT TAX EXEMPT,t,f,f,f,f,f,f,f,f,t,f,f,f,f,f,f,f,t,f,f,f,f,f,f,f,f,f,f,f,t,f,f,t,f,f,f,f,f,f,f,f,f,f,f,f,f,f,f,f,f,,,,,,,,,,,https://www.usaspending.gov/award/CONT_AWD_FA875019C0203_9700_-NONE-_-NONE-/,2024-03-04 09:24:40+00,2024-03-06 12:07:23+00
9700_-NONE-_HR001122C0033_0_-NONE-_0,CONT_AWD_HR001122C0033_9700_-NONE-_-NONE-,HR001122C0033,0,0,,,,,559193.00,559193.00,,3215986.00,3215986.00,8702407.00,8702407.00,Q: Not Designated Nonemergency/Emergency/Disaster/Wildfire Suppression,,,,,2022-01-10,2022,2022-01-11,2023-07-11,2024-01-11 00:00:00,,2021-06-25,097,Department of Defense,97AE,Defense Advanced Research Projects Agency,HR0011,DEF ADVANCED RESEARCH PROJECTS AGCY,097,Department of Defense,97AE,Defense Advanced Research Projects Agency,HR0011,DEF ADVANCED RESEARCH PROJECTS AGCY,097-2021/2022-0400-000;097-2022/2023-0400-000,097-0400,25.5: Research and development contracts,0001: BASIC RESEARCH,X,NOT APPLICABLE,,,H7LMD1ANJNN4,,THE TRUSTEES OF THE UNIVERSITY OF PENNSYLVANIA,UNIVERSITY OF PENNSYLVANIA LINGUISTIC DATA CONSORTIUM,,35MX6,GM1XX56LEP58,,"TRUSTEES OF THE UNIVERSITY OF PENNSYLVANIA, THE",UNIVERSITY OF PENNSYLVANIA LINGUISTIC DATA CONSORTIUM,USA,UNITED STATES,3600 MARKET ST STE 810,,PHILADELPHIA,42101,PHILADELPHIA,42,PA,PENNSYLVANIA,191042653,PA-03,PA-03,2157460234,,USA,UNITED STATES,PHILADELPHIA,42101,PHILADELPHIA,42,PA,PENNSYLVANIA,191042653,PA-03,PA-03,AWARD,D,DEFINITIVE CONTRACT,,,,,,,S,COST NO FEE,COMPUTATIONAL CULTURAL UNDERSTANDING,COMPUTATIONAL CULTURAL UNDERSTANDING,,,HR001121S0024,1,OT,OTHER FUNCTIONS,AC12,NATIONAL DEFENSE R&D SERVICES; DEPARTMENT OF DEFENSE - MILITARY; APPLIED RESEARCH,H,NOT BUNDLED,C9E,ALL OTHERS NOT IDENTIFIABLE TO ANY OTHER PROCUREMENT PROGRAM,541715,"RESEARCH AND DEVELOPMENT IN THE PHYSICAL, ENGINEERING, AND LIFE SCIENCES (EXCEPT NANOTECHNOLOGY AND BIOTECHNOLOGY)",C,NO CLAUSES INCLUDED AND NO SUSTAINABILITY INCLUDED,A,U.S. OWNED BUSINESS,000,NONE,Z,NOT IT PRODUCTS OR SERVICES,E,NOT REQUIRED,USA,UNITED STATES,C,NOT A MANUFACTURED END PRODUCT,F,INDIVIDUAL SUBCONTRACT PLAN,A,FULL AND OPEN COMPETITION,BR,BASIC RESEARCH,NONE,NO SET ASIDE USED.,NONE,NO PREFERENCE USED,,,,,,,23,D,COMMERCIAL ITEM PROCEDURES NOT USED,f,N,NO,N,NO,Y,YES,N,NO,0.00,N,NO,X,NOT APPLICABLE,N,NO,X,NOT APPLICABLE,X,NOT APPLICABLE,,,,,,,,NONE,NONE,N,NO,Y,YES - CAS CLAUSE INCLUDED,N,TRANSACTION DOES NOT USE GFE/GFP,N,NO,X,NO,D,NOT CONSOLIDATED,N,NO - SERVICE WHERE PBA IS NOT USED.,N,NO,Z,NOT APPLICABLE,N,NO,X,NOT APPLICABLE,f,f,f,f,f,f,f,f,f,f,f,f,f,f,f,f,f,f,f,OTHER THAN SMALL BUSINESS,O,f,f,f,f,f,f,f,f,f,f,f,f,f,f,f,f,f,CORPORATE NOT TAX EXEMPT,t,f,f,f,f,f,f,f,f,t,f,f,f,f,f,f,f,t,f,f,f,f,f,f,f,f,f,f,f,t,f,f,t,f,f,f,f,f,f,f,f,f,f,f,f,f,f,f,f,f,,,,,,,,,,,https://www.usaspending.gov/award/CONT_AWD_HR001122C0033_9700_-NONE-_-NONE-/,2021-11-30 15:49:56+00,2022-01-11 09:19:53+00
9700_-NONE-_HR001122C0033_P00001_-NONE-_0,CONT_AWD_HR001122C0033_9700_-NONE-_-NONE-,HR001122C0033,P00001,0,,,,,0.00,559193.00,,0.00,3215986.00,0.00,8702407.00,Q: Not Designated Nonemergency/Emergency/Disaster/Wildfire Suppression,,,,,2022-01-25,2022,2022-01-11,2023-07-11,2024-01-11 00:00:00,,2021-06-25,097,Department of Defense,97AE,Defense Advanced Research Projects Agency,HR0011,DEF ADVANCED RESEARCH PROJECTS AGCY,097,Department of Defense,97AE,Defense Advanced Research Projects Agency,HR0011,DEF ADVANCED RESEARCH PROJECTS AGCY,097-2021/2022-0400-000;097-2022/2023-0400-000,097-0400,25.5: Research and development contracts,0001: BASIC RESEARCH,X,NOT APPLICABLE,,,H7LMD1ANJNN4,,THE TRUSTEES OF THE UNIVERSITY OF PENNSYLVANIA,UNIVERSITY OF PENNSYLVANIA LINGUISTIC DATA CONSORTIUM,,35MX6,GM1XX56LEP58,,"TRUSTEES OF THE UNIVERSITY OF PENNSYLVANIA, THE",UNIVERSITY OF PENNSYLVANIA LINGUISTIC DATA CONSORTIUM,USA,UNITED STATES,3600 MARKET ST STE 810,,PHILADELPHIA,42101,PHILADELPHIA,42,PA,PENNSYLVANIA,191042653,PA-03,PA-03,2157460234,,USA,UNITED STATES,PHILADELPHIA,42101,PHILADELPHIA,42,PA,PENNSYLVANIA,191042653,PA-03,PA-03,AWARD,D,DEFINITIVE CONTRACT,,,,,,,S,COST NO FEE,COMPUTATIONAL CULTURAL UNDERSTANDING,COMPUTATIONAL CULTURAL UNDERSTANDING,M,OTHER ADMINISTRATIVE ACTION,HR001121S0024,1,OT,OTHER FUNCTIONS,AC12,NATIONAL DEFENSE R&D SERVICES; DEPARTMENT OF DEFENSE - MILITARY; APPLIED RESEARCH,H,NOT BUNDLED,C9E,ALL OTHERS NOT IDENTIFIABLE TO ANY OTHER PROCUREMENT PROGRAM,541715,"RESEARCH AND DEVELOPMENT IN THE PHYSICAL, ENGINEERING, AND LIFE SCIENCES (EXCEPT NANOTECHNOLOGY AND BIOTECHNOLOGY)",C,NO CLAUSES INCLUDED AND NO SUSTAINABILITY INCLUDED,A,U.S. OWNED BUSINESS,000,NONE,Z,NOT IT PRODUCTS OR SERVICES,E,NOT REQUIRED,USA,UNITED STATES,C,NOT A MANUFACTURED END PRODUCT,F,INDIVIDUAL SUBCONTRACT PLAN,A,FULL AND OPEN COMPETITION,BR,BASIC RESEARCH,NONE,NO SET ASIDE USED.,NONE,NO PREFERENCE USED,,,,,,,23,D,COMMERCIAL ITEM PROCEDURES NOT USED,f,N,NO,N,NO,Y,YES,N,NO,0.00,N,NO,X,NOT APPLICABLE,N,NO,X,NOT APPLICABLE,X,NOT APPLICABLE,,,,,,,,NONE,NONE,N,NO,Y,YES - CAS CLAUSE INCLUDED,N,TRANSACTION DOES NOT USE GFE/GFP,N,NO,X,NO,D,NOT CONSOLIDATED,N,NO - SERVICE WHERE PBA IS NOT USED.,N,NO,Z,NOT APPLICABLE,N,NO,X,NOT APPLICABLE,f,f,f,f,f,f,f,f,f,f,f,f,f,f,f,f,f,f,f,OTHER THAN SMALL BUSINESS,O,f,f,f,f,f,f,f,f,f,f,f,f,f,f,f,f,f,CORPORATE NOT TAX EXEMPT,t,f,f,f,f,f,f,f,f,t,f,f,f,f,f,f,f,t,f,f,f,f,f,f,f,f,f,f,f,t,f,f,t,f,f,f,f,f,f,f,f,f,f,f,f,f,f,f,f,f,,,,,,,,,,,https://www.usaspending.gov/award/CONT_AWD_HR001122C0033_9700_-NONE-_-NONE-/,2022-01-25 14:14:19+00,2022-01-25 14:14:23+00
9700_-NONE-_HR001122C0033_P00002_-NONE-_0,CONT_AWD_HR001122C0033_9700_-NONE-_-NONE-,HR001122C0033,P00002,0,,,,,0.00,559193.00,,0.00,3215986.00,0.00,8702407.00,Q: Not Designated Nonemergency/Emergency/Disaster/Wildfire Suppression,,,,,2022-02-18,2022,2022-01-11,2023-07-11,2024-01-11 00:00:00,,2021-06-25,097,Department of Defense,97AE,Defense Advanced Research Projects Agency,HR0011,DEF ADVANCED RESEARCH PROJECTS AGCY,097,Department of Defense,97AE,Defense Advanced Research Projects Agency,HR0011,DEF ADVANCED RESEARCH PROJECTS AGCY,097-2021/2022-0400-000;097-2022/2023-0400-000,097-0400,25.5: Research and development contracts,0001: BASIC RESEARCH,X,NOT APPLICABLE,,,H7LMD1ANJNN4,,THE TRUSTEES OF THE UNIVERSITY OF PENNSYLVANIA,UNIVERSITY OF PENNSYLVANIA LINGUISTIC DATA CONSORTIUM,,35MX6,GM1XX56LEP58,,"TRUSTEES OF THE UNIVERSITY OF PENNSYLVANIA, THE",UNIVERSITY OF PENNSYLVANIA LINGUISTIC DATA CONSORTIUM,USA,UNITED STATES,3600 MARKET ST STE 810,,PHILADELPHIA,42101,PHILADELPHIA,42,PA,PENNSYLVANIA,191042653,PA-03,PA-03,2157460234,,USA,UNITED STATES,PHILADELPHIA,42101,PHILADELPHIA,42,PA,PENNSYLVANIA,191042653,PA-03,PA-03,AWARD,D,DEFINITIVE CONTRACT,,,,,,,S,COST NO FEE,COMPUTATIONAL CULTURAL UNDERSTANDING,COMPUTATIONAL CULTURAL UNDERSTANDING,M,OTHER ADMINISTRATIVE ACTION,HR001121S0024,1,OT,OTHER FUNCTIONS,AC12,NATIONAL DEFENSE R&D SERVICES; DEPARTMENT OF DEFENSE - MILITARY; APPLIED RESEARCH,H,NOT BUNDLED,C9E,ALL OTHERS NOT IDENTIFIABLE TO ANY OTHER PROCUREMENT PROGRAM,541715,"RESEARCH AND DEVELOPMENT IN THE PHYSICAL, ENGINEERING, AND LIFE SCIENCES (EXCEPT NANOTECHNOLOGY AND BIOTECHNOLOGY)",C,NO CLAUSES INCLUDED AND NO SUSTAINABILITY INCLUDED,A,U.S. OWNED BUSINESS,000,NONE,Z,NOT IT PRODUCTS OR SERVICES,E,NOT REQUIRED,USA,UNITED STATES,C,NOT A MANUFACTURED END PRODUCT,F,INDIVIDUAL SUBCONTRACT PLAN,A,FULL AND OPEN COMPETITION,BR,BASIC RESEARCH,NONE,NO SET ASIDE USED.,NONE,NO PREFERENCE USED,,,,,,,23,D,COMMERCIAL ITEM PROCEDURES NOT USED,f,N,NO,N,NO,Y,YES,N,NO,0.00,N,NO,X,NOT APPLICABLE,N,NO,X,NOT APPLICABLE,X,NOT APPLICABLE,,,,,,,,NONE,NONE,N,NO,Y,YES - CAS CLAUSE INCLUDED,N,TRANSACTION DOES NOT USE GFE/GFP,N,NO,X,NO,D,NOT CONSOLIDATED,N,NO - SERVICE WHERE PBA IS NOT USED.,N,NO,Z,NOT APPLICABLE,N,NO,X,NOT APPLICABLE,f,f,f,f,f,f,f,f,f,f,f,f,f,f,f,f,f,f,f,OTHER THAN SMALL BUSINESS,O,f,f,f,f,f,f,f,f,f,f,f,f,f,f,f,f,f,CORPORATE NOT TAX EXEMPT,t,f,f,f,f,f,f,f,f,t,f,f,f,f,f,f,f,t,f,f,f,f,f,f,f,f,f,f,f,t,f,f,t,f,f,f,f,f,f,f,f,f,f,f,f,f,f,f,f,f,,,,,,,,,,,https://www.usaspending.gov/award/CONT_AWD_HR001122C0033_9700_-NONE-_-NONE-/,2022-02-18 07:50:15+00,2022-02-18 07:50:17+00
9700_-NONE-_HR001122C0033_P00003_-NONE-_0,CONT_AWD_HR001122C0033_9700_-NONE-_-NONE-,HR001122C0033,P00003,0,,,,,900000.00,1679193.00,,0.00,3215986.00,0.00,8702407.00,Q: Not Designated Nonemergency/Emergency/Disaster/Wildfire Suppression,,,,,2022-06-03,2022,2022-01-11,2023-07-11,2024-01-11 00:00:00,,2021-06-25,097,Department of Defense,97AE,Defense Advanced Research Projects Agency,HR0011,DEF ADVANCED RESEARCH PROJECTS AGCY,097,Department of Defense,97AE,Defense Advanced Research Projects Agency,HR0011,DEF ADVANCED RESEARCH PROJECTS AGCY,097-2021/2022-0400-000;097-2022/2023-0400-000,097-0400,25.5: Research and development contracts,0001: BASIC RESEARCH,X,NOT APPLICABLE,,,H7LMD1ANJNN4,,THE TRUSTEES OF THE UNIVERSITY OF PENNSYLVANIA,UNIVERSITY OF PENNSYLVANIA LINGUISTIC DATA CONSORTIUM,,35MX6,GM1XX56LEP58,,"TRUSTEES OF THE UNIVERSITY OF PENNSYLVANIA, THE",UNIVERSITY OF PENNSYLVANIA LINGUISTIC DATA CONSORTIUM,USA,UNITED STATES,3600 MARKET ST STE 810,,PHILADELPHIA,42101,PHILADELPHIA,42,PA,PENNSYLVANIA,191042653,PA-03,PA-03,2157460234,,USA,UNITED STATES,PHILADELPHIA,42101,PHILADELPHIA,42,PA,PENNSYLVANIA,191042653,PA-03,PA-03,AWARD,D,DEFINITIVE CONTRACT,,,,,,,S,COST NO FEE,COMPUTATIONAL CULTURAL UNDERSTANDING,COMPUTATIONAL CULTURAL UNDERSTANDING,C,FUNDING ONLY ACTION,HR001121S0024,1,OT,OTHER FUNCTIONS,AC12,NATIONAL DEFENSE R&D SERVICES; DEPARTMENT OF DEFENSE - MILITARY; APPLIED RESEARCH,H,NOT BUNDLED,C9E,ALL OTHERS NOT IDENTIFIABLE TO ANY OTHER PROCUREMENT PROGRAM,541715,"RESEARCH AND DEVELOPMENT IN THE PHYSICAL, ENGINEERING, AND LIFE SCIENCES (EXCEPT NANOTECHNOLOGY AND BIOTECHNOLOGY)",C,NO CLAUSES INCLUDED AND NO SUSTAINABILITY INCLUDED,A,U.S. OWNED BUSINESS,000,NONE,Z,NOT IT PRODUCTS OR SERVICES,E,NOT REQUIRED,USA,UNITED STATES,C,NOT A MANUFACTURED END PRODUCT,F,INDIVIDUAL SUBCONTRACT PLAN,A,FULL AND OPEN COMPETITION,BR,BASIC RESEARCH,NONE,NO SET ASIDE USED.,NONE,NO PREFERENCE USED,,,,,,,23,D,COMMERCIAL PRODUCTS/SERVICES PROCEDURES NOT USED,f,N,NO,N,NO,Y,YES,N,NO,0.00,N,NO,X,NOT APPLICABLE,N,NO,X,NOT APPLICABLE,X,NOT APPLICABLE,,,,,,,,NONE,NONE,N,NO,Y,YES - CAS CLAUSE INCLUDED,N,TRANSACTION DOES NOT USE GFE/GFP,N,NO,X,NO,D,NOT CONSOLIDATED,N,NO - SERVICE WHERE PBA IS NOT USED.,N,NO,Z,NOT APPLICABLE,N,NO,X,NOT APPLICABLE,f,f,f,f,f,f,f,f,f,f,f,f,f,f,f,f,f,f,f,OTHER THAN SMALL BUSINESS,O,f,f,f,f,f,f,f,f,f,f,f,f,f,f,f,f,f,CORPORATE NOT TAX EXEMPT,t,f,f,f,f,f,f,f,f,t,f,f,f,f,f,f,f,t,f,f,f,f,f,f,f,f,f,f,f,t,f,f,t,f,f,f,f,f,f,f,f,f,f,f,f,f,f,f,f,f,,,,,,,,,,,https://www.usaspending.gov/award/CONT_AWD_HR001122C0033_9700_-NONE-_-NONE-/,2022-06-03 11:29:43+00,2022-06-03 11:29:45+00
9700_-NONE-_HR001122C0033_P00004_-NONE-_0,CONT_AWD_HR001122C0033_9700_-NONE-_-NONE-,HR001122C0033,P00004,0,,,,,220000.00,1679193.00,,0.00,3215986.00,0.00,8702407.00,Q: Not Designated Nonemergency/Emergency/Disaster/Wildfire Suppression,,,,,2022-07-26,2022,2022-01-11,2023-07-11,2024-07-11 00:00:00,,2021-06-25,097,Department of Defense,97AE,Defense Advanced Research Projects Agency,HR0011,DEF ADVANCED RESEARCH PROJECTS AGCY,097,Department of Defense,97AE,Defense Advanced Research Projects Agency,HR0011,DEF ADVANCED RESEARCH PROJECTS AGCY,097-2021/2022-0400-000;097-2022/2023-0400-000,097-0400,25.5: Research and development contracts,0001: BASIC RESEARCH,X,NOT APPLICABLE,,,H7LMD1ANJNN4,,THE TRUSTEES OF THE UNIVERSITY OF PENNSYLVANIA,UNIVERSITY OF PENNSYLVANIA LINGUISTIC DATA CONSORTIUM,,35MX6,GM1XX56LEP58,,"TRUSTEES OF THE UNIVERSITY OF PENNSYLVANIA, THE",UNIVERSITY OF PENNSYLVANIA LINGUISTIC DATA CONSORTIUM,USA,UNITED STATES,3600 MARKET ST STE 810,,PHILADELPHIA,42101,PHILADELPHIA,42,PA,PENNSYLVANIA,191042653,PA-03,PA-03,2157460234,,USA,UNITED STATES,PHILADELPHIA,42101,PHILADELPHIA,42,PA,PENNSYLVANIA,191042653,PA-03,PA-03,AWARD,D,DEFINITIVE CONTRACT,,,,,,,S,COST NO FEE,COMPUTATIONAL CULTURAL UNDERSTANDING,COMPUTATIONAL CULTURAL UNDERSTANDING,C,FUNDING ONLY ACTION,HR001121S0024,1,OT,OTHER FUNCTIONS,AC12,NATIONAL DEFENSE R&D SERVICES; DEPARTMENT OF DEFENSE - MILITARY; APPLIED RESEARCH,H,NOT BUNDLED,C9E,ALL OTHERS NOT IDENTIFIABLE TO ANY OTHER PROCUREMENT PROGRAM,541715,"RESEARCH AND DEVELOPMENT IN THE PHYSICAL, ENGINEERING, AND LIFE SCIENCES (EXCEPT NANOTECHNOLOGY AND BIOTECHNOLOGY)",C,NO CLAUSES INCLUDED AND NO SUSTAINABILITY INCLUDED,A,U.S. OWNED BUSINESS,000,NONE,Z,NOT IT PRODUCTS OR SERVICES,E,NOT REQUIRED,USA,UNITED STATES,C,NOT A MANUFACTURED END PRODUCT,F,INDIVIDUAL SUBCONTRACT PLAN,A,FULL AND OPEN COMPETITION,BR,BASIC RESEARCH,NONE,NO SET ASIDE USED.,NONE,NO PREFERENCE USED,,,,,,,23,D,COMMERCIAL PRODUCTS/SERVICES PROCEDURES NOT USED,f,N,NO,N,NO,Y,YES,N,NO,0.00,N,NO,X,NOT APPLICABLE,N,NO,X,NOT APPLICABLE,X,NOT APPLICABLE,,,,,,,,NONE,NONE,N,NO,Y,YES - CAS CLAUSE INCLUDED,N,TRANSACTION DOES NOT USE GFE/GFP,N,NO,X,NO,D,NOT CONSOLIDATED,N,NO - SERVICE WHERE PBA IS NOT USED.,N,NO,Z,NOT APPLICABLE,N,NO,X,NOT APPLICABLE,f,f,f,f,f,f,f,f,f,f,f,f,f,f,f,f,f,f,f,OTHER THAN SMALL BUSINESS,O,f,f,f,f,f,f,f,f,f,f,f,f,f,f,f,f,f,CORPORATE NOT TAX EXEMPT,t,f,f,f,f,f,f,f,f,t,f,f,f,f,f,f,f,t,f,f,f,f,f,f,f,f,f,f,f,t,f,f,t,f,f,f,f,f,f,f,f,f,f,f,f,f,f,f,f,f,,,,,,,,,,,https://www.usaspending.gov/award/CONT_AWD_HR001122C0033_9700_-NONE-_-NONE-/,2022-07-26 08:38:47+00,2022-07-26 08:38:50+00
9700_-NONE-_HR001122C0033_P00005_-NONE-_0,CONT_AWD_HR001122C0033_9700_-NONE-_-NONE-,HR001122C0033,P00005,0,,,,,643000.00,2322193.00,,0.00,3215986.00,0.00,8702407.00,Q: Not Designated Nonemergency/Emergency/Disaster/Wildfire Suppression,,,,,2022-11-22,2023,2022-01-11,2023-07-11,2024-07-11 00:00:00,,2021-06-25,097,Department of Defense,97AE,Defense Advanced Research Projects Agency,HR0011,DEF ADVANCED RESEARCH PROJECTS AGCY,097,Department of Defense,97AE,Defense Advanced Research Projects Agency,HR0011,DEF ADVANCED RESEARCH PROJECTS AGCY,097-2021/2022-0400-000;097-2022/2023-0400-000,097-0400,25.5: Research and development contracts,0001: BASIC RESEARCH,X,NOT APPLICABLE,,,H7LMD1ANJNN4,,THE TRUSTEES OF THE UNIVERSITY OF PENNSYLVANIA,UNIVERSITY OF PENNSYLVANIA LINGUISTIC DATA CONSORTIUM,,35MX6,GM1XX56LEP58,,"TRUSTEES OF THE UNIVERSITY OF PENNSYLVANIA, THE",UNIVERSITY OF PENNSYLVANIA LINGUISTIC DATA CONSORTIUM,USA,UNITED STATES,3600 MARKET ST STE 810,,PHILADELPHIA,42101,PHILADELPHIA,42,PA,PENNSYLVANIA,191042653,PA-03,PA-03,2157460234,,USA,UNITED STATES,PHILADELPHIA,42101,PHILADELPHIA,42,PA,PENNSYLVANIA,191042653,PA-03,PA-03,AWARD,D,DEFINITIVE CONTRACT,,,,,,,S,COST NO FEE,COMPUTATIONAL CULTURAL UNDERSTANDING,COMPUTATIONAL CULTURAL UNDERSTANDING,C,FUNDING ONLY ACTION,HR001121S0024,1,OT,OTHER FUNCTIONS,AC12,NATIONAL DEFENSE R&D SERVICES; DEPARTMENT OF DEFENSE - MILITARY; APPLIED RESEARCH,H,NOT BUNDLED,C9E,ALL OTHERS NOT IDENTIFIABLE TO ANY OTHER PROCUREMENT PROGRAM,541715,"RESEARCH AND DEVELOPMENT IN THE PHYSICAL, ENGINEERING, AND LIFE SCIENCES (EXCEPT NANOTECHNOLOGY AND BIOTECHNOLOGY)",C,NO CLAUSES INCLUDED AND NO SUSTAINABILITY INCLUDED,A,U.S. OWNED BUSINESS,000,NONE,Z,NOT IT PRODUCTS OR SERVICES,E,NOT REQUIRED,USA,UNITED STATES,C,NOT A MANUFACTURED END PRODUCT,F,INDIVIDUAL SUBCONTRACT PLAN,A,FULL AND OPEN COMPETITION,BR,BASIC RESEARCH,NONE,NO SET ASIDE USED.,NONE,NO PREFERENCE USED,,,,,,,23,D,COMMERCIAL PRODUCTS/SERVICES PROCEDURES NOT USED,f,N,NO,N,NO,Y,YES,N,NO,0.00,N,NO,X,NOT APPLICABLE,N,NO,X,NOT APPLICABLE,X,NOT APPLICABLE,,,,,,,,NONE,NONE,N,NO,Y,YES - CAS CLAUSE INCLUDED,N,TRANSACTION DOES NOT USE GFE/GFP,N,NO,X,NO,D,NOT CONSOLIDATED,N,NO - SERVICE WHERE PBA IS NOT USED.,N,NO,Z,NOT APPLICABLE,N,NO,X,NOT APPLICABLE,f,f,f,f,f,f,f,f,f,f,f,f,f,f,f,f,f,f,f,OTHER THAN SMALL BUSINESS,O,f,f,f,f,f,f,f,f,f,f,f,f,f,f,f,f,f,CORPORATE NOT TAX EXEMPT,t,f,f,f,f,f,f,f,f,t,f,f,f,f,f,f,f,t,f,f,f,f,f,f,f,f,f,f,f,t,f,f,t,f,f,f,f,f,f,f,f,f,f,f,f,f,f,f,f,f,,,,,,,,,,,https://www.usaspending.gov/award/CONT_AWD_HR001122C0033_9700_-NONE-_-NONE-/,2022-11-22 11:59:05+00,2022-11-22 11:59:12+00
9700_-NONE-_HR001122C0033_P00006_-NONE-_0,CONT_AWD_HR001122C0033_9700_-NONE-_-NONE-,HR001122C0033,P00006,0,,,,,0.00,3215986.00,,0.00,3215986.00,0.00,8702407.00,Q: Not Designated Nonemergency/Emergency/Disaster/Wildfire Suppression,,,,,2023-01-25,2023,2022-01-11,2023-08-31,2024-08-31 00:00:00,,2021-06-25,097,Department of Defense,97AE,Defense Advanced Research Projects Agency,HR0011,DEF ADVANCED RESEARCH PROJECTS AGCY,097,Department of Defense,97AE,Defense Advanced Research Projects Agency,HR0011,DEF ADVANCED RESEARCH PROJECTS AGCY,097-2021/2022-0400-000;097-2022/2023-0400-000,097-0400,25.5: Research and development contracts,0001: BASIC RESEARCH,X,NOT APPLICABLE,,,H7LMD1ANJNN4,,THE TRUSTEES OF THE UNIVERSITY OF PENNSYLVANIA,UNIVERSITY OF PENNSYLVANIA LINGUISTIC DATA CONSORTIUM,,35MX6,GM1XX56LEP58,,"TRUSTEES OF THE UNIVERSITY OF PENNSYLVANIA, THE",UNIVERSITY OF PENNSYLVANIA LINGUISTIC DATA CONSORTIUM,USA,UNITED STATES,3600 MARKET ST STE 810,,PHILADELPHIA,42101,PHILADELPHIA,42,PA,PENNSYLVANIA,191042653,PA-03,PA-03,2157460234,,USA,UNITED STATES,PHILADELPHIA,42101,PHILADELPHIA,42,PA,PENNSYLVANIA,191042653,PA-03,PA-03,AWARD,D,DEFINITIVE CONTRACT,,,,,,,S,COST NO FEE,COMPUTATIONAL CULTURAL UNDERSTANDING PHASE I,COMPUTATIONAL CULTURAL UNDERSTANDING,M,OTHER ADMINISTRATIVE ACTION,HR001121S0024,1,OT,OTHER FUNCTIONS,AC12,NATIONAL DEFENSE R&D SERVICES; DEPARTMENT OF DEFENSE - MILITARY; APPLIED RESEARCH,H,NOT BUNDLED,C9E,ALL OTHERS NOT IDENTIFIABLE TO ANY OTHER PROCUREMENT PROGRAM,541715,"RESEARCH AND DEVELOPMENT IN THE PHYSICAL, ENGINEERING, AND LIFE SCIENCES (EXCEPT NANOTECHNOLOGY AND BIOTECHNOLOGY)",C,NO CLAUSES INCLUDED AND NO SUSTAINABILITY INCLUDED,A,U.S. OWNED BUSINESS,000,NONE,Z,NOT IT PRODUCTS OR SERVICES,E,NOT REQUIRED,USA,UNITED STATES,C,NOT A MANUFACTURED END PRODUCT,F,INDIVIDUAL SUBCONTRACT PLAN,A,FULL AND OPEN COMPETITION,BR,BASIC RESEARCH,NONE,NO SET ASIDE USED.,NONE,NO PREFERENCE USED,,,,,,,23,D,COMMERCIAL PRODUCTS/SERVICES PROCEDURES NOT USED,f,N,NO,N,NO,Y,YES,N,NO,0.00,N,NO,X,NOT APPLICABLE,N,NO,X,NOT APPLICABLE,X,NOT APPLICABLE,,,,,,,,NONE,NONE,N,NO,Y,YES - CAS CLAUSE INCLUDED,N,TRANSACTION DOES NOT USE GFE/GFP,N,NO,X,NO,D,NOT CONSOLIDATED,N,NO - SERVICE WHERE PBA IS NOT USED.,N,NO,Z,NOT APPLICABLE,N,NO,X,NOT APPLICABLE,f,f,f,f,f,f,f,f,f,f,f,f,f,f,f,f,f,f,f,OTHER THAN SMALL BUSINESS,O,f,f,f,f,f,f,f,f,f,f,f,f,f,f,f,f,f,CORPORATE NOT TAX EXEMPT,t,f,f,f,f,f,f,f,f,t,f,f,f,f,f,f,f,t,f,f,f,f,f,f,f,f,f,f,f,t,f,f,t,f,f,f,f,f,f,f,f,f,f,f,f,f,f,f,f,f,,,,,,,,,,,https://www.usaspending.gov/award/CONT_AWD_HR001122C0033_9700_-NONE-_-NONE-/,2023-01-25 09:58:49+00,2023-01-26 13:28:19+00
9700_-NONE-_HR001122C0033_P00007_-NONE-_0,CONT_AWD_HR001122C0033_9700_-NONE-_-NONE-,HR001122C0033,P00007,0,,,,,893793.00,3215986.00,,0.00,3215986.00,0.00,8702407.00,Q: Not Designated Nonemergency/Emergency/Disaster/Wildfire Suppression,,,,,2023-02-23,2023,2022-01-11,2023-08-31,2024-08-31 00:00:00,,2021-06-25,097,Department of Defense,97AE,Defense Advanced Research Projects Agency,HR0011,DEF ADVANCED RESEARCH PROJECTS AGCY,097,Department of Defense,97AE,Defense Advanced Research Projects Agency,HR0011,DEF ADVANCED RESEARCH PROJECTS AGCY,097-2021/2022-0400-000;097-2022/2023-0400-000,097-0400,25.5: Research and development contracts,0001: BASIC RESEARCH,X,NOT APPLICABLE,,,H7LMD1ANJNN4,,THE TRUSTEES OF THE UNIVERSITY OF PENNSYLVANIA,UNIVERSITY OF PENNSYLVANIA LINGUISTIC DATA CONSORTIUM,,35MX6,GM1XX56LEP58,,"TRUSTEES OF THE UNIVERSITY OF PENNSYLVANIA, THE",UNIVERSITY OF PENNSYLVANIA LINGUISTIC DATA CONSORTIUM,USA,UNITED STATES,3600 MARKET ST STE 810,,PHILADELPHIA,42101,PHILADELPHIA,42,PA,PENNSYLVANIA,191042653,PA-03,PA-03,2157460234,,USA,UNITED STATES,PHILADELPHIA,42101,PHILADELPHIA,42,PA,PENNSYLVANIA,191042653,PA-03,PA-03,AWARD,D,DEFINITIVE CONTRACT,,,,,,,S,COST NO FEE,COMPUTATIONAL CULTURAL UNDERSTANDING,COMPUTATIONAL CULTURAL UNDERSTANDING,C,FUNDING ONLY ACTION,HR001121S0024,1,OT,OTHER FUNCTIONS,AC12,NATIONAL DEFENSE R&D SERVICES; DEPARTMENT OF DEFENSE - MILITARY; APPLIED RESEARCH,H,NOT BUNDLED,C9E,ALL OTHERS NOT IDENTIFIABLE TO ANY OTHER PROCUREMENT PROGRAM,541715,"RESEARCH AND DEVELOPMENT IN THE PHYSICAL, ENGINEERING, AND LIFE SCIENCES (EXCEPT NANOTECHNOLOGY AND BIOTECHNOLOGY)",C,NO CLAUSES INCLUDED AND NO SUSTAINABILITY INCLUDED,A,U.S. OWNED BUSINESS,000,NONE,Z,NOT IT PRODUCTS OR SERVICES,E,NOT REQUIRED,USA,UNITED STATES,C,NOT A MANUFACTURED END PRODUCT,F,INDIVIDUAL SUBCONTRACT PLAN,A,FULL AND OPEN COMPETITION,BR,BASIC RESEARCH,NONE,NO SET ASIDE USED.,NONE,NO PREFERENCE USED,,,,,,,23,D,COMMERCIAL PRODUCTS/SERVICES PROCEDURES NOT USED,f,N,NO,N,NO,Y,YES,N,NO,0.00,N,NO,X,NOT APPLICABLE,N,NO,X,NOT APPLICABLE,X,NOT APPLICABLE,,,,,,,,NONE,NONE,N,NO,Y,YES - CAS CLAUSE INCLUDED,N,TRANSACTION DOES NOT USE GFE/GFP,N,NO,X,NO,D,NOT CONSOLIDATED,N,NO - SERVICE WHERE PBA IS NOT USED.,N,NO,Z,NOT APPLICABLE,N,NO,X,NOT APPLICABLE,f,f,f,f,f,f,f,f,f,f,f,f,f,f,f,f,f,f,f,OTHER THAN SMALL BUSINESS,O,f,f,f,f,f,f,f,f,f,f,f,f,f,f,f,f,f,CORPORATE NOT TAX EXEMPT,t,f,f,f,f,f,f,f,f,t,f,f,f,f,f,f,f,t,f,f,f,f,f,f,f,f,f,f,f,t,f,f,t,f,f,f,f,f,f,f,f,f,f,f,f,f,f,f,f,f,,,,,,,,,,,https://www.usaspending.gov/award/CONT_AWD_HR001122C0033_9700_-NONE-_-NONE-/,2023-02-23 08:56:21+00,2023-02-23 08:56:23+00
9700_-NONE-_HR001122C0033_P00008_-NONE-_0,CONT_AWD_HR001122C0033_9700_-NONE-_-NONE-,HR001122C0033,P00008,0,,,,,1108000.00,4323986.00,,5486421.00,8702407.00,0.00,8702407.00,Q: Not Designated Nonemergency/Emergency/Disaster/Wildfire Suppression,,,,,2023-07-11,2023,2022-01-11,2025-03-01,2025-03-01 00:00:00,,2021-06-25,097,Department of Defense,97AE,Defense Advanced Research Projects Agency,HR0011,DEF ADVANCED RESEARCH PROJECTS AGCY,097,Department of Defense,97AE,Defense Advanced Research Projects Agency,HR0011,DEF ADVANCED RESEARCH PROJECTS AGCY,097-2021/2022-0400-000;097-2022/2023-0400-000,097-0400,25.5: Research and development contracts,0001: BASIC RESEARCH,X,NOT APPLICABLE,,,H7LMD1ANJNN4,,THE TRUSTEES OF THE UNIVERSITY OF PENNSYLVANIA,UNIVERSITY OF PENNSYLVANIA LINGUISTIC DATA CONSORTIUM,,35MX6,GM1XX56LEP58,,"TRUSTEES OF THE UNIVERSITY OF PENNSYLVANIA, THE",UNIVERSITY OF PENNSYLVANIA LINGUISTIC DATA CONSORTIUM,USA,UNITED STATES,3600 MARKET ST STE 810,,PHILADELPHIA,42101,PHILADELPHIA,42,PA,PENNSYLVANIA,191042653,PA-03,PA-03,2157460234,,USA,UNITED STATES,PHILADELPHIA,42101,PHILADELPHIA,42,PA,PENNSYLVANIA,191042653,PA-03,PA-03,AWARD,D,DEFINITIVE CONTRACT,,,,,,,S,COST NO FEE,COMPUTATIONAL CULTURAL UNDERSTANDING (CCU),COMPUTATIONAL CULTURAL UNDERSTANDING,G,EXERCISE AN OPTION,HR001121S0024,1,OT,OTHER FUNCTIONS,AC12,NATIONAL DEFENSE R&D SERVICES; DEPARTMENT OF DEFENSE - MILITARY; APPLIED RESEARCH,H,NOT BUNDLED,C9E,ALL OTHERS NOT IDENTIFIABLE TO ANY OTHER PROCUREMENT PROGRAM,541715,"RESEARCH AND DEVELOPMENT IN THE PHYSICAL, ENGINEERING, AND LIFE SCIENCES (EXCEPT NANOTECHNOLOGY AND BIOTECHNOLOGY)",C,NO CLAUSES INCLUDED AND NO SUSTAINABILITY INCLUDED,A,U.S. OWNED BUSINESS,000,NONE,Z,NOT IT PRODUCTS OR SERVICES,E,NOT REQUIRED,USA,UNITED STATES,C,NOT A MANUFACTURED END PRODUCT,F,INDIVIDUAL SUBCONTRACT PLAN,A,FULL AND OPEN COMPETITION,BR,BASIC RESEARCH,NONE,NO SET ASIDE USED.,NONE,NO PREFERENCE USED,,,,,,,23,D,COMMERCIAL PRODUCTS/SERVICES PROCEDURES NOT USED,f,N,NO,N,NO,Y,YES,N,NO,0.00,N,NO,X,NOT APPLICABLE,N,NO,X,NOT APPLICABLE,X,NOT APPLICABLE,,,,,,,,NONE,NONE,N,NO,Y,YES - CAS CLAUSE INCLUDED,N,TRANSACTION DOES NOT USE GFE/GFP,N,NO,X,NO,D,NOT CONSOLIDATED,N,NO - SERVICE WHERE PBA IS NOT USED.,N,NO,Z,NOT APPLICABLE,N,NO,X,NOT APPLICABLE,f,f,f,f,f,f,f,f,f,f,f,f,f,f,f,f,f,f,f,OTHER THAN SMALL BUSINESS,O,f,f,f,f,f,f,f,f,f,f,f,f,f,f,f,f,f,CORPORATE NOT TAX EXEMPT,t,f,f,f,f,f,f,f,f,t,f,f,f,f,f,f,f,t,f,f,f,f,f,f,f,f,f,f,f,t,f,f,t,f,f,f,f,f,f,f,f,f,f,f,f,f,f,f,f,f,,,,,,,,,,,https://www.usaspending.gov/award/CONT_AWD_HR001122C0033_9700_-NONE-_-NONE-/,2023-07-11 12:04:21+00,2023-07-11 12:04:24+00
9700_-NONE-_HR001122C0033_P00009_-NONE-_0,CONT_AWD_HR001122C0033_9700_-NONE-_-NONE-,HR001122C0033,P00009,0,,,,,0.00,4323986.00,,0.00,8702407.00,0.00,8702407.00,Q: Not Designated Nonemergency/Emergency/Disaster/Wildfire Suppression,,,,,2023-08-15,2023,2022-01-11,2024-02-29,2025-03-01 00:00:00,,2021-06-25,097,Department of Defense,97AE,Defense Advanced Research Projects Agency,HR0011,DEF ADVANCED RESEARCH PROJECTS AGCY,097,Department of Defense,97AE,Defense Advanced Research Projects Agency,HR0011,DEF ADVANCED RESEARCH PROJECTS AGCY,097-2021/2022-0400-000;097-2022/2023-0400-000,097-0400,25.5: Research and development contracts,0001: BASIC RESEARCH,X,NOT APPLICABLE,,,H7LMD1ANJNN4,,THE TRUSTEES OF THE UNIVERSITY OF PENNSYLVANIA,UNIVERSITY OF PENNSYLVANIA LINGUISTIC DATA CONSORTIUM,,35MX6,GM1XX56LEP58,,"TRUSTEES OF THE UNIVERSITY OF PENNSYLVANIA, THE",UNIVERSITY OF PENNSYLVANIA LINGUISTIC DATA CONSORTIUM,USA,UNITED STATES,3600 MARKET ST STE 810,,PHILADELPHIA,42101,PHILADELPHIA,42,PA,PENNSYLVANIA,191042653,PA-03,PA-03,2157460234,,USA,UNITED STATES,PHILADELPHIA,42101,PHILADELPHIA,42,PA,PENNSYLVANIA,191042653,PA-03,PA-03,AWARD,D,DEFINITIVE CONTRACT,,,,,,,S,COST NO FEE,COMPUTATIONAL CULTURAL UNDERSTANDING,COMPUTATIONAL CULTURAL UNDERSTANDING,M,OTHER ADMINISTRATIVE ACTION,HR001121S0024,1,OT,OTHER FUNCTIONS,AC12,NATIONAL DEFENSE R&D SERVICES; DEPARTMENT OF DEFENSE - MILITARY; APPLIED RESEARCH,H,NOT BUNDLED,C9E,ALL OTHERS NOT IDENTIFIABLE TO ANY OTHER PROCUREMENT PROGRAM,541715,"RESEARCH AND DEVELOPMENT IN THE PHYSICAL, ENGINEERING, AND LIFE SCIENCES (EXCEPT NANOTECHNOLOGY AND BIOTECHNOLOGY)",C,NO CLAUSES INCLUDED AND NO SUSTAINABILITY INCLUDED,A,U.S. OWNED BUSINESS,000,NONE,Z,NOT IT PRODUCTS OR SERVICES,E,NOT REQUIRED,USA,UNITED STATES,C,NOT A MANUFACTURED END PRODUCT,F,INDIVIDUAL SUBCONTRACT PLAN,A,FULL AND OPEN COMPETITION,BR,BASIC RESEARCH,NONE,NO SET ASIDE USED.,NONE,NO PREFERENCE USED,,,,,,,23,D,COMMERCIAL PRODUCTS/SERVICES PROCEDURES NOT USED,f,N,NO,N,NO,Y,YES,N,NO,0.00,N,NO,X,NOT APPLICABLE,N,NO,X,NOT APPLICABLE,X,NOT APPLICABLE,,,,,,,,NONE,NONE,N,NO,Y,YES - CAS CLAUSE INCLUDED,N,TRANSACTION DOES NOT USE GFE/GFP,N,NO,X,NO,D,NOT CONSOLIDATED,N,NO - SERVICE WHERE PBA IS NOT USED.,N,NO,Z,NOT APPLICABLE,N,NO,X,NOT APPLICABLE,f,f,f,f,f,f,f,f,f,f,f,f,f,f,f,f,f,f,f,OTHER THAN SMALL BUSINESS,O,f,f,f,f,f,f,f,f,f,f,f,f,f,f,f,f,f,CORPORATE NOT TAX EXEMPT,t,f,f,f,f,f,f,f,f,t,f,f,f,f,f,f,f,t,f,f,f,f,f,f,f,f,f,f,f,t,f,f,t,f,f,f,f,f,f,f,f,f,f,f,f,f,f,f,f,f,,,,,,,,,,,https://www.usaspending.gov/award/CONT_AWD_HR001122C0033_9700_-NONE-_-NONE-/,2023-08-15 11:43:58+00,2023-08-15 11:44:00+00
9700_-NONE-_HR001122C0033_P00010_-NONE-_0,CONT_AWD_HR001122C0033_9700_-NONE-_-NONE-,HR001122C0033,P00010,0,,,,,500000.00,5459786.00,,0.00,8702407.00,0.00,8702407.00,Q: Not Designated Nonemergency/Emergency/Disaster/Wildfire Suppression,,,,,2024-01-19,2024,2022-01-11,2025-03-01,2025-03-01 00:00:00,,2021-06-25,097,Department of Defense,97AE,Defense Advanced Research Projects Agency,HR0011,DEF ADVANCED RESEARCH PROJECTS AGCY,097,Department of Defense,97AE,Defense Advanced Research Projects Agency,HR0011,DEF ADVANCED RESEARCH PROJECTS AGCY,097-2021/2022-0400-000;097-2022/2023-0400-000,097-0400,25.5: Research and development contracts,0001: BASIC RESEARCH,X,NOT APPLICABLE,,,H7LMD1ANJNN4,,THE TRUSTEES OF THE UNIVERSITY OF PENNSYLVANIA,UNIVERSITY OF PENNSYLVANIA LINGUISTIC DATA CONSORTIUM,,35MX6,GM1XX56LEP58,,"TRUSTEES OF THE UNIVERSITY OF PENNSYLVANIA, THE",UNIVERSITY OF PENNSYLVANIA LINGUISTIC DATA CONSORTIUM,USA,UNITED STATES,3600 MARKET ST STE 810,,PHILADELPHIA,42101,PHILADELPHIA,42,PA,PENNSYLVANIA,191042653,PA-03,PA-03,2157460234,,USA,UNITED STATES,PHILADELPHIA,42101,PHILADELPHIA,42,PA,PENNSYLVANIA,191042653,PA-03,PA-03,AWARD,D,DEFINITIVE CONTRACT,,,,,,,S,COST NO FEE,COMPUTATIONAL CULTURAL UNDERSTANDING (CCU),COMPUTATIONAL CULTURAL UNDERSTANDING,C,FUNDING ONLY ACTION,HR001121S0024,1,OT,OTHER FUNCTIONS,AC12,NATIONAL DEFENSE R&D SERVICES; DEPARTMENT OF DEFENSE - MILITARY; APPLIED RESEARCH,H,NOT BUNDLED,C9E,ALL OTHERS NOT IDENTIFIABLE TO ANY OTHER PROCUREMENT PROGRAM,541715,"RESEARCH AND DEVELOPMENT IN THE PHYSICAL, ENGINEERING, AND LIFE SCIENCES (EXCEPT NANOTECHNOLOGY AND BIOTECHNOLOGY)",C,NO CLAUSES INCLUDED AND NO SUSTAINABILITY INCLUDED,A,U.S. OWNED BUSINESS,000,NONE,Z,NOT IT PRODUCTS OR SERVICES,E,NOT REQUIRED,USA,UNITED STATES,C,NOT A MANUFACTURED END PRODUCT,F,INDIVIDUAL SUBCONTRACT PLAN,A,FULL AND OPEN COMPETITION,BR,BASIC RESEARCH,NONE,NO SET ASIDE USED.,NONE,NO PREFERENCE USED,,,,,,,23,D,COMMERCIAL PRODUCTS/SERVICES PROCEDURES NOT USED,f,N,NO,N,NO,Y,YES,N,NO,0.00,N,NO,X,NOT APPLICABLE,N,NO,X,NOT APPLICABLE,X,NOT APPLICABLE,,,,,,,,NONE,NONE,N,NO,Y,YES - CAS CLAUSE INCLUDED,N,TRANSACTION DOES NOT USE GFE/GFP,N,NO,X,NO,D,NOT CONSOLIDATED,N,NO - SERVICE WHERE PBA IS NOT USED.,N,NO,Z,NOT APPLICABLE,N,NO,X,NOT APPLICABLE,f,f,f,f,f,f,f,f,f,f,f,f,f,f,f,f,f,f,f,OTHER THAN SMALL BUSINESS,O,f,f,f,f,f,f,f,f,f,f,f,f,f,f,f,f,f,CORPORATE NOT TAX EXEMPT,t,f,f,f,f,f,f,f,f,t,f,f,f,f,f,f,f,t,f,f,f,f,f,f,f,f,f,f,f,t,f,f,t,f,f,f,f,f,f,f,f,f,f,f,f,f,f,f,f,f,,,,,,,,,,,https://www.usaspending.gov/award/CONT_AWD_HR001122C0033_9700_-NONE-_-NONE-/,2024-01-19 16:15:41+00,2024-01-19 16:15:53+00
9700_-NONE-_HR001122C0033_P00011_-NONE-_0,CONT_AWD_HR001122C0033_9700_-NONE-_-NONE-,HR001122C0033,P00011,0,,,,,635800.00,8252407.00,,0.00,8702407.00,0.00,8702407.00,Q: Not Designated Nonemergency/Emergency/Disaster/Wildfire Suppression,,,,,2024-04-17,2024,2022-01-11,2025-03-01,2025-03-01 00:00:00,,2021-06-25,097,Department of Defense,97AE,Defense Advanced Research Projects Agency,HR0011,DEF ADVANCED RESEARCH PROJECTS AGCY,097,Department of Defense,97AE,Defense Advanced Research Projects Agency,HR0011,DEF ADVANCED RESEARCH PROJECTS AGCY,097-2021/2022-0400-000;097-2022/2023-0400-000,097-0400,25.5: Research and development contracts,0001: BASIC RESEARCH,X,NOT APPLICABLE,,,H7LMD1ANJNN4,,THE TRUSTEES OF THE UNIVERSITY OF PENNSYLVANIA,UNIVERSITY OF PENNSYLVANIA LINGUISTIC DATA CONSORTIUM,,35MX6,H7LMD1ANJNN4,,THE TRUSTEES OF THE UNIVERSITY OF PENNSYLVANIA,THE TRUSTEES OF THE UNIVERSITY OF PENNSYLVANIA,USA,UNITED STATES,3600 MARKET ST STE 810,,PHILADELPHIA,42101,PHILADELPHIA,42,PA,PENNSYLVANIA,191042653,PA-03,PA-03,2157460234,,USA,UNITED STATES,PHILADELPHIA,42101,PHILADELPHIA,42,PA,PENNSYLVANIA,191042653,PA-03,PA-03,AWARD,D,DEFINITIVE CONTRACT,,,,,,,S,COST NO FEE,COMPUTATIONAL CULTURAL UNDERSTANDING (CCU),COMPUTATIONAL CULTURAL UNDERSTANDING,C,FUNDING ONLY ACTION,HR001121S0024,1,OT,OTHER FUNCTIONS,AC12,NATIONAL DEFENSE R&D SERVICES; DEPARTMENT OF DEFENSE - MILITARY; APPLIED RESEARCH,H,NOT BUNDLED,C9E,ALL OTHERS NOT IDENTIFIABLE TO ANY OTHER PROCUREMENT PROGRAM,541715,"RESEARCH AND DEVELOPMENT IN THE PHYSICAL, ENGINEERING, AND LIFE SCIENCES (EXCEPT NANOTECHNOLOGY AND BIOTECHNOLOGY)",C,NO CLAUSES INCLUDED AND NO SUSTAINABILITY INCLUDED,A,U.S. OWNED BUSINESS,000,NONE,Z,NOT IT PRODUCTS OR SERVICES,E,NOT REQUIRED,USA,UNITED STATES,C,NOT A MANUFACTURED END PRODUCT,F,INDIVIDUAL SUBCONTRACT PLAN,A,FULL AND OPEN COMPETITION,BR,BASIC RESEARCH,NONE,NO SET ASIDE USED.,NONE,NO PREFERENCE USED,,,,,,,23,D,COMMERCIAL PRODUCTS/SERVICES PROCEDURES NOT USED,f,N,NO,N,NO,Y,YES,N,NO,0.00,N,NO,X,NOT APPLICABLE,N,NO,X,NOT APPLICABLE,X,NOT APPLICABLE,,,,,,,,,,N,NO,Y,YES - CAS CLAUSE INCLUDED,N,TRANSACTION DOES NOT USE GFE/GFP,N,NO,X,NO,D,NOT CONSOLIDATED,N,NO - SERVICE WHERE PBA IS NOT USED.,N,NO,Z,NOT APPLICABLE,N,NO,X,NOT APPLICABLE,f,f,f,f,f,f,f,f,f,f,f,f,f,f,f,f,f,f,f,OTHER THAN SMALL BUSINESS,O,f,f,f,f,f,f,f,f,f,f,f,f,f,f,f,f,f,CORPORATE NOT TAX EXEMPT,t,f,f,f,f,f,f,f,f,t,f,f,f,f,f,f,f,t,f,f,f,f,f,f,f,f,f,f,f,t,f,f,t,f,f,f,f,f,f,f,f,f,f,f,f,f,f,f,f,f,,,,,,,,,,,https://www.usaspending.gov/award/CONT_AWD_HR001122C0033_9700_-NONE-_-NONE-/,2024-04-17 10:23:23+00,2024-04-17 10:23:26+00
9700_-NONE-_HR001122C0033_P00012_-NONE-_0,CONT_AWD_HR001122C0033_9700_-NONE-_-NONE-,HR001122C0033,P00012,0,,,,,2792621.00,8252407.00,,0.00,8702407.00,0.00,8702407.00,Q: Not Designated Nonemergency/Emergency/Disaster/Wildfire Suppression,,,,,2024-06-12,2024,2022-01-11,2025-03-01,2025-03-01 00:00:00,,2021-06-25,097,Department of Defense,97AE,Defense Advanced Research Projects Agency,HR0011,DEF ADVANCED RESEARCH PROJECTS AGCY,097,Department of Defense,97AE,Defense Advanced Research Projects Agency,HR0011,DEF ADVANCED RESEARCH PROJECTS AGCY,097-2021/2022-0400-000;097-2022/2023-0400-000,097-0400,25.5: Research and development contracts,0001: BASIC RESEARCH,X,NOT APPLICABLE,,,H7LMD1ANJNN4,,THE TRUSTEES OF THE UNIVERSITY OF PENNSYLVANIA,UNIVERSITY OF PENNSYLVANIA LINGUISTIC DATA CONSORTIUM,,35MX6,H7LMD1ANJNN4,,THE TRUSTEES OF THE UNIVERSITY OF PENNSYLVANIA,THE TRUSTEES OF THE UNIVERSITY OF PENNSYLVANIA,USA,UNITED STATES,3600 MARKET ST STE 810,,PHILADELPHIA,42101,PHILADELPHIA,42,PA,PENNSYLVANIA,191042653,PA-03,PA-03,2157460234,,USA,UNITED STATES,PHILADELPHIA,42101,PHILADELPHIA,42,PA,PENNSYLVANIA,191042653,PA-03,PA-03,AWARD,D,DEFINITIVE CONTRACT,,,,,,,S,COST NO FEE,COMPUTATIONAL CULTURAL UNDERSTANDING,COMPUTATIONAL CULTURAL UNDERSTANDING,C,FUNDING ONLY ACTION,HR001121S0024,1,OT,OTHER FUNCTIONS,AC12,NATIONAL DEFENSE R&D SERVICES; DEPARTMENT OF DEFENSE - MILITARY; APPLIED RESEARCH,H,NOT BUNDLED,C9E,ALL OTHERS NOT IDENTIFIABLE TO ANY OTHER PROCUREMENT PROGRAM,541715,"RESEARCH AND DEVELOPMENT IN THE PHYSICAL, ENGINEERING, AND LIFE SCIENCES (EXCEPT NANOTECHNOLOGY AND BIOTECHNOLOGY)",C,NO CLAUSES INCLUDED AND NO SUSTAINABILITY INCLUDED,A,U.S. OWNED BUSINESS,000,NONE,Z,NOT IT PRODUCTS OR SERVICES,E,NOT REQUIRED,USA,UNITED STATES,C,NOT A MANUFACTURED END PRODUCT,F,INDIVIDUAL SUBCONTRACT PLAN,A,FULL AND OPEN COMPETITION,BR,BASIC RESEARCH,NONE,NO SET ASIDE USED.,NONE,NO PREFERENCE USED,,,,,,,23,D,COMMERCIAL PRODUCTS/SERVICES PROCEDURES NOT USED,f,N,NO,N,NO,Y,YES,N,NO,0.00,N,NO,X,NOT APPLICABLE,N,NO,X,NOT APPLICABLE,X,NOT APPLICABLE,,,,,,,,,,N,NO,Y,YES - CAS CLAUSE INCLUDED,N,TRANSACTION DOES NOT USE GFE/GFP,N,NO,X,NO,D,NOT CONSOLIDATED,N,NO - SERVICE WHERE PBA IS NOT USED.,N,NO,Z,NOT APPLICABLE,N,NO,X,NOT APPLICABLE,f,f,f,f,f,f,f,f,f,f,f,f,f,f,f,f,f,f,f,OTHER THAN SMALL BUSINESS,O,f,f,f,f,f,f,f,f,f,f,f,f,f,f,f,f,f,CORPORATE NOT TAX EXEMPT,t,f,f,f,f,f,f,f,f,t,f,f,f,f,f,f,f,t,f,f,f,f,f,f,f,f,f,f,f,t,f,f,t,f,f,f,f,f,f,f,f,f,f,f,f,f,f,f,f,f,,,,,,,,,,,https://www.usaspending.gov/award/CONT_AWD_HR001122C0033_9700_-NONE-_-NONE-/,2024-06-12 14:19:22+00,2024-06-12 14:19:24+00
9700_-NONE-_HR001122C0033_P00013_-NONE-_0,CONT_AWD_HR001122C0033_9700_-NONE-_-NONE-,HR001122C0033,P00013,0,,,,,142818.00,8395225.00,,-307182.00,8395225.00,-307182.00,8395225.00,Q: Not Designated Nonemergency/Emergency/Disaster/Wildfire Suppression,,,,,2024-12-13,2025,2022-01-11,2025-06-30,2025-06-30 00:00:00,,2021-06-25,097,Department of Defense,97AE,Defense Advanced Research Projects Agency,HR0011,DEF ADVANCED RESEARCH PROJECTS AGCY,097,Department of Defense,97AE,Defense Advanced Research Projects Agency,HR0011,DEF ADVANCED RESEARCH PROJECTS AGCY,097-2021/2022-0400-000;097-2022/2023-0400-000,097-0400,25.5: Research and development contracts,0001: BASIC RESEARCH,X,NOT APPLICABLE,,,H7LMD1ANJNN4,,THE TRUSTEES OF THE UNIVERSITY OF PENNSYLVANIA,UNIVERSITY OF PENNSYLVANIA LINGUISTIC DATA CONSORTIUM,,35MX6,H7LMD1ANJNN4,,THE TRUSTEES OF THE UNIVERSITY OF PENNSYLVANIA,THE TRUSTEES OF THE UNIVERSITY OF PENNSYLVANIA,USA,UNITED STATES,3600 MARKET ST STE 810,,PHILADELPHIA,42101,PHILADELPHIA,42,PA,PENNSYLVANIA,191042653,PA-03,PA-03,2157460234,,USA,UNITED STATES,PHILADELPHIA,42101,PHILADELPHIA,42,PA,PENNSYLVANIA,191042653,PA-03,PA-03,AWARD,D,DEFINITIVE CONTRACT,,,,,,,S,COST NO FEE,COMPUTATIONAL CULTURAL UNDERSTANDING,COMPUTATIONAL CULTURAL UNDERSTANDING,C,FUNDING ONLY ACTION,HR001121S0024,1,OT,OTHER FUNCTIONS,AC12,NATIONAL DEFENSE R&D SERVICES; DEPARTMENT OF DEFENSE - MILITARY; APPLIED RESEARCH,H,NOT BUNDLED,C9E,ALL OTHERS NOT IDENTIFIABLE TO ANY OTHER PROCUREMENT PROGRAM,541715,"RESEARCH AND DEVELOPMENT IN THE PHYSICAL, ENGINEERING, AND LIFE SCIENCES (EXCEPT NANOTECHNOLOGY AND BIOTECHNOLOGY)",C,NO CLAUSES INCLUDED AND NO SUSTAINABILITY INCLUDED,A,U.S. OWNED BUSINESS,000,NONE,Z,NOT IT PRODUCTS OR SERVICES,E,NOT REQUIRED,USA,UNITED STATES,C,NOT A MANUFACTURED END PRODUCT,F,INDIVIDUAL SUBCONTRACT PLAN,A,FULL AND OPEN COMPETITION,BR,BASIC RESEARCH,NONE,NO SET ASIDE USED.,NONE,NO PREFERENCE USED,,,,,,,23,D,COMMERCIAL PRODUCTS/SERVICES PROCEDURES NOT USED,f,N,NO,N,NO,Y,YES,N,NO,0.00,N,NO,X,NOT APPLICABLE,N,NO,X,NOT APPLICABLE,X,NOT APPLICABLE,,,,,,,,,,N,NO,Y,YES - CAS CLAUSE INCLUDED,N,TRANSACTION DOES NOT USE GFE/GFP,N,NO,X,NO,D,NOT CONSOLIDATED,N,NO - SERVICE WHERE PBA IS NOT USED.,N,NO,Z,NOT APPLICABLE,N,NO,X,NOT APPLICABLE,f,f,f,f,f,f,f,f,f,f,f,f,f,f,f,f,f,f,f,OTHER THAN SMALL BUSINESS,O,f,f,f,f,f,f,f,f,f,f,f,f,f,f,f,f,f,CORPORATE NOT TAX EXEMPT,t,f,f,f,f,f,f,f,f,t,f,f,f,f,f,f,f,t,f,f,f,f,f,f,f,f,f,f,f,t,f,f,t,f,f,f,f,f,f,f,f,f,f,f,f,f,f,f,f,f,,,,,,,,,,,https://www.usaspending.gov/award/CONT_AWD_HR001122C0033_9700_-NONE-_-NONE-/,2024-12-13 15:06:31+00,2024-12-13 15:06:33+00
9700_-NONE-_HR001122C0033_P00014_-NONE-_0,CONT_AWD_HR001122C0033_9700_-NONE-_-NONE-,HR001122C0033,P00014,0,,,,,0.00,8395225.00,,0.00,8395225.00,0.00,8395225.00,Q: Not Designated Nonemergency/Emergency/Disaster/Wildfire Suppression,,,,,2025-06-26,2025,2022-01-11,2025-09-29,2025-09-29 00:00:00,,2021-06-25,097,Department of Defense,97AE,Defense Advanced Research Projects Agency,HR0011,DEF ADVANCED RESEARCH PROJECTS AGCY,097,Department of Defense,97AE,Defense Advanced Research Projects Agency,HR0011,DEF ADVANCED RESEARCH PROJECTS AGCY,097-2021/2022-0400-000;097-2022/2023-0400-000,097-0400,25.5: Research and development contracts,0001: BASIC RESEARCH,X,NOT APPLICABLE,,,H7LMD1ANJNN4,,THE TRUSTEES OF THE UNIVERSITY OF PENNSYLVANIA,UNIVERSITY OF PENNSYLVANIA LINGUISTIC DATA CONSORTIUM,,35MX6,H7LMD1ANJNN4,,THE TRUSTEES OF THE UNIVERSITY OF PENNSYLVANIA,THE TRUSTEES OF THE UNIVERSITY OF PENNSYLVANIA,USA,UNITED STATES,3600 MARKET ST STE 810,,PHILADELPHIA,42101,PHILADELPHIA,42,PA,PENNSYLVANIA,191042653,PA-03,PA-03,2157460234,,USA,UNITED STATES,PHILADELPHIA,42101,PHILADELPHIA,42,PA,PENNSYLVANIA,191042653,PA-03,PA-03,AWARD,D,DEFINITIVE CONTRACT,,,,,,,S,COST NO FEE,COMPUTATIONAL CULTURAL UNDERSTANDING (CCU),COMPUTATIONAL CULTURAL UNDERSTANDING,B,SUPPLEMENTAL AGREEMENT FOR WORK WITHIN SCOPE,HR001121S0024,1,OT,OTHER FUNCTIONS,AC12,NATIONAL DEFENSE R&D SERVICES; DEPARTMENT OF DEFENSE - MILITARY; APPLIED RESEARCH,H,NOT BUNDLED,C9E,ALL OTHERS NOT IDENTIFIABLE TO ANY OTHER PROCUREMENT PROGRAM,541715,"RESEARCH AND DEVELOPMENT IN THE PHYSICAL, ENGINEERING, AND LIFE SCIENCES (EXCEPT NANOTECHNOLOGY AND BIOTECHNOLOGY)",C,NO CLAUSES INCLUDED AND NO SUSTAINABILITY INCLUDED,A,U.S. OWNED BUSINESS,000,NONE,Z,NOT IT PRODUCTS OR SERVICES,E,NOT REQUIRED,USA,UNITED STATES,C,NOT A MANUFACTURED END PRODUCT,F,INDIVIDUAL SUBCONTRACT PLAN,A,FULL AND OPEN COMPETITION,BR,BASIC RESEARCH,NONE,NO SET ASIDE USED.,NONE,NO PREFERENCE USED,,,,,,,23,D,COMMERCIAL PRODUCTS/SERVICES PROCEDURES NOT USED,f,N,NO,N,NO,Y,YES,N,NO,0.00,N,NO,X,NOT APPLICABLE,N,NO,X,NOT APPLICABLE,X,NOT APPLICABLE,,,,,,,,,,N,NO,Y,YES - CAS CLAUSE INCLUDED,N,TRANSACTION DOES NOT USE GFE/GFP,N,NO,X,NO,D,NOT CONSOLIDATED,N,NO - SERVICE WHERE PBA IS NOT USED.,N,NO,Z,NOT APPLICABLE,N,NO,X,NOT APPLICABLE,f,f,f,f,f,f,f,f,f,f,f,f,f,f,f,f,f,f,f,OTHER THAN SMALL BUSINESS,O,f,f,f,f,f,f,f,f,f,f,f,f,f,f,f,f,f,CORPORATE NOT TAX EXEMPT,t,f,f,f,f,f,f,f,f,t,f,f,f,f,f,f,f,t,f,f,f,f,f,f,f,f,f,f,f,t,f,f,t,f,f,f,f,f,f,f,f,f,f,f,f,f,f,f,f,f,,,,,,,,,,,https://www.usaspending.gov/award/CONT_AWD_HR001122C0033_9700_-NONE-_-NONE-/,2025-06-26 07:38:56+00,2025-06-26 07:38:56+00
9700_-NONE-_W81K0209P0001_0_-NONE-_0,CONT_AWD_W81K0209P0001_9700_-NONE-_-NONE-,W81K0209P0001,0,0,,,,,27370.00,101196.00,,27370.00,101196.00,136850.00,101196.00,,,,,,2008-10-01,2009,2008-10-01,2009-09-30,2013-09-30 00:00:00,,,097,Department of Defense,2100,Department of the Army,W81K02,W40M MRCO PACIFIC,097,Department of Defense,2100,Department of the Army,W81K02,W40M MRCO PACIFIC,,,,,X,NOT APPLICABLE,,,CFFMYPABYAG3,,"KAISER FOUNDATION HEALTH PLAN, INC.","KAISER FOUNDATION HEALTH PLAN, INC",,,NJD8T9KMS4Y3,,"KAISER FOUNDATION HEALTH PLAN, INC.",KAISER FOUNDATION HEALTH PLAN  INC.,USA,UNITED STATES,3288 MOANALUA ROAD,,HONOLULU,15003,HONOLULU,15,HI,HAWAII,968191469,HI-01,HI-01,,,USA,UNITED STATES,TRIPLER ARMY MEDICAL CENTER,15003,HONOLULU,15,HI,HAWAII,968595000,HI-01,HI-01,AWARD,B,PURCHASE ORDER,,,,,,,J,FIXED PRICE,OCCUPATIONAL HEALTH SERVICES,OCCUPATIONAL HEALTH SERVICES,,,W81K0208R0136,1,,,Q201,GENERAL HEALTH CARE SERVICES,,,S1,SERVICES,621498,ALL OTHER OUTPATIENT CARE CENTERS,C,NO CLAUSES INCLUDED AND NO SUSTAINABILITY INCLUDED,,,000,NONE,Z,NOT IT PRODUCTS OR SERVICES,E,NOT REQUIRED,USA,UNITED STATES,C,NOT A MANUFACTURED END PRODUCT,,,A,FULL AND OPEN COMPETITION,NP,NEGOTIATED PROPOSAL/QUOTE,NONE,NO SET ASIDE USED.,NONE,NO PREFERENCE USED,,,,,,,1,A,COMMERCIAL ITEM,f,N,NO,N,NO,Y,YES,N,NO,0.00,N,NO,X,NOT APPLICABLE,N,NO,X,NOT APPLICABLE,X,NOT APPLICABLE,,,,,,,,NONE,NONE,,,X,NOT APPLICABLE EXEMPT FROM CAS,N,TRANSACTION DOES NOT USE GFE/GFP,N,NO,X,NO,N,NO,N,NO - SERVICE WHERE PBA IS NOT USED.,N,NO,Z,NOT APPLICABLE,N,NO,,,f,f,f,f,f,f,f,f,f,f,f,f,f,f,f,f,f,f,f,OTHER THAN SMALL BUSINESS,O,f,f,f,f,f,f,f,f,f,f,f,f,f,f,f,f,f,CORPORATE TAX EXEMPT,f,t,f,f,f,f,f,f,f,f,f,f,f,f,f,f,f,t,f,f,f,f,f,f,f,f,f,f,f,t,f,f,f,f,f,f,f,f,f,f,f,f,f,f,f,f,f,f,f,f,,,,,,,,,,,https://www.usaspending.gov/award/CONT_AWD_W81K0209P0001_9700_-NONE-_-NONE-/,2008-10-29 15:42:30+00,2022-04-07 13:13:52+00
9700_-NONE-_W81K0209P0001_P00001_-NONE-_0,CONT_AWD_W81K0209P0001_9700_-NONE-_-NONE-,W81K0209P0001,P00001,0,,,,,0.00,101196.00,,0.00,101196.00,0.00,101196.00,,,,,,2009-04-23,2009,2009-03-31,2009-09-30,2013-09-30 00:00:00,,,097,Department of Defense,2100,Department of the Army,W81K02,W40M MRCO PACIFIC,097,Department of Defense,2100,Department of the Army,W81K02,W40M MRCO PACIFIC,,,,,X,NOT APPLICABLE,,,CFFMYPABYAG3,,"KAISER FOUNDATION HEALTH PLAN, INC.","KAISER FOUNDATION HEALTH PLAN, INC",,,NJD8T9KMS4Y3,,"KAISER FOUNDATION HEALTH PLAN, INC.",KAISER FOUNDATION HEALTH PLAN  INC.,USA,UNITED STATES,3288 MOANALUA ROAD,,HONOLULU,15003,HONOLULU,15,HI,HAWAII,968191469,HI-01,HI-01,,,USA,UNITED STATES,TRIPLER ARMY MEDICAL CENTER,15003,HONOLULU,15,HI,HAWAII,968595000,HI-01,HI-01,AWARD,B,PURCHASE ORDER,,,,,,,J,FIXED PRICE,BASE PERIOD: 01 OCT 08 - 30 SEPT 09 - CHG PMT METHOD,OCCUPATIONAL HEALTH SERVICES,B,SUPPLEMENTAL AGREEMENT FOR WORK WITHIN SCOPE,W81K0208R0136,1,,,Q201,GENERAL HEALTH CARE SERVICES,,,S1,SERVICES,621498,ALL OTHER OUTPATIENT CARE CENTERS,C,NO CLAUSES INCLUDED AND NO SUSTAINABILITY INCLUDED,,,000,NONE,Z,NOT IT PRODUCTS OR SERVICES,E,NOT REQUIRED,USA,UNITED STATES,C,NOT A MANUFACTURED END PRODUCT,,,A,FULL AND OPEN COMPETITION,NP,NEGOTIATED PROPOSAL/QUOTE,NONE,NO SET ASIDE USED.,NONE,NO PREFERENCE USED,,,,,,,1,A,COMMERCIAL ITEM,f,N,NO,N,NO,Y,YES,N,NO,0.00,N,NO,X,NOT APPLICABLE,X,NOT APPLICABLE,X,NOT APPLICABLE,X,NOT APPLICABLE,,,,,,,,NONE,NONE,,,X,NOT APPLICABLE EXEMPT FROM CAS,N,TRANSACTION DOES NOT USE GFE/GFP,N,NO,X,NO,N,NO,N,NO - SERVICE WHERE PBA IS NOT USED.,N,NO,,,N,NO,,,f,f,f,f,f,f,f,f,f,f,f,f,f,f,f,f,f,f,f,OTHER THAN SMALL BUSINESS,O,f,f,f,f,f,f,f,f,f,f,f,f,f,f,f,f,f,CORPORATE TAX EXEMPT,f,t,f,f,f,f,f,f,f,f,f,f,f,f,f,f,f,t,f,f,f,f,f,f,f,f,f,f,f,t,f,f,f,f,f,f,f,f,f,f,f,f,f,f,f,f,f,f,f,f,,,,,,,,,,,https://www.usaspending.gov/award/CONT_AWD_W81K0209P0001_9700_-NONE-_-NONE-/,2009-04-23 17:16:15+00,2022-04-07 13:13:52+00
9700_-NONE-_W81K0209P0001_P00002_-NONE-_0,CONT_AWD_W81K0209P0001_9700_-NONE-_-NONE-,W81K0209P0001,P00002,0,,,,,-10000.00,101196.00,,-10000.00,101196.00,-10000.00,101196.00,,,,,,2009-07-31,2009,2009-05-29,2009-09-30,2013-09-30 00:00:00,,,097,Department of Defense,2100,Department of the Army,W81K02,W40M MRCO PACIFIC,097,Department of Defense,2100,Department of the Army,W81K02,W40M MRCO PACIFIC,,,,,X,NOT APPLICABLE,,,CFFMYPABYAG3,,"KAISER FOUNDATION HEALTH PLAN, INC.","KAISER FOUNDATION HEALTH PLAN, INC",,,NJD8T9KMS4Y3,,"KAISER FOUNDATION HEALTH PLAN, INC.",KAISER FOUNDATION HEALTH PLAN  INC.,USA,UNITED STATES,3288 MOANALUA ROAD,,HONOLULU,15003,HONOLULU,15,HI,HAWAII,968191469,HI-01,HI-01,,,USA,UNITED STATES,TRIPLER ARMY MEDICAL CENTER,15003,HONOLULU,15,HI,HAWAII,968595000,HI-01,HI-01,AWARD,B,PURCHASE ORDER,,,,,,,J,FIXED PRICE,DECREASE QTY CLIN 0001 - FY09,OCCUPATIONAL HEALTH SERVICES,B,SUPPLEMENTAL AGREEMENT FOR WORK WITHIN SCOPE,W81K0208R0136,1,,,Q201,GENERAL HEALTH CARE SERVICES,,,S1,SERVICES,621498,ALL OTHER OUTPATIENT CARE CENTERS,C,NO CLAUSES INCLUDED AND NO SUSTAINABILITY INCLUDED,,,000,NONE,Z,NOT IT PRODUCTS OR SERVICES,E,NOT REQUIRED,USA,UNITED STATES,C,NOT A MANUFACTURED END PRODUCT,,,A,FULL AND OPEN COMPETITION,NP,NEGOTIATED PROPOSAL/QUOTE,NONE,NO SET ASIDE USED.,NONE,NO PREFERENCE USED,,,,,,,1,A,COMMERCIAL ITEM,f,N,NO,N,NO,Y,YES,N,NO,0.00,N,NO,X,NOT APPLICABLE,X,NOT APPLICABLE,X,NOT APPLICABLE,X,NOT APPLICABLE,,,,,,,,NONE,NONE,,,X,NOT APPLICABLE EXEMPT FROM CAS,N,TRANSACTION DOES NOT USE GFE/GFP,N,NO,X,NO,N,NO,N,NO - SERVICE WHERE PBA IS NOT USED.,N,NO,,,N,NO,,,f,f,f,f,f,f,f,f,f,f,f,f,f,f,f,f,f,f,f,OTHER THAN SMALL BUSINESS,O,f,f,f,f,f,f,f,f,f,f,f,f,f,f,f,f,f,CORPORATE TAX EXEMPT,f,t,f,f,f,f,f,f,f,f,f,f,f,f,f,f,f,t,f,f,f,f,f,f,f,f,f,f,f,t,f,f,f,f,f,f,f,f,f,f,f,f,f,f,f,f,f,f,f,f,,,,,,,,,,,https://www.usaspending.gov/award/CONT_AWD_W81K0209P0001_9700_-NONE-_-NONE-/,2009-07-31 20:54:34+00,2022-04-07 13:13:52+00
9700_-NONE-_W81K0209P0001_P00003_-NONE-_0,CONT_AWD_W81K0209P0001_9700_-NONE-_-NONE-,W81K0209P0001,P00003,0,,,,,0.00,101196.00,,27370.00,101196.00,0.00,101196.00,,,,,,2009-08-12,2009,2009-10-01,2010-09-30,2013-09-30 00:00:00,,,097,Department of Defense,2100,Department of the Army,W81K02,W40M MRCO PACIFIC,097,Department of Defense,2100,Department of the Army,W81K02,W40M MRCO PACIFIC,,,,,X,NOT APPLICABLE,,,CFFMYPABYAG3,,"KAISER FOUNDATION HEALTH PLAN, INC.","KAISER FOUNDATION HEALTH PLAN, INC",,,NJD8T9KMS4Y3,,"KAISER FOUNDATION HEALTH PLAN, INC.",KAISER FOUNDATION HEALTH PLAN  INC.,USA,UNITED STATES,3288 MOANALUA ROAD,,HONOLULU,15003,HONOLULU,15,HI,HAWAII,968191469,HI-01,HI-01,,,USA,UNITED STATES,TRIPLER ARMY MEDICAL CENTER,15003,HONOLULU,15,HI,HAWAII,968595000,HI-01,HI-01,AWARD,B,PURCHASE ORDER,,,,,,,J,FIXED PRICE,OCCUPATIONAL HEALTH SERVICES - OPTION I: 01 OCT 09 - 30 SEPT 10,OCCUPATIONAL HEALTH SERVICES,G,EXERCISE AN OPTION,W81K0208R0136,1,,,Q201,GENERAL HEALTH CARE SERVICES,,,S1,SERVICES,621498,ALL OTHER OUTPATIENT CARE CENTERS,C,NO CLAUSES INCLUDED AND NO SUSTAINABILITY INCLUDED,,,000,NONE,Z,NOT IT PRODUCTS OR SERVICES,E,NOT REQUIRED,USA,UNITED STATES,C,NOT A MANUFACTURED END PRODUCT,,,A,FULL AND OPEN COMPETITION,NP,NEGOTIATED PROPOSAL/QUOTE,NONE,NO SET ASIDE USED.,NONE,NO PREFERENCE USED,,,,,,,1,A,COMMERCIAL ITEM,f,N,NO,N,NO,Y,YES,N,NO,0.00,N,NO,X,NOT APPLICABLE,X,NOT APPLICABLE,X,NOT APPLICABLE,X,NOT APPLICABLE,,,,,,,,NONE,NONE,,,X,NOT APPLICABLE EXEMPT FROM CAS,N,TRANSACTION DOES NOT USE GFE/GFP,N,NO,X,NO,N,NO,N,NO - SERVICE WHERE PBA IS NOT USED.,N,NO,,,N,NO,,,f,f,f,f,f,f,f,f,f,f,f,f,f,f,f,f,f,f,f,OTHER THAN SMALL BUSINESS,O,f,f,f,f,f,f,f,f,f,f,f,f,f,f,f,f,f,CORPORATE TAX EXEMPT,f,t,f,f,f,f,f,f,f,f,f,f,f,f,f,f,f,t,f,f,f,f,f,f,f,f,f,f,f,t,f,f,f,f,f,f,f,f,f,f,f,f,f,f,f,f,f,f,f,f,,,,,,,,,,,https://www.usaspending.gov/award/CONT_AWD_W81K0209P0001_9700_-NONE-_-NONE-/,2009-08-12 16:48:13+00,2022-04-07 13:13:52+00
9700_-NONE-_W81K0209P0001_P00004_-NONE-_0,CONT_AWD_W81K0209P0001_9700_-NONE-_-NONE-,W81K0209P0001,P00004,0,,,,,27370.00,101196.00,,0.00,101196.00,0.00,101196.00,,,,,,2009-10-08,2010,2009-10-01,2010-09-30,2013-09-30 00:00:00,,,097,Department of Defense,2100,Department of the Army,W81K02,W40M MRCO PACIFIC,097,Department of Defense,2100,Department of the Army,W81K02,W40M MRCO PACIFIC,,,,,X,NOT APPLICABLE,,,CFFMYPABYAG3,,"KAISER FOUNDATION HEALTH PLAN, INC.","KAISER FOUNDATION HEALTH PLAN, INC",,,NJD8T9KMS4Y3,,"KAISER FOUNDATION HEALTH PLAN, INC.",KAISER FOUNDATION HEALTH PLAN  INC.,USA,UNITED STATES,3288 MOANALUA ROAD,,HONOLULU,15003,HONOLULU,15,HI,HAWAII,968191469,HI-01,HI-01,,,USA,UNITED STATES,TRIPLER ARMY MEDICAL CENTER,15003,HONOLULU,15,HI,HAWAII,968595000,HI-01,HI-01,AWARD,B,PURCHASE ORDER,,,,,,,J,FIXED PRICE,OPTION I: 01 OCT 09 - 30 SEPT 10,OCCUPATIONAL HEALTH SERVICES,C,FUNDING ONLY ACTION,W81K0208R0136,1,,,Q201,GENERAL HEALTH CARE SERVICES,,,S1,SERVICES,621498,ALL OTHER OUTPATIENT CARE CENTERS,C,NO CLAUSES INCLUDED AND NO SUSTAINABILITY INCLUDED,,,000,NONE,Z,NOT IT PRODUCTS OR SERVICES,E,NOT REQUIRED,USA,UNITED STATES,C,NOT A MANUFACTURED END PRODUCT,,,A,FULL AND OPEN COMPETITION,NP,NEGOTIATED PROPOSAL/QUOTE,NONE,NO SET ASIDE USED.,NONE,NO PREFERENCE USED,,,,,,,1,A,COMMERCIAL ITEM,f,N,NO,N,NO,Y,YES,N,NO,0.00,N,NO,X,NOT APPLICABLE,N,NO,X,NOT APPLICABLE,X,NOT APPLICABLE,,,,,,,,NONE,NONE,,,X,NOT APPLICABLE EXEMPT FROM CAS,N,TRANSACTION DOES NOT USE GFE/GFP,N,NO,X,NO,N,NO,N,NO - SERVICE WHERE PBA IS NOT USED.,N,NO,,,N,NO,,,f,f,f,f,f,f,f,f,f,f,f,f,f,f,f,f,f,f,f,OTHER THAN SMALL BUSINESS,O,f,f,f,f,f,f,f,f,f,f,f,f,f,f,f,f,f,CORPORATE TAX EXEMPT,f,t,f,f,f,f,f,f,f,f,f,f,f,f,f,f,f,t,f,f,f,f,f,f,f,f,f,f,f,t,f,f,f,f,f,f,f,f,f,f,f,f,f,f,f,f,f,f,f,f,,,,,,,,,,,https://www.usaspending.gov/award/CONT_AWD_W81K0209P0001_9700_-NONE-_-NONE-/,2009-10-08 18:29:17+00,2022-04-07 13:13:52+00
9700_-NONE-_W81K0209P0001_P00005_-NONE-_0,CONT_AWD_W81K0209P0001_9700_-NONE-_-NONE-,W81K0209P0001,P00005,0,,,,,0.00,101196.00,,15000.00,101196.00,-12370.00,101196.00,,,,,,2010-09-29,2010,2010-10-01,2011-09-30,2013-09-30 00:00:00,,,097,Department of Defense,2100,Department of the Army,W81K02,W40M MRCO PACIFIC,097,Department of Defense,2100,Department of the Army,W81K02,W40M MRCO PACIFIC,,,,,X,NOT APPLICABLE,,,CFFMYPABYAG3,,"KAISER FOUNDATION HEALTH PLAN, INC.","KAISER FOUNDATION HEALTH PLAN, INC",,,NJD8T9KMS4Y3,,"KAISER FOUNDATION HEALTH PLAN, INC.",KAISER FOUNDATION HEALTH PLAN  INC.,USA,UNITED STATES,3288 MOANALUA ROAD,,HONOLULU,15003,HONOLULU,15,HI,HAWAII,968191469,HI-01,HI-01,,,USA,UNITED STATES,TRIPLER ARMY MEDICAL CENTER,15003,HONOLULU,15,HI,HAWAII,968595000,HI-01,HI-01,AWARD,B,PURCHASE ORDER,,,,,,,J,FIRM FIXED PRICE,OPTION I: 01 OCT 09 - 30 SEPT 10,OCCUPATIONAL HEALTH SERVICES,G,EXERCISE AN OPTION,W81K0208R0136,1,,,Q201,GENERAL HEALTH CARE SERVICES,,,S1,SERVICES,621498,ALL OTHER OUTPATIENT CARE CENTERS,C,NO CLAUSES INCLUDED AND NO SUSTAINABILITY INCLUDED,,,000,NONE,Z,NOT IT PRODUCTS OR SERVICES,E,NOT REQUIRED,USA,UNITED STATES,C,NOT A MANUFACTURED END PRODUCT,,,A,FULL AND OPEN COMPETITION,NP,NEGOTIATED PROPOSAL/QUOTE,NONE,NO SET ASIDE USED.,NONE,NO PREFERENCE USED,,,,,,,1,A,COMMERCIAL ITEM,f,N,NO,N,NO,Y,YES,N,NO,0.00,N,NO,X,NOT APPLICABLE,N,NO,X,NOT APPLICABLE,X,NOT APPLICABLE,,,,,,,,NONE,NONE,,,X,NOT APPLICABLE EXEMPT FROM CAS,N,TRANSACTION DOES NOT USE GFE/GFP,N,NO,X,NO,N,NO,N,NO - SERVICE WHERE PBA IS NOT USED.,N,NO,,,N,NO,,,f,f,f,f,f,f,f,f,f,f,f,f,f,f,f,f,f,f,f,OTHER THAN SMALL BUSINESS,O,f,f,f,f,f,f,f,f,f,f,f,f,f,f,f,f,f,CORPORATE TAX EXEMPT,f,t,f,f,f,f,f,f,f,f,f,f,f,f,f,f,f,t,f,f,f,f,f,f,f,f,f,f,f,t,f,f,f,f,f,f,f,f,f,f,f,f,f,f,f,f,f,f,f,f,,,,,,,,,,,https://www.usaspending.gov/award/CONT_AWD_W81K0209P0001_9700_-NONE-_-NONE-/,2010-09-29 15:04:00+00,2022-04-07 13:13:52+00
9700_-NONE-_W81K0209P0001_P00006_-NONE-_0,CONT_AWD_W81K0209P0001_9700_-NONE-_-NONE-,W81K0209P0001,P00006,0,,,,,15000.00,101196.00,,0.00,101196.00,0.00,101196.00,,,,,,2010-10-21,2011,2010-10-20,2011-09-30,2013-09-30 00:00:00,,,097,Department of Defense,2100,Department of the Army,W81K02,W40M MRCO PACIFIC,097,Department of Defense,2100,Department of the Army,W81K02,W40M MRCO PACIFIC,,,,,X,NOT APPLICABLE,,,CFFMYPABYAG3,,"KAISER FOUNDATION HEALTH PLAN, INC.","KAISER FOUNDATION HEALTH PLAN, INC",,,NJD8T9KMS4Y3,,"KAISER FOUNDATION HEALTH PLAN, INC.",KAISER FOUNDATION HEALTH PLAN  INC.,USA,UNITED STATES,3288 MOANALUA ROAD,,HONOLULU,15003,HONOLULU,15,HI,HAWAII,968191469,HI-01,HI-01,,,USA,UNITED STATES,TRIPLER ARMY MEDICAL CENTER,15003,HONOLULU,15,HI,HAWAII,968595000,HI-01,HI-01,AWARD,B,PURCHASE ORDER,,,,,,,J,FIRM FIXED PRICE,OPTION I: 01 OCT 09 - 30 SEPT 10,OCCUPATIONAL HEALTH SERVICES,C,FUNDING ONLY ACTION,W81K0208R0136,1,,,Q201,GENERAL HEALTH CARE SERVICES,,,S1,SERVICES,621498,ALL OTHER OUTPATIENT CARE CENTERS,C,NO CLAUSES INCLUDED AND NO SUSTAINABILITY INCLUDED,,,000,NONE,,,E,NOT REQUIRED,USA,UNITED STATES,C,NOT A MANUFACTURED END PRODUCT,,,A,FULL AND OPEN COMPETITION,NP,NEGOTIATED PROPOSAL/QUOTE,NONE,NO SET ASIDE USED.,NONE,NO PREFERENCE USED,,,,,,,1,A,COMMERCIAL ITEM,f,N,NO,N,NO,Y,YES,N,NO,0.00,N,NO,X,NOT APPLICABLE,N,NO,X,NOT APPLICABLE,X,NOT APPLICABLE,,,,,,,,NONE,NONE,,,X,NOT APPLICABLE EXEMPT FROM CAS,N,TRANSACTION DOES NOT USE GFE/GFP,N,NO,X,NO,N,NO,N,NO - SERVICE WHERE PBA IS NOT USED.,N,NO,,,N,NO,,,f,f,f,f,f,f,f,f,f,f,f,f,f,f,f,f,f,f,f,OTHER THAN SMALL BUSINESS,O,f,f,f,f,f,f,f,f,f,f,f,f,f,f,f,f,f,CORPORATE TAX EXEMPT,f,t,f,f,f,f,f,f,f,f,f,f,f,f,f,f,f,t,f,f,f,f,f,f,f,f,f,f,f,t,f,f,f,f,f,f,f,f,f,f,f,f,f,f,f,f,f,f,f,f,,,,,,,,,,,https://www.usaspending.gov/award/CONT_AWD_W81K0209P0001_9700_-NONE-_-NONE-/,2010-10-21 15:54:21+00,2022-04-07 13:13:52+00
9700_-NONE-_W81K0209P0001_P00007_-NONE-_0,CONT_AWD_W81K0209P0001_9700_-NONE-_-NONE-,W81K0209P0001,P00007,0,,,,,0.00,101196.00,,27370.00,101196.00,0.00,101196.00,,,,,,2011-09-22,2011,2011-10-01,2012-09-30,2013-09-30 00:00:00,,,097,Department of Defense,2100,Department of the Army,W81K02,W40M MRCO PACIFIC,097,Department of Defense,2100,Department of the Army,W81K02,W40M MRCO PACIFIC,,,,,X,NOT APPLICABLE,,,CFFMYPABYAG3,,"KAISER FOUNDATION HEALTH PLAN, INC.","KAISER FOUNDATION HEALTH PLAN, INC",,,NJD8T9KMS4Y3,,"KAISER FOUNDATION HEALTH PLAN, INC.",KAISER FOUNDATION HEALTH PLAN  INC.,USA,UNITED STATES,3288 MOANALUA ROAD,,HONOLULU,15003,HONOLULU,15,HI,HAWAII,968191469,HI-01,HI-01,,,USA,UNITED STATES,TRIPLER ARMY MEDICAL CENTER,15003,HONOLULU,15,HI,HAWAII,968595000,HI-01,HI-01,AWARD,B,PURCHASE ORDER,,,,,,,J,FIRM FIXED PRICE,OCCUPATIONAL HEALTH SERVICES - EXERCISE OPTION III - FY12,OCCUPATIONAL HEALTH SERVICES,G,EXERCISE AN OPTION,W81K0208R0136,1,,,Q201,GENERAL HEALTH CARE SERVICES,,,S1,SERVICES,621498,ALL OTHER OUTPATIENT CARE CENTERS,C,NO CLAUSES INCLUDED AND NO SUSTAINABILITY INCLUDED,A,U.S. OWNED BUSINESS,000,NONE,Z,NOT IT PRODUCTS OR SERVICES,E,NOT REQUIRED,USA,UNITED STATES,C,NOT A MANUFACTURED END PRODUCT,,,A,FULL AND OPEN COMPETITION,NP,NEGOTIATED PROPOSAL/QUOTE,NONE,NO SET ASIDE USED.,NONE,NO PREFERENCE USED,,,,,,,1,A,COMMERCIAL ITEM,f,N,NO,N,NO,Y,YES,N,NO,0.00,N,NO,X,NOT APPLICABLE,N,NO,X,NOT APPLICABLE,X,NOT APPLICABLE,,,,,,,,NONE,NONE,,,X,NOT APPLICABLE EXEMPT FROM CAS,N,TRANSACTION DOES NOT USE GFE/GFP,N,NO,X,NO,N,NO,N,NO - SERVICE WHERE PBA IS NOT USED.,N,NO,Z,NOT APPLICABLE,N,NO,X,NOT APPLICABLE,f,f,f,f,f,f,f,f,f,f,f,f,f,f,f,f,f,f,f,OTHER THAN SMALL BUSINESS,O,f,f,f,f,f,f,f,f,f,f,f,f,f,f,f,f,f,CORPORATE TAX EXEMPT,f,t,f,f,f,f,f,f,f,f,f,f,f,f,f,f,f,t,f,f,f,f,f,f,f,f,f,f,f,t,f,f,f,f,f,f,f,f,f,f,f,f,f,f,f,f,f,f,f,f,,,,,,,,,,,https://www.usaspending.gov/award/CONT_AWD_W81K0209P0001_9700_-NONE-_-NONE-/,2011-09-22 20:50:10+00,2022-04-07 13:13:52+00
9700_-NONE-_W81K0209P0001_P00008_-NONE-_0,CONT_AWD_W81K0209P0001_9700_-NONE-_-NONE-,W81K0209P0001,P00008,0,,,,,27370.00,101196.00,,0.00,101196.00,0.00,101196.00,,,,,,2011-11-29,2012,2011-10-01,2012-09-30,2013-09-30 00:00:00,,,097,Department of Defense,2100,Department of the Army,W81K02,W40M MRCO PACIFIC,097,Department of Defense,2100,Department of the Army,WX3JN7,W07C TRIPLER AMC,,,,,X,NOT APPLICABLE,,,CFFMYPABYAG3,,"KAISER FOUNDATION HEALTH PLAN, INC.","KAISER FOUNDATION HEALTH PLAN, INC",,,NJD8T9KMS4Y3,,"KAISER FOUNDATION HEALTH PLAN, INC.",KAISER FOUNDATION HEALTH PLAN  INC.,USA,UNITED STATES,3288 MOANALUA ROAD,,HONOLULU,15003,HONOLULU,15,HI,HAWAII,968191469,HI-01,HI-01,,,USA,UNITED STATES,TRIPLER ARMY MEDICAL CENTER,15003,HONOLULU,15,HI,HAWAII,968595000,HI-01,HI-01,AWARD,B,PURCHASE ORDER,,,,,,,J,FIRM FIXED PRICE,ANCILLARY SERVICES - RELEASE FY12 FUNDS,OCCUPATIONAL HEALTH SERVICES,C,FUNDING ONLY ACTION,W81K0208R0136,1,,,Q201,MEDICAL- GENERAL HEALTH CARE,,,S1,SERVICES,621498,ALL OTHER OUTPATIENT CARE CENTERS,C,NO CLAUSES INCLUDED AND NO SUSTAINABILITY INCLUDED,A,U.S. OWNED BUSINESS,000,NONE,Z,NOT IT PRODUCTS OR SERVICES,E,NOT REQUIRED,USA,UNITED STATES,C,NOT A MANUFACTURED END PRODUCT,,,A,FULL AND OPEN COMPETITION,NP,NEGOTIATED PROPOSAL/QUOTE,NONE,NO SET ASIDE USED.,NONE,NO PREFERENCE USED,,,,,,,1,A,COMMERCIAL ITEM,f,N,NO,N,NO,Y,YES,N,NO,0.00,N,NO,X,NOT APPLICABLE,N,NO,X,NOT APPLICABLE,X,NOT APPLICABLE,,,,,,,,NONE,NONE,,,X,NOT APPLICABLE EXEMPT FROM CAS,N,TRANSACTION DOES NOT USE GFE/GFP,N,NO,X,NO,N,NO,N,NO - SERVICE WHERE PBA IS NOT USED.,N,NO,Z,NOT APPLICABLE,N,NO,X,NOT APPLICABLE,f,f,f,f,f,f,f,f,f,f,f,f,f,f,f,f,f,f,f,OTHER THAN SMALL BUSINESS,O,f,f,f,f,f,f,f,f,f,f,f,f,f,f,f,f,f,CORPORATE TAX EXEMPT,f,t,f,f,f,f,f,f,f,f,f,f,f,f,f,f,f,t,f,f,f,f,f,f,f,f,f,f,f,t,f,f,f,f,f,f,f,f,f,f,f,f,f,f,f,f,f,f,f,f,,,,,,,,,,,https://www.usaspending.gov/award/CONT_AWD_W81K0209P0001_9700_-NONE-_-NONE-/,2011-11-29 18:03:34+00,2022-04-07 13:13:52+00
9700_-NONE-_W81K0209P0001_P00009_-NONE-_0,CONT_AWD_W81K0209P0001_9700_-NONE-_-NONE-,W81K0209P0001,P00009,0,,,,,0.00,101196.00,,27370.00,101196.00,0.00,101196.00,,,,,,2012-09-19,2012,2012-10-01,2013-09-30,2013-09-30 00:00:00,,,097,Department of Defense,2100,Department of the Army,W81K02,W40M MRCO PACIFIC,097,Department of Defense,2100,Department of the Army,WX3JN7,W07C TRIPLER AMC,,,,,X,NOT APPLICABLE,,,CFFMYPABYAG3,,"KAISER FOUNDATION HEALTH PLAN, INC.","KAISER FOUNDATION HEALTH PLAN, INC",,,NJD8T9KMS4Y3,,"KAISER FOUNDATION HEALTH PLAN, INC.",KAISER FOUNDATION HEALTH PLAN  INC.,USA,UNITED STATES,3288 MOANALUA ROAD,,HONOLULU,15003,HONOLULU,15,HI,HAWAII,968191469,HI-01,HI-01,,,USA,UNITED STATES,TRIPLER ARMY MEDICAL CENTER,15003,HONOLULU,15,HI,HAWAII,968595000,HI-01,HI-01,AWARD,B,PURCHASE ORDER,,,,,,,J,FIRM FIXED PRICE,"OCCUPATIONAL HEALTH SERVICES FOR THE BIG ISLAND - EXERCISE OPTION IV, 01 OCT 12 - 30 SEP 13",OCCUPATIONAL HEALTH SERVICES,G,EXERCISE AN OPTION,W81K0208R0136,1,,,Q201,MEDICAL- GENERAL HEALTH CARE,,,S1,SERVICES,621498,ALL OTHER OUTPATIENT CARE CENTERS,C,NO CLAUSES INCLUDED AND NO SUSTAINABILITY INCLUDED,A,U.S. OWNED BUSINESS,000,NONE,Z,NOT IT PRODUCTS OR SERVICES,E,NOT REQUIRED,USA,UNITED STATES,C,NOT A MANUFACTURED END PRODUCT,,,A,FULL AND OPEN COMPETITION,NP,NEGOTIATED PROPOSAL/QUOTE,NONE,NO SET ASIDE USED.,NONE,NO PREFERENCE USED,,,,,,,1,A,COMMERCIAL ITEM,f,N,NO,N,NO,Y,YES,N,NO,0.00,N,NO,X,NOT APPLICABLE,N,NO,X,NOT APPLICABLE,X,NOT APPLICABLE,,,,,,,,NONE,NONE,,,X,NOT APPLICABLE EXEMPT FROM CAS,N,TRANSACTION DOES NOT USE GFE/GFP,N,NO,X,NO,N,NO,N,NO - SERVICE WHERE PBA IS NOT USED.,N,NO,Z,NOT APPLICABLE,N,NO,X,NOT APPLICABLE,f,f,f,f,f,f,f,f,f,f,f,f,f,f,f,f,f,f,f,OTHER THAN SMALL BUSINESS,O,f,f,f,f,f,f,f,f,f,f,f,f,f,f,f,f,f,CORPORATE TAX EXEMPT,f,t,f,f,f,f,f,f,f,f,f,f,f,f,f,f,f,t,f,f,f,f,f,f,f,f,f,f,f,t,f,f,f,f,f,f,f,f,f,f,f,f,f,f,f,f,f,f,f,f,,,,,,,,,,,https://www.usaspending.gov/award/CONT_AWD_W81K0209P0001_9700_-NONE-_-NONE-/,2012-09-19 18:06:00+00,2022-04-07 13:13:52+00
9700_-NONE-_W81K0209P0001_P00010_-NONE-_0,CONT_AWD_W81K0209P0001_9700_-NONE-_-NONE-,W81K0209P0001,P00010,0,,,,,27370.00,101196.00,,0.00,101196.00,0.00,101196.00,,,,,,2012-11-02,2013,2012-10-01,2013-09-30,2013-09-30 00:00:00,,,097,Department of Defense,2100,Department of the Army,W81K02,W40M MRCO PACIFIC,097,Department of Defense,2100,Department of the Army,WX3JN7,W07C TRIPLER AMC,,,,,X,NOT APPLICABLE,,,CFFMYPABYAG3,,"KAISER FOUNDATION HEALTH PLAN, INC.","KAISER FOUNDATION HEALTH PLAN, INC",,,NJD8T9KMS4Y3,,"KAISER FOUNDATION HEALTH PLAN, INC.",KAISER FOUNDATION HEALTH PLAN  INC.,USA,UNITED STATES,3288 MOANALUA ROAD,,HONOLULU,15003,HONOLULU,15,HI,HAWAII,968191469,HI-01,HI-01,,,USA,UNITED STATES,TRIPLER ARMY MEDICAL CENTER,15003,HONOLULU,15,HI,HAWAII,968595000,HI-01,HI-01,AWARD,B,PURCHASE ORDER,,,,,,,J,FIRM FIXED PRICE,OCCUPATIONAL HEALTH SERVICES - RELEASE FY13 FUNDS,OCCUPATIONAL HEALTH SERVICES,C,FUNDING ONLY ACTION,W81K0208R0136,1,,,Q201,MEDICAL- GENERAL HEALTH CARE,,,S1,SERVICES,621498,ALL OTHER OUTPATIENT CARE CENTERS,C,NO CLAUSES INCLUDED AND NO SUSTAINABILITY INCLUDED,A,U.S. OWNED BUSINESS,000,NONE,Z,NOT IT PRODUCTS OR SERVICES,E,NOT REQUIRED,USA,UNITED STATES,C,NOT A MANUFACTURED END PRODUCT,,,A,FULL AND OPEN COMPETITION,NP,NEGOTIATED PROPOSAL/QUOTE,NONE,NO SET ASIDE USED.,NONE,NO PREFERENCE USED,,,,,,,1,A,COMMERCIAL ITEM,f,N,NO,N,NO,Y,YES,N,NO,0.00,N,NO,X,NOT APPLICABLE,N,NO,X,NOT APPLICABLE,X,NOT APPLICABLE,,,,,,,,NONE,NONE,,,X,NOT APPLICABLE EXEMPT FROM CAS,N,TRANSACTION DOES NOT USE GFE/GFP,N,NO,X,NO,N,NO,N,NO - SERVICE WHERE PBA IS NOT USED.,N,NO,Z,NOT APPLICABLE,N,NO,X,NOT APPLICABLE,f,f,f,f,f,f,f,f,f,f,f,f,f,f,f,f,f,f,f,OTHER THAN SMALL BUSINESS,O,f,f,f,f,f,f,f,f,f,f,f,f,f,f,f,f,f,CORPORATE TAX EXEMPT,f,t,f,f,f,f,f,f,f,f,f,f,f,f,f,f,f,t,f,f,f,f,f,f,f,f,f,f,f,t,f,f,f,f,f,f,f,f,f,f,f,f,f,f,f,f,f,f,f,f,,,,,,,,,,,https://www.usaspending.gov/award/CONT_AWD_W81K0209P0001_9700_-NONE-_-NONE-/,2012-11-02 16:00:22+00,2022-04-07 13:13:52+00
9700_-NONE-_W81K0209P0001_P00011_-NONE-_0,CONT_AWD_W81K0209P0001_9700_-NONE-_-NONE-,W81K0209P0001,P00011,0,,,,,-20284.00,101196.00,,-20284.00,101196.00,-20284.00,101196.00,,,,,,2013-02-26,2013,2013-02-05,2013-09-30,2013-09-30 00:00:00,,,097,Department of Defense,2100,Department of the Army,W81K02,W40M MRCO PACIFIC,097,Department of Defense,2100,Department of the Army,WX3JN7,W07C TRIPLER AMC,,,,,X,NOT APPLICABLE,,,CFFMYPABYAG3,,"KAISER FOUNDATION HEALTH PLAN, INC.","KAISER FOUNDATION HEALTH PLAN, INC",,,NJD8T9KMS4Y3,,"KAISER FOUNDATION HEALTH PLAN, INC.",KAISER FOUNDATION HEALTH PLAN  INC.,USA,UNITED STATES,3288 MOANALUA ROAD,,HONOLULU,15003,HONOLULU,15,HI,HAWAII,968191469,HI-01,HI-01,,,USA,UNITED STATES,TRIPLER ARMY MEDICAL CENTER,15003,HONOLULU,15,HI,HAWAII,968595000,HI-01,HI-01,AWARD,B,PURCHASE ORDER,,,,,,,J,FIRM FIXED PRICE,OCCUPATIONAL HEALTH SERVICES - DEOB UNUSED FUNDS,OCCUPATIONAL HEALTH SERVICES,C,FUNDING ONLY ACTION,W81K0208R0136,1,,,Q201,MEDICAL- GENERAL HEALTH CARE,,,S1,SERVICES,621498,ALL OTHER OUTPATIENT CARE CENTERS,C,NO CLAUSES INCLUDED AND NO SUSTAINABILITY INCLUDED,A,U.S. OWNED BUSINESS,000,NONE,Z,NOT IT PRODUCTS OR SERVICES,E,NOT REQUIRED,USA,UNITED STATES,C,NOT A MANUFACTURED END PRODUCT,,,A,FULL AND OPEN COMPETITION,NP,NEGOTIATED PROPOSAL/QUOTE,NONE,NO SET ASIDE USED.,NONE,NO PREFERENCE USED,,,,,,,1,A,COMMERCIAL ITEM,f,N,NO,N,NO,Y,YES,N,NO,0.00,N,NO,X,NOT APPLICABLE,N,NO,X,NOT APPLICABLE,X,NOT APPLICABLE,,,,,,,,NONE,NONE,,,X,NOT APPLICABLE EXEMPT FROM CAS,N,TRANSACTION DOES NOT USE GFE/GFP,N,NO,X,NO,N,NO,N,NO - SERVICE WHERE PBA IS NOT USED.,N,NO,Z,NOT APPLICABLE,N,NO,X,NOT APPLICABLE,f,f,f,f,f,f,f,f,f,f,f,f,f,f,f,f,f,f,f,OTHER THAN SMALL BUSINESS,O,f,f,f,f,f,f,f,f,f,f,f,f,f,f,f,f,f,CORPORATE TAX EXEMPT,f,t,f,f,f,f,f,f,f,f,f,f,f,f,f,f,f,t,f,f,f,f,f,f,f,f,f,f,f,t,f,f,f,f,f,f,f,f,f,f,f,f,f,f,f,f,f,f,f,f,,,,,,,,,,,https://www.usaspending.gov/award/CONT_AWD_W81K0209P0001_9700_-NONE-_-NONE-/,2013-02-26 13:17:52+00,2022-04-07 13:13:52+00
9700_-NONE-_W81K0209P0001_P00012_-NONE-_0,CONT_AWD_W81K0209P0001_9700_-NONE-_-NONE-,W81K0209P0001,P00012,0,,,,,0.00,101196.00,,7000.00,101196.00,7000.00,101196.00,,,,,,2013-08-21,2013,2013-10-01,2013-09-30,2013-09-30 00:00:00,,,097,Department of Defense,2100,Department of the Army,W81K02,W40M MRCO PACIFIC,097,Department of Defense,2100,Department of the Army,WX3JN7,W07C TRIPLER AMC,,,,,X,NOT APPLICABLE,,,CFFMYPABYAG3,,"KAISER FOUNDATION HEALTH PLAN, INC.","KAISER FOUNDATION HEALTH PLAN, INC",,,NJD8T9KMS4Y3,,"KAISER FOUNDATION HEALTH PLAN, INC.",KAISER FOUNDATION HEALTH PLAN  INC.,USA,UNITED STATES,3288 MOANALUA ROAD,,HONOLULU,15003,HONOLULU,15,HI,HAWAII,968191469,HI-01,HI-01,,,USA,UNITED STATES,TRIPLER ARMY MEDICAL CENTER,15003,HONOLULU,15,HI,HAWAII,968595000,HI-01,HI-01,AWARD,B,PURCHASE ORDER,,,,,,,J,FIRM FIXED PRICE,ANCILLARY SERVICES - EXTEND SERVICES FOR 6 MOS.,OCCUPATIONAL HEALTH SERVICES,B,SUPPLEMENTAL AGREEMENT FOR WORK WITHIN SCOPE,W81K0208R0136,1,,,Q201,MEDICAL- GENERAL HEALTH CARE,,,S1,SERVICES,621498,ALL OTHER OUTPATIENT CARE CENTERS,C,NO CLAUSES INCLUDED AND NO SUSTAINABILITY INCLUDED,A,U.S. OWNED BUSINESS,000,NONE,Z,NOT IT PRODUCTS OR SERVICES,E,NOT REQUIRED,USA,UNITED STATES,C,NOT A MANUFACTURED END PRODUCT,,,A,FULL AND OPEN COMPETITION,NP,NEGOTIATED PROPOSAL/QUOTE,NONE,NO SET ASIDE USED.,NONE,NO PREFERENCE USED,,,,,,,1,A,COMMERCIAL ITEM,f,N,NO,N,NO,Y,YES,N,NO,0.00,N,NO,X,NOT APPLICABLE,N,NO,X,NOT APPLICABLE,X,NOT APPLICABLE,,,,,,,,NONE,NONE,,,X,NOT APPLICABLE EXEMPT FROM CAS,N,TRANSACTION DOES NOT USE GFE/GFP,N,NO,X,NO,N,NO,N,NO - SERVICE WHERE PBA IS NOT USED.,N,NO,Z,NOT APPLICABLE,N,NO,X,NOT APPLICABLE,f,f,f,f,f,f,f,f,f,f,f,f,f,f,f,f,f,f,f,OTHER THAN SMALL BUSINESS,O,f,f,f,f,f,f,f,f,f,f,f,f,f,f,f,f,f,CORPORATE TAX EXEMPT,f,t,f,f,f,f,f,f,f,f,f,f,f,f,f,f,f,t,f,f,f,f,f,f,f,f,f,f,f,t,f,f,f,f,f,f,f,f,f,f,f,f,f,f,f,f,f,f,f,f,,,,,,,,,,,https://www.usaspending.gov/award/CONT_AWD_W81K0209P0001_9700_-NONE-_-NONE-/,2013-08-21 21:45:51+00,2022-04-07 13:13:52+00
9700_-NONE-_W81K0209P0001_P00013_-NONE-_0,CONT_AWD_W81K0209P0001_9700_-NONE-_-NONE-,W81K0209P0001,P00013,0,,,,,0.00,101196.00,,0.00,101196.00,0.00,101196.00,,,,,,2013-10-10,2014,2013-10-01,2013-09-30,2013-09-30 00:00:00,,,097,Department of Defense,2100,Department of the Army,W81K02,W40M MRCO PACIFIC,097,Department of Defense,2100,Department of the Army,WX3JN7,W07C TRIPLER AMC,,,,,X,NOT APPLICABLE,,,CFFMYPABYAG3,,"KAISER FOUNDATION HEALTH PLAN, INC.","KAISER FOUNDATION HEALTH PLAN, INC",,,NJD8T9KMS4Y3,,"KAISER FOUNDATION HEALTH PLAN, INC.",KAISER FOUNDATION HEALTH PLAN  INC.,USA,UNITED STATES,3288 MOANALUA ROAD,,HONOLULU,15003,HONOLULU,15,HI,HAWAII,968191469,HI-01,HI-01,,,USA,UNITED STATES,TRIPLER ARMY MEDICAL CENTER,15003,HONOLULU,15,HI,HAWAII,968595000,HI-01,HI-01,AWARD,B,PURCHASE ORDER,,,,,,,J,FIRM FIXED PRICE,OCCUPATIONAL HEALTH SERVICES - GOVT SHUTDOWN,OCCUPATIONAL HEALTH SERVICES,B,SUPPLEMENTAL AGREEMENT FOR WORK WITHIN SCOPE,W81K0208R0136,1,,,Q201,MEDICAL- GENERAL HEALTH CARE,,,S1,SERVICES,621498,ALL OTHER OUTPATIENT CARE CENTERS,C,NO CLAUSES INCLUDED AND NO SUSTAINABILITY INCLUDED,A,U.S. OWNED BUSINESS,000,NONE,Z,NOT IT PRODUCTS OR SERVICES,E,NOT REQUIRED,USA,UNITED STATES,C,NOT A MANUFACTURED END PRODUCT,,,A,FULL AND OPEN COMPETITION,NP,NEGOTIATED PROPOSAL/QUOTE,NONE,NO SET ASIDE USED.,NONE,NO PREFERENCE USED,,,,,,,1,A,COMMERCIAL ITEM,f,N,NO,N,NO,Y,YES,N,NO,0.00,N,NO,X,NOT APPLICABLE,N,NO,X,NOT APPLICABLE,X,NOT APPLICABLE,,,,,,,,NONE,NONE,,,X,NOT APPLICABLE EXEMPT FROM CAS,N,TRANSACTION DOES NOT USE GFE/GFP,N,NO,X,NO,N,NO,N,NO - SERVICE WHERE PBA IS NOT USED.,N,NO,Z,NOT APPLICABLE,N,NO,X,NOT APPLICABLE,f,f,f,f,f,f,f,f,f,f,f,f,f,f,f,f,f,f,f,OTHER THAN SMALL BUSINESS,O,f,f,f,f,f,f,f,f,f,f,f,f,f,f,f,f,f,CORPORATE TAX EXEMPT,f,t,f,f,f,f,f,f,f,f,f,f,f,f,f,f,f,t,f,f,f,f,f,f,f,f,f,f,f,t,f,f,f,f,f,f,f,f,f,f,f,f,f,f,f,f,f,f,f,f,,,,,,,,,,,https://www.usaspending.gov/award/CONT_AWD_W81K0209P0001_9700_-NONE-_-NONE-/,2014-06-10 20:04:08+00,2022-04-07 13:13:52+00
9700_-NONE-_W81K0209P0001_P00014_-NONE-_0,CONT_AWD_W81K0209P0001_9700_-NONE-_-NONE-,W81K0209P0001,P00014,0,,,,,7000.00,101196.00,,0.00,101196.00,0.00,101196.00,,,,,,2013-11-21,2014,2013-11-21,2013-09-30,2013-09-30 00:00:00,,,097,Department of Defense,2100,Department of the Army,W81K02,W40M MRCO PACIFIC,097,Department of Defense,2100,Department of the Army,WX3JN7,W07C TRIPLER AMC,,,,,X,NOT APPLICABLE,,,CFFMYPABYAG3,,"KAISER FOUNDATION HEALTH PLAN, INC.","KAISER FOUNDATION HEALTH PLAN, INC",,,NJD8T9KMS4Y3,,"KAISER FOUNDATION HEALTH PLAN, INC.",KAISER FOUNDATION HEALTH PLAN  INC.,USA,UNITED STATES,3288 MOANALUA ROAD,,HONOLULU,15003,HONOLULU,15,HI,HAWAII,968191469,HI-01,HI-01,,,USA,UNITED STATES,TRIPLER ARMY MEDICAL CENTER,15003,HONOLULU,15,HI,HAWAII,968595000,HI-01,HI-01,AWARD,B,PURCHASE ORDER,,,,,,,J,FIRM FIXED PRICE,OCCUPATIONAL HEALTH SERVICES - RELEASES FY14 FUNDS,OCCUPATIONAL HEALTH SERVICES,C,FUNDING ONLY ACTION,W81K0208R0136,1,,,Q201,MEDICAL- GENERAL HEALTH CARE,,,S1,SERVICES,621498,ALL OTHER OUTPATIENT CARE CENTERS,C,NO CLAUSES INCLUDED AND NO SUSTAINABILITY INCLUDED,A,U.S. OWNED BUSINESS,000,NONE,Z,NOT IT PRODUCTS OR SERVICES,E,NOT REQUIRED,USA,UNITED STATES,C,NOT A MANUFACTURED END PRODUCT,,,A,FULL AND OPEN COMPETITION,NP,NEGOTIATED PROPOSAL/QUOTE,NONE,NO SET ASIDE USED.,NONE,NO PREFERENCE USED,,,,,,,1,A,COMMERCIAL ITEM,f,N,NO,N,NO,Y,YES,N,NO,0.00,N,NO,X,NOT APPLICABLE,N,NO,X,NOT APPLICABLE,X,NOT APPLICABLE,,,,,,,,NONE,NONE,,,X,NOT APPLICABLE EXEMPT FROM CAS,N,TRANSACTION DOES NOT USE GFE/GFP,N,NO,X,NO,N,NO,N,NO - SERVICE WHERE PBA IS NOT USED.,N,NO,Z,NOT APPLICABLE,N,NO,X,NOT APPLICABLE,f,f,f,f,f,f,f,f,f,f,f,f,f,f,f,f,f,f,f,OTHER THAN SMALL BUSINESS,O,f,f,f,f,f,f,f,f,f,f,f,f,f,f,f,f,f,CORPORATE TAX EXEMPT,f,t,f,f,f,f,f,f,f,f,f,f,f,f,f,f,f,t,f,f,f,f,f,f,f,f,f,f,f,t,f,f,f,f,f,f,f,f,f,f,f,f,f,f,f,f,f,f,f,f,,,,,,,,,,,https://www.usaspending.gov/award/CONT_AWD_W81K0209P0001_9700_-NONE-_-NONE-/,2014-06-17 13:17:08+00,2022-04-07 13:13:52+00
9700_-NONE-_W81K0214P0076_0_-NONE-_0,CONT_AWD_W81K0214P0076_9700_-NONE-_-NONE-,W81K0214P0076,0,0,,,,,20370.00,107019.00,0.00,20370.00,107019.00,129850.00,107019.00,,,,,,2014-07-29,2014,2014-08-01,2014-09-30,2018-09-30 00:00:00,,,097,Department of Defense,2100,Department of the Army,W81K02,W40M MRCO PACIFIC,097,Department of Defense,2100,Department of the Army,WX3JN7,W07C TRIPLER AMC,097-2014/2014-0130-000;097-2015/2015-0130-000;097-2018/2018-0130-000;097-2019/2019-0130-000,097-0130,25.2: Other services from non-Federal sources,,X,NOT APPLICABLE,,,CFFMYPABYAG3,138791392,"KAISER FOUNDATION HEALTH PLAN, INC.","KAISER FOUNDATION HEALTH PLAN, INC.",,,NJD8T9KMS4Y3,071695183,"KAISER FOUNDATION HEALTH PLAN, INC.",KAISER FOUNDATION HEALTH PLAN  INC.,USA,UNITED STATES,3288 MOANALUA ROAD,,HONOLULU,15003,HONOLULU,15,HI,HAWAII,968191469,HI-01,HI-01,8084325237,8084325304,USA,UNITED STATES,HILO,15001,HAWAII,15,HI,HAWAII,967201228,HI-02,HI-02,AWARD,B,PURCHASE ORDER,,,,,,,J,FIRM FIXED PRICE,IGF::OT::IGF ANCILLARY SERVICES FOR BIG ISLAND,IGF::OT::IGF ANCILLARY SERVICES FOR BIG ISLAND,,,W81K0214T0022,1,OT,OTHER FUNCTIONS,Q201,MEDICAL- GENERAL HEALTH CARE,D,NOT A BUNDLED REQUIREMENT,S1,SERVICES,621498,ALL OTHER OUTPATIENT CARE CENTERS,C,NO CLAUSES INCLUDED AND NO SUSTAINABILITY INCLUDED,A,U.S. OWNED BUSINESS,000,NONE,Z,NOT IT PRODUCTS OR SERVICES,E,NOT REQUIRED,USA,UNITED STATES,C,NOT A MANUFACTURED END PRODUCT,B,PLAN NOT REQUIRED,F,COMPETED UNDER SAP,SP1,SIMPLIFIED ACQUISITION,NONE,NO SET ASIDE USED.,NONE,NO PREFERENCE USED,,,,,,,1,A,COMMERCIAL ITEM,f,N,NO,N,NO,Y,YES,N,NO,,N,NO,X,NOT APPLICABLE,Y,YES,X,NOT APPLICABLE,X,NOT APPLICABLE,,,,,,,,NONE,NONE,,,,,N,TRANSACTION DOES NOT USE GFE/GFP,N,NO,X,NO,N,NO,Y,YES - SERVICE WHERE PBA IS USED.,,,Z,NOT APPLICABLE,N,NO,X,NOT APPLICABLE,f,f,f,f,f,f,f,f,f,f,f,f,f,f,f,f,f,f,f,OTHER THAN SMALL BUSINESS,O,f,f,f,f,f,f,f,f,f,f,f,f,f,f,f,f,f,CORPORATE TAX EXEMPT,f,t,f,f,f,f,f,f,f,f,f,t,f,f,f,f,f,t,f,f,f,f,f,f,f,f,f,f,f,t,f,f,f,f,f,f,f,f,f,f,f,f,f,f,f,f,f,f,f,f,,,,,,,,,,,https://www.usaspending.gov/award/CONT_AWD_W81K0214P0076_9700_-NONE-_-NONE-/,2014-07-23 18:53:38+00,2019-09-30 20:08:48+00
9700_-NONE-_W81K0214P0076_P00001_-NONE-_0,CONT_AWD_W81K0214P0076_9700_-NONE-_-NONE-,W81K0214P0076,P00001,0,,,,0,0.00,,0.00,0.00,,0.00,,,,,,,2014-08-27,2014,2014-08-18,2014-09-30,2018-09-30 00:00:00,,,097,Department of Defense,2100,Department of the Army,W81K02,W40M MRCO PACIFIC,097,Department of Defense,2100,Department of the Army,WX3JN7,W07C TRIPLER AMC,097-2014/2014-0130-000;097-2015/2015-0130-000;097-2018/2018-0130-000;097-2019/2019-0130-000,097-0130,25.2: Other services from non-Federal sources,,,NOT APPLICABLE,,NAN,CFFMYPABYAG3,138791392,"KAISER FOUNDATION HEALTH PLAN, INC.","KAISER FOUNDATION HEALTH PLAN, INC.",,,NJD8T9KMS4Y3,071695183,"KAISER FOUNDATION HEALTH PLAN, INC.",KAISER FOUNDATION HEALTH PLAN  INC.,USA,UNITED STATES,3288 MOANALUA ROAD,,HONOLULU,,,15,HI,,968191469,HI-01,HI-01,8084325237,8084325304,USA,UNITED STATES,HILO,15001,HAWAII,15,HI,HAWAII,967201228,HI-02,HI-02,AWARD,B,PO,,,,,,NAN,J,FIRM FIXED PRICE,IGF::OT::IGF ANCILLARY SERVICES FOR THE BIG ISLAND - ADD LAB TEST,IGF::OT::IGF ANCILLARY SERVICES FOR BIG ISLAND,B,SUPPLEMENTAL AGREEMENT FOR WORK WITHIN SCOPE,W81K0214T0022,1,,,Q201,MEDICAL- GENERAL HEALTH CARE,D,NOT A BUNDLED REQUIREMENT,S1,SERVICES,621498,ALL OTHER OUTPATIENT CARE CENTERS,C,NO CLAUSES INCLUDED AND NO SUSTAINABILITY INCLU,A,U.S. OWNED BUSINESS,,,Z,NOT IT PRODUCTS OR SERVICES,E,NOT REQUIRED,USA,,C,NOT A MANUFACTURED END PRODUCT,B,PLAN NOT REQUIRED,F,COMPETED UNDER SAP,SP1,SIMPLIFIED ACQUISITION,NONE,NO SET ASIDE USED.,NONE,NO PREFERENCE USED,,NAN,,NAN,,,1,A,,f,N,NO,NO,,Y,YES,N,,,N: NO,,X,NOT APPLICABLE,Y,YES,X,NOT APPLICABLE,X,NOT APPLICABLE,,,,,,,,NONE,NONE,,,,NAN,N,TRANSACTION DOES NOT USE GFE/GFP,N,NO,X,NO,N,NO,Y,YES - SERVICE WHERE PBA IS USED.,,,Z,NOT APPLICABLE,N,NO,X,NOT APPLICABLE,f,f,f,f,f,f,f,f,f,f,f,f,f,f,f,f,f,f,f,OTHER THAN SMALL BUSINESS,O,f,f,f,f,f,f,f,f,f,f,f,f,f,f,f,f,f,,f,t,f,f,f,f,f,f,f,f,f,t,f,f,f,t,t,t,f,f,f,f,f,f,f,f,f,f,f,t,f,f,f,f,f,f,f,f,f,f,f,f,f,f,f,f,f,f,f,f,,,,,,,,,,,https://www.usaspending.gov/award/CONT_AWD_W81K0214P0076_9700_-NONE-_-NONE-/,,2014-08-28 00:00:00+00
9700_-NONE-_W81K0214P0076_P00002_-NONE-_0,CONT_AWD_W81K0214P0076_9700_-NONE-_-NONE-,W81K0214P0076,P00002,0,,,,0,0.00,,0.00,27370.00,,0.00,,,,,,,2014-09-16,2014,2014-10-01,2015-09-30,2018-09-30 00:00:00,,,097,Department of Defense,2100,Department of the Army,W81K02,W40M MRCO PACIFIC,097,Department of Defense,2100,Department of the Army,WX3JN7,W07C TRIPLER AMC,097-2014/2014-0130-000;097-2015/2015-0130-000;097-2018/2018-0130-000;097-2019/2019-0130-000,097-0130,25.2: Other services from non-Federal sources,,,NOT APPLICABLE,,NAN,CFFMYPABYAG3,138791392,"KAISER FOUNDATION HEALTH PLAN, INC.","KAISER FOUNDATION HEALTH PLAN, INC.",,,NJD8T9KMS4Y3,071695183,"KAISER FOUNDATION HEALTH PLAN, INC.",KAISER FOUNDATION HEALTH PLAN  INC.,USA,UNITED STATES,3288 MOANALUA ROAD,,HONOLULU,,,15,HI,,968191469,HI-01,HI-01,8084325237,8084325304,USA,UNITED STATES,HILO,15001,HAWAII,15,HI,HAWAII,967201228,HI-02,HI-02,AWARD,B,PO,,,,,,NAN,J,FIRM FIXED PRICE,IGF::OT::IGF ANCILLARY TEST SVC EXERCIST OPT I SAF FY15,IGF::OT::IGF ANCILLARY SERVICES FOR BIG ISLAND,G,EXERCISE AN OPTION,W81K0214T0022,1,,,Q201,MEDICAL- GENERAL HEALTH CARE,D,NOT A BUNDLED REQUIREMENT,S1,SERVICES,621498,ALL OTHER OUTPATIENT CARE CENTERS,C,NO CLAUSES INCLUDED AND NO SUSTAINABILITY INCLU,A,U.S. OWNED BUSINESS,,,Z,NOT IT PRODUCTS OR SERVICES,E,NOT REQUIRED,USA,,C,NOT A MANUFACTURED END PRODUCT,B,PLAN NOT REQUIRED,F,COMPETED UNDER SAP,SP1,SIMPLIFIED ACQUISITION,NONE,NO SET ASIDE USED.,NONE,NO PREFERENCE USED,,NAN,,NAN,,,1,A,,f,N,NO,NO,,Y,YES,N,,,N: NO,,X,NOT APPLICABLE,Y,YES,X,NOT APPLICABLE,X,NOT APPLICABLE,,,,,,,,NONE,NONE,,,,NAN,N,TRANSACTION DOES NOT USE GFE/GFP,N,NO,X,NO,N,NO,Y,YES - SERVICE WHERE PBA IS USED.,,,Z,NOT APPLICABLE,N,NO,X,NOT APPLICABLE,f,f,f,f,f,f,f,f,f,f,f,f,f,f,f,f,f,f,f,OTHER THAN SMALL BUSINESS,O,f,f,f,f,f,f,f,f,f,f,f,f,f,f,f,f,f,,f,t,f,f,f,f,f,f,f,f,f,t,f,f,f,t,t,t,f,f,f,f,f,f,f,f,f,f,f,t,f,f,f,f,f,f,f,f,f,f,f,f,f,f,f,f,f,f,f,f,,,,,,,,,,,https://www.usaspending.gov/award/CONT_AWD_W81K0214P0076_9700_-NONE-_-NONE-/,,2014-09-16 00:00:00+00
9700_-NONE-_W81K0214P0076_P00003_-NONE-_0,CONT_AWD_W81K0214P0076_9700_-NONE-_-NONE-,W81K0214P0076,P00003,0,,,,0,27370.00,,0.00,0.00,,0.00,,,,,,,2014-10-31,2015,2014-10-01,2015-09-30,2018-09-30 00:00:00,,,097,Department of Defense,2100,Department of the Army,W81K02,W40M MRCO PACIFIC,097,Department of Defense,2100,Department of the Army,WX3JN7,W07C TRIPLER AMC,097-2014/2014-0130-000;097-2015/2015-0130-000;097-2018/2018-0130-000;097-2019/2019-0130-000,097-0130,25.2: Other services from non-Federal sources,,,NOT APPLICABLE,,NAN,CFFMYPABYAG3,138791392,"KAISER FOUNDATION HEALTH PLAN, INC.","KAISER FOUNDATION HEALTH PLAN, INC.",,,NJD8T9KMS4Y3,071695183,"KAISER FOUNDATION HEALTH PLAN, INC.",KAISER FOUNDATION HEALTH PLAN  INC.,USA,UNITED STATES,3288 MOANALUA ROAD,,HONOLULU,,,15,HI,,968191469,HI-01,HI-01,8084325237,8084325304,USA,UNITED STATES,HILO,15001,HAWAII,15,HI,HAWAII,967201228,HI-02,HI-02,AWARD,B,PO,,,,,,NAN,J,FIRM FIXED PRICE,IGF::OT::IGF ANCILLARY TEST SVC - RELEASE FY15 FUNDS,IGF::OT::IGF ANCILLARY SERVICES FOR BIG ISLAND,C,FUNDING ONLY ACTION,W81K0214T0022,1,,,Q201,MEDICAL- GENERAL HEALTH CARE,D,NOT A BUNDLED REQUIREMENT,S1,SERVICES,621498,ALL OTHER OUTPATIENT CARE CENTERS,C,NO CLAUSES INCLUDED AND NO SUSTAINABILITY INCLU,A,U.S. OWNED BUSINESS,,,Z,NOT IT PRODUCTS OR SERVICES,E,NOT REQUIRED,USA,,C,NOT A MANUFACTURED END PRODUCT,B,PLAN NOT REQUIRED,F,COMPETED UNDER SAP,SP1,SIMPLIFIED ACQUISITION,NONE,NO SET ASIDE USED.,NONE,NO PREFERENCE USED,,NAN,,NAN,,,1,A,,f,N,NO,NO,,Y,YES,N,,,N: NO,,X,NOT APPLICABLE,Y,YES,X,NOT APPLICABLE,X,NOT APPLICABLE,,,,,,,,NONE,NONE,,,,NAN,N,TRANSACTION DOES NOT USE GFE/GFP,N,NO,X,NO,N,NO,Y,YES - SERVICE WHERE PBA IS USED.,,,Z,NOT APPLICABLE,N,NO,X,NOT APPLICABLE,f,f,f,f,f,f,f,f,f,f,f,f,f,f,f,f,f,f,f,OTHER THAN SMALL BUSINESS,O,f,f,f,f,f,f,f,f,f,f,f,f,f,f,f,f,f,,f,t,f,f,f,f,f,f,f,f,f,t,f,f,f,t,t,t,f,f,f,f,f,f,f,f,f,f,f,t,f,f,f,f,f,f,f,f,f,f,f,f,f,f,f,f,f,f,f,f,,,,,,,,,,,https://www.usaspending.gov/award/CONT_AWD_W81K0214P0076_9700_-NONE-_-NONE-/,,2014-10-31 00:00:00+00
9700_-NONE-_W81K0214P0076_P00004_-NONE-_0,CONT_AWD_W81K0214P0076_9700_-NONE-_-NONE-,W81K0214P0076,P00004,0,,,,,0.00,,0.00,27370.00,,0.00,,,,,,,2015-09-16,2015,2015-10-01,2016-09-30,2018-09-30 00:00:00,,,097,Department of Defense,2100,Department of the Army,W81K02,W40M MRCO PACIFIC,097,Department of Defense,2100,Department of the Army,WX3JN7,W07C TRIPLER AMC,097-2014/2014-0130-000;097-2015/2015-0130-000;097-2018/2018-0130-000;097-2019/2019-0130-000,097-0130,25.2: Other services from non-Federal sources,,,NOT APPLICABLE,,NAN,CFFMYPABYAG3,138791392,"KAISER FOUNDATION HEALTH PLAN, INC.","KAISER FOUNDATION HEALTH PLAN, INC.",,,NJD8T9KMS4Y3,071695183,"KAISER FOUNDATION HEALTH PLAN, INC.","KAISER FOUNDATION HEALTH PLAN, INC.",USA,UNITED STATES OF AMERICA,3288 MOANALUA ROAD,,HONOLULU,15003,HONOLULU,15,HI,HAWAII,96819,,HI-01,8084325237,8084325304,USA,UNITED STATES OF AMERICA,HILO,15001,HAWAII,15,HI,HAWAII,967201228,HI-02,HI-02,AWARD,B,PO,,,,,,NAN,J,FIRM FIXED PRICE,"IGF::OT::IGF OCCUPATIONAL HEALTH ANCILLARY SERVICES, EXER OPT II FY 16 SAF",IGF::OT::IGF ANCILLARY SERVICES FOR BIG ISLAND,G,EXERCISE AN OPTION,W81K0214T0022,1,,,Q201,MEDICAL- GENERAL HEALTH CARE,D,NOT A BUNDLED REQUIREMENT,S1,SERVICES,621498,ALL OTHER OUTPATIENT CARE CENTERS,C,NO CLAUSES INCLUDED AND NO SUSTAINABILITY INCLUDED,A,U.S. OWNED BUSINESS,,,Z,NOT IT PRODUCTS OR SERVICES,E,NOT REQUIRED,USA,,C,NOT A MANUFACTURED END PRODUCT,B,PLAN NOT REQUIRED,F,COMPETED UNDER SAP,SP1,SIMPLIFIED ACQUISITION,NONE,NO SET ASIDE USED.,NONE,NO PREFERENCE USED,,NAN,,NAN,,,1,A,,f,N,NO,NO,,Y,YES,N,,,N: NO,,X,NOT APPLICABLE,Y,YES,X,NOT APPLICABLE,X,NOT APPLICABLE,,,,,,,,NONE,NONE,,,,NAN,N,TRANSACTION DOES NOT USE GFE/GFP,N,NO,X,NO,N,NO,Y,YES - SERVICE WHERE PBA IS USED.,,,Z,NOT APPLICABLE,N,NO,X,NOT APPLICABLE,f,f,f,f,f,f,f,f,f,f,f,f,f,f,f,f,f,f,f,OTHER THAN SMALL BUSINESS,O,f,f,f,f,f,f,f,f,f,f,f,f,f,f,f,f,f,,f,t,f,f,f,f,f,f,f,f,f,t,f,f,f,f,f,t,f,f,f,f,f,f,f,f,f,f,f,t,f,f,f,f,f,f,f,f,f,f,f,f,f,f,f,f,f,f,f,f,,,,,,,,,,,https://www.usaspending.gov/award/CONT_AWD_W81K0214P0076_9700_-NONE-_-NONE-/,,2015-09-16 00:00:00+00
9700_-NONE-_W81K0214P0076_P00005_-NONE-_0,CONT_AWD_W81K0214P0076_9700_-NONE-_-NONE-,W81K0214P0076,P00005,0,,,,,27370.00,,0.00,0.00,,0.00,,,,,,,2015-11-12,2016,2015-10-01,2016-09-30,2018-09-30 00:00:00,,,097,Department of Defense,2100,Department of the Army,W81K02,W40M MRCO PACIFIC,097,Department of Defense,2100,Department of the Army,WX3JN7,W07C TRIPLER AMC,097-2014/2014-0130-000;097-2015/2015-0130-000;097-2018/2018-0130-000;097-2019/2019-0130-000,097-0130,25.2: Other services from non-Federal sources,,X,NOT APPLICABLE,,,CFFMYPABYAG3,138791392,"KAISER FOUNDATION HEALTH PLAN, INC.","KAISER FOUNDATION HEALTH PLAN, INC.",,,NJD8T9KMS4Y3,071695183,"KAISER FOUNDATION HEALTH PLAN, INC.",KAISER FOUNDATION HEALTH PLAN  INC.,USA,UNITED STATES,3288 MOANALUA ROAD,,HONOLULU,15003,HONOLULU,15,HI,HAWAII,968191469,HI-01,HI-01,8084325237,8084325304,USA,UNITED STATES,HILO,15001,HAWAII,15,HI,HAWAII,967201228,HI-02,HI-02,AWARD,B,PURCHASE ORDER,,,,,,,J,FIRM FIXED PRICE,"IGF::OT::IGF OCCUPATIONAL HEALTH ANCILLARY SVC, RELEASE FY16 FUNDS",IGF::OT::IGF ANCILLARY SERVICES FOR BIG ISLAND,C,FUNDING ONLY ACTION,W81K0214T0022,1,,,Q201,MEDICAL- GENERAL HEALTH CARE,D,NOT A BUNDLED REQUIREMENT,S1,SERVICES,621498,ALL OTHER OUTPATIENT CARE CENTERS,C,NO CLAUSES INCLUDED AND NO SUSTAINABILITY INCLUDED,A,U.S. OWNED BUSINESS,000,NONE,Z,NOT IT PRODUCTS OR SERVICES,E,NOT REQUIRED,USA,UNITED STATES,C,NOT A MANUFACTURED END PRODUCT,B,PLAN NOT REQUIRED,F,COMPETED UNDER SAP,SP1,SIMPLIFIED ACQUISITION,NONE,NO SET ASIDE USED.,NONE,NO PREFERENCE USED,,,,,,,1,A,COMMERCIAL ITEM,f,N,NO,N,NO,Y,YES,N,NO,,N,NO,X,NOT APPLICABLE,Y,YES,X,NOT APPLICABLE,X,NOT APPLICABLE,,,,,,,,NONE,NONE,,,,,N,TRANSACTION DOES NOT USE GFE/GFP,N,NO,X,NO,N,NO,Y,YES - SERVICE WHERE PBA IS USED.,,,Z,NOT APPLICABLE,N,NO,X,NOT APPLICABLE,f,f,f,f,f,f,f,f,f,f,f,f,f,f,f,f,f,f,f,OTHER THAN SMALL BUSINESS,O,f,f,f,f,f,f,f,f,f,f,f,f,f,f,f,f,f,,f,t,f,f,f,f,f,f,f,f,f,t,f,f,f,f,f,t,f,f,f,f,f,f,f,f,f,f,f,t,f,f,f,f,f,f,f,f,f,f,f,f,f,f,f,f,f,f,f,f,,,,,,,,,,,https://www.usaspending.gov/award/CONT_AWD_W81K0214P0076_9700_-NONE-_-NONE-/,2015-11-12 17:03:47+00,2015-11-12 17:03:51+00
9700_-NONE-_W81K0214P0076_P00006_-NONE-_0,CONT_AWD_W81K0214P0076_9700_-NONE-_-NONE-,W81K0214P0076,P00006,0,,,,,0.00,,0.00,0.00,,0.00,,,,,,,2016-04-05,2016,2016-03-30,2016-09-30,2018-09-30 00:00:00,,,097,Department of Defense,2100,Department of the Army,W81K02,W40M MRCO PACIFIC,097,Department of Defense,2100,Department of the Army,WX3JN7,W07C TRIPLER AMC,097-2014/2014-0130-000;097-2015/2015-0130-000;097-2018/2018-0130-000;097-2019/2019-0130-000,097-0130,25.2: Other services from non-Federal sources,,X,NOT APPLICABLE,,,CFFMYPABYAG3,138791392,"KAISER FOUNDATION HEALTH PLAN, INC.","KAISER FOUNDATION HEALTH PLAN, INC.",,,NJD8T9KMS4Y3,071695183,"KAISER FOUNDATION HEALTH PLAN, INC.",KAISER FOUNDATION HEALTH PLAN  INC.,USA,UNITED STATES,3288 MOANALUA ROAD,,HONOLULU,15003,HONOLULU,15,HI,HAWAII,968191469,HI-01,HI-01,8084325237,8084325304,USA,UNITED STATES,HILO,15001,HAWAII,15,HI,HAWAII,967201228,HI-02,HI-02,AWARD,B,PURCHASE ORDER,,,,,,,J,FIRM FIXED PRICE,"IGF::OT::IGF OCCUPATIONAL HEALTH ANCILLARY SVC, ADD CLAUSE 5008",IGF::OT::IGF ANCILLARY SERVICES FOR BIG ISLAND,B,SUPPLEMENTAL AGREEMENT FOR WORK WITHIN SCOPE,W81K0214T0022,1,,,Q201,MEDICAL- GENERAL HEALTH CARE,D,NOT A BUNDLED REQUIREMENT,S1,SERVICES,621498,ALL OTHER OUTPATIENT CARE CENTERS,C,NO CLAUSES INCLUDED AND NO SUSTAINABILITY INCLUDED,A,U.S. OWNED BUSINESS,000,NONE,Z,NOT IT PRODUCTS OR SERVICES,E,NOT REQUIRED,USA,UNITED STATES,C,NOT A MANUFACTURED END PRODUCT,B,PLAN NOT REQUIRED,F,COMPETED UNDER SAP,SP1,SIMPLIFIED ACQUISITION,NONE,NO SET ASIDE USED.,NONE,NO PREFERENCE USED,,,,,,,1,A,COMMERCIAL ITEM,f,N,NO,N,NO,Y,YES,N,NO,,N,NO,X,NOT APPLICABLE,Y,YES,X,NOT APPLICABLE,X,NOT APPLICABLE,,,,,,,,NONE,NONE,,,,,N,TRANSACTION DOES NOT USE GFE/GFP,N,NO,X,NO,N,NO,Y,YES - SERVICE WHERE PBA IS USED.,,,Z,NOT APPLICABLE,N,NO,X,NOT APPLICABLE,f,f,f,f,f,f,f,f,f,f,f,f,f,f,f,f,f,f,f,OTHER THAN SMALL BUSINESS,O,f,f,f,f,f,f,f,f,f,f,f,f,f,f,f,f,f,,f,t,f,f,f,f,f,f,f,f,f,t,f,f,f,f,f,t,f,f,f,f,f,f,f,f,f,f,f,t,f,f,f,f,f,f,f,f,f,f,f,f,f,f,f,f,f,f,f,f,,,,,,,,,,,https://www.usaspending.gov/award/CONT_AWD_W81K0214P0076_9700_-NONE-_-NONE-/,2016-04-07 22:13:44+00,2016-04-07 22:13:48+00
9700_-NONE-_W81K0214P0076_P00007_-NONE-_0,CONT_AWD_W81K0214P0076_9700_-NONE-_-NONE-,W81K0214P0076,P00007,0,,,,,1388.00,,0.00,1388.00,,1388.00,,,,,,,2016-09-07,2016,2016-09-06,2016-09-30,2018-09-30 00:00:00,,,097,Department of Defense,2100,Department of the Army,W81K02,W40M MRCO PACIFIC,097,Department of Defense,2100,Department of the Army,WX3JN7,W07C TRIPLER AMC,097-2014/2014-0130-000;097-2015/2015-0130-000;097-2018/2018-0130-000;097-2019/2019-0130-000,097-0130,25.2: Other services from non-Federal sources,,X,NOT APPLICABLE,,,CFFMYPABYAG3,138791392,"KAISER FOUNDATION HEALTH PLAN, INC.","KAISER FOUNDATION HEALTH PLAN, INC.",,,NJD8T9KMS4Y3,071695183,"KAISER FOUNDATION HEALTH PLAN, INC.",KAISER FOUNDATION HEALTH PLAN  INC.,USA,UNITED STATES,3288 MOANALUA ROAD,,HONOLULU,15003,HONOLULU,15,HI,HAWAII,968191469,HI-01,HI-01,8084325237,8084325304,USA,UNITED STATES,HILO,15001,HAWAII,15,HI,HAWAII,967201228,HI-02,HI-02,AWARD,B,PURCHASE ORDER,,,,,,,J,FIRM FIXED PRICE,"IGF::OT::IGF OCCUPATIONAL HEALTH ANCILLARY SVC, INCREASE CLIN 2001",IGF::OT::IGF ANCILLARY SERVICES FOR BIG ISLAND,B,SUPPLEMENTAL AGREEMENT FOR WORK WITHIN SCOPE,W81K0214T0022,1,,,Q201,MEDICAL- GENERAL HEALTH CARE,D,NOT A BUNDLED REQUIREMENT,S1,SERVICES,621498,ALL OTHER OUTPATIENT CARE CENTERS,C,NO CLAUSES INCLUDED AND NO SUSTAINABILITY INCLUDED,A,U.S. OWNED BUSINESS,000,NONE,Z,NOT IT PRODUCTS OR SERVICES,E,NOT REQUIRED,USA,UNITED STATES,C,NOT A MANUFACTURED END PRODUCT,B,PLAN NOT REQUIRED,F,COMPETED UNDER SAP,SP1,SIMPLIFIED ACQUISITION,NONE,NO SET ASIDE USED.,NONE,NO PREFERENCE USED,,,,,,,1,A,COMMERCIAL ITEM,f,N,NO,N,NO,Y,YES,N,NO,,N,NO,X,NOT APPLICABLE,Y,YES,X,NOT APPLICABLE,X,NOT APPLICABLE,,,,,,,,NONE,NONE,,,,,N,TRANSACTION DOES NOT USE GFE/GFP,N,NO,X,NO,N,NO,Y,YES - SERVICE WHERE PBA IS USED.,,,Z,NOT APPLICABLE,N,NO,X,NOT APPLICABLE,f,f,f,f,f,f,f,f,f,f,f,f,f,f,f,f,f,f,f,OTHER THAN SMALL BUSINESS,O,f,f,f,f,f,f,f,f,f,f,f,f,f,f,f,f,f,,f,t,f,f,f,f,f,f,f,f,f,t,f,f,f,f,f,t,f,f,f,f,f,f,f,f,f,f,f,t,f,f,f,f,f,f,f,f,f,f,f,f,f,f,f,f,f,f,f,f,,,,,,,,,,,https://www.usaspending.gov/award/CONT_AWD_W81K0214P0076_9700_-NONE-_-NONE-/,2016-09-07 22:52:45+00,2016-09-07 22:52:48+00
9700_-NONE-_W81K0214P0076_P00008_-NONE-_0,CONT_AWD_W81K0214P0076_9700_-NONE-_-NONE-,W81K0214P0076,P00008,0,,,,,0.00,,0.00,27370.00,,0.00,,,,,,,2016-09-22,2016,2016-10-01,2017-09-30,2018-09-30 00:00:00,,,097,Department of Defense,2100,Department of the Army,W81K02,W40M MRCO PACIFIC,097,Department of Defense,2100,Department of the Army,WX3JN7,W07C TRIPLER AMC,097-2014/2014-0130-000;097-2015/2015-0130-000;097-2018/2018-0130-000;097-2019/2019-0130-000,097-0130,25.2: Other services from non-Federal sources,,X,NOT APPLICABLE,,,CFFMYPABYAG3,138791392,"KAISER FOUNDATION HEALTH PLAN, INC.","KAISER FOUNDATION HEALTH PLAN, INC.",,,NJD8T9KMS4Y3,071695183,"KAISER FOUNDATION HEALTH PLAN, INC.",KAISER FOUNDATION HEALTH PLAN  INC.,USA,UNITED STATES,3288 MOANALUA ROAD,,HONOLULU,15003,HONOLULU,15,HI,HAWAII,968191469,HI-01,HI-01,8084325237,8084325304,USA,UNITED STATES,HILO,15001,HAWAII,15,HI,HAWAII,967201228,HI-02,HI-02,AWARD,B,PURCHASE ORDER,,,,,,,J,FIRM FIXED PRICE,IGF::CT::IGF - IMMUNIZATIONS AND LABORATORY STUDIES/ANCILLARY TEST SERVICES OPTION III:  1 OCT 16 - 30 SEP 17,IGF::OT::IGF ANCILLARY SERVICES FOR BIG ISLAND,G,EXERCISE AN OPTION,W81K0214T0022,1,,,Q201,MEDICAL- GENERAL HEALTH CARE,D,NOT A BUNDLED REQUIREMENT,S1,SERVICES,621498,ALL OTHER OUTPATIENT CARE CENTERS,C,NO CLAUSES INCLUDED AND NO SUSTAINABILITY INCLUDED,A,U.S. OWNED BUSINESS,000,NONE,Z,NOT IT PRODUCTS OR SERVICES,E,NOT REQUIRED,USA,UNITED STATES,C,NOT A MANUFACTURED END PRODUCT,B,PLAN NOT REQUIRED,F,COMPETED UNDER SAP,SP1,SIMPLIFIED ACQUISITION,NONE,NO SET ASIDE USED.,NONE,NO PREFERENCE USED,,,,,,,1,A,COMMERCIAL ITEM,f,N,NO,N,NO,Y,YES,N,NO,,N,NO,X,NOT APPLICABLE,Y,YES,X,NOT APPLICABLE,X,NOT APPLICABLE,,,,,,,,NONE,NONE,,,,,N,TRANSACTION DOES NOT USE GFE/GFP,N,NO,X,NO,N,NO,Y,YES - SERVICE WHERE PBA IS USED.,,,Z,NOT APPLICABLE,N,NO,X,NOT APPLICABLE,f,f,f,f,f,f,f,f,f,f,f,f,f,f,f,f,f,f,f,OTHER THAN SMALL BUSINESS,O,f,f,f,f,f,f,f,f,f,f,f,f,f,f,f,f,f,,f,t,f,f,f,f,f,f,f,f,f,t,f,f,f,f,f,t,f,f,f,f,f,f,f,f,f,f,f,t,f,f,f,f,f,f,f,f,f,f,f,f,f,f,f,f,f,f,f,f,,,,,,,,,,,https://www.usaspending.gov/award/CONT_AWD_W81K0214P0076_9700_-NONE-_-NONE-/,2016-09-22 18:48:00+00,2016-09-22 18:48:04+00
9700_-NONE-_W81K0214P0076_P00009_-NONE-_0,CONT_AWD_W81K0214P0076_9700_-NONE-_-NONE-,W81K0214P0076,P00009,0,,,,,27370.00,,0.00,0.00,,0.00,,,,,,,2016-11-01,2017,2016-10-01,2017-09-30,2018-09-30 00:00:00,,,097,Department of Defense,2100,Department of the Army,W81K02,W40M MRCO PACIFIC,097,Department of Defense,2100,Department of the Army,WX3JN7,W07C TRIPLER AMC,097-2014/2014-0130-000;097-2015/2015-0130-000;097-2018/2018-0130-000;097-2019/2019-0130-000,097-0130,25.2: Other services from non-Federal sources,,X,NOT APPLICABLE,,,CFFMYPABYAG3,138791392,"KAISER FOUNDATION HEALTH PLAN, INC.","KAISER FOUNDATION HEALTH PLAN, INC.",,,NJD8T9KMS4Y3,071695183,"KAISER FOUNDATION HEALTH PLAN, INC.",KAISER FOUNDATION HEALTH PLAN  INC.,USA,UNITED STATES,3288 MOANALUA ROAD,,HONOLULU,15003,HONOLULU,15,HI,HAWAII,968191469,HI-01,HI-01,8084325237,8084325304,USA,UNITED STATES,HILO,15001,HAWAII,15,HI,HAWAII,967201228,HI-02,HI-02,AWARD,B,PURCHASE ORDER,,,,,,,J,FIRM FIXED PRICE,IGF::OT::IGF ANCILLARY SERVICES ON BIG ISLAND - RELEASE FY17 FUNDS,IGF::OT::IGF ANCILLARY SERVICES FOR BIG ISLAND,C,FUNDING ONLY ACTION,W81K0214T0022,1,,,Q201,MEDICAL- GENERAL HEALTH CARE,D,NOT A BUNDLED REQUIREMENT,S1,SERVICES,621498,ALL OTHER OUTPATIENT CARE CENTERS,C,NO CLAUSES INCLUDED AND NO SUSTAINABILITY INCLUDED,A,U.S. OWNED BUSINESS,000,NONE,Z,NOT IT PRODUCTS OR SERVICES,E,NOT REQUIRED,USA,UNITED STATES,C,NOT A MANUFACTURED END PRODUCT,B,PLAN NOT REQUIRED,F,COMPETED UNDER SAP,SP1,SIMPLIFIED ACQUISITION,NONE,NO SET ASIDE USED.,NONE,NO PREFERENCE USED,,,,,,,1,A,COMMERCIAL ITEM,f,N,NO,N,NO,Y,YES,N,NO,,N,NO,X,NOT APPLICABLE,Y,YES,X,NOT APPLICABLE,X,NOT APPLICABLE,,,,,,,,NONE,NONE,,,,,N,TRANSACTION DOES NOT USE GFE/GFP,N,NO,X,NO,N,NO,Y,YES - SERVICE WHERE PBA IS USED.,,,Z,NOT APPLICABLE,N,NO,X,NOT APPLICABLE,f,f,f,f,f,f,f,f,f,f,f,f,f,f,f,f,f,f,f,OTHER THAN SMALL BUSINESS,O,f,f,f,f,f,f,f,f,f,f,f,f,f,f,f,f,f,,f,t,f,f,f,f,f,f,f,f,f,t,f,f,f,f,f,t,f,f,f,f,f,f,f,f,f,f,f,t,f,f,f,f,f,f,f,f,f,f,f,f,f,f,f,f,f,f,f,f,,,,,,,,,,,https://www.usaspending.gov/award/CONT_AWD_W81K0214P0076_9700_-NONE-_-NONE-/,2016-11-01 20:55:00+00,2016-11-01 20:55:04+00
9700_-NONE-_W81K0214P0076_P00010_-NONE-_0,CONT_AWD_W81K0214P0076_9700_-NONE-_-NONE-,W81K0214P0076,P00010,0,,,,,0.00,105145.00,0.00,27370.00,139515.00,0.00,139515.00,,,,,,2017-09-19,2017,2017-10-01,2018-09-30,2018-09-30 00:00:00,,,097,Department of Defense,2100,Department of the Army,W81K02,W40M MRCO PACIFIC,097,Department of Defense,2100,Department of the Army,WX3JN7,W07C TRIPLER AMC,097-2014/2014-0130-000;097-2015/2015-0130-000;097-2018/2018-0130-000;097-2019/2019-0130-000,097-0130,25.2: Other services from non-Federal sources,,X,NOT APPLICABLE,,,CFFMYPABYAG3,138791392,"KAISER FOUNDATION HEALTH PLAN, INC.","KAISER FOUNDATION HEALTH PLAN, INC.",,,NJD8T9KMS4Y3,071695183,"KAISER FOUNDATION HEALTH PLAN, INC.",KAISER FOUNDATION HEALTH PLAN  INC.,USA,UNITED STATES,3288 MOANALUA ROAD,,HONOLULU,15003,HONOLULU,15,HI,HAWAII,968191469,HI-01,HI-01,8084325237,8084325304,USA,UNITED STATES,HILO,15001,HAWAII,15,HI,HAWAII,967201228,HI-02,HI-02,AWARD,B,PURCHASE ORDER,,,,,,,J,FIRM FIXED PRICE,"IGF::OT::IGF MEDICAL ANCILLARY SERVICES AT BIG ISLAND, HAWAII - EXERCISE OPTION IV SAF FY18",IGF::OT::IGF ANCILLARY SERVICES FOR BIG ISLAND,G,EXERCISE AN OPTION,W81K0214T0022,1,,,Q201,MEDICAL- GENERAL HEALTH CARE,D,NOT A BUNDLED REQUIREMENT,S1,SERVICES,621498,ALL OTHER OUTPATIENT CARE CENTERS,C,NO CLAUSES INCLUDED AND NO SUSTAINABILITY INCLUDED,A,U.S. OWNED BUSINESS,000,NONE,Z,NOT IT PRODUCTS OR SERVICES,E,NOT REQUIRED,USA,UNITED STATES,C,NOT A MANUFACTURED END PRODUCT,B,PLAN NOT REQUIRED,F,COMPETED UNDER SAP,SP1,SIMPLIFIED ACQUISITION,NONE,NO SET ASIDE USED.,NONE,NO PREFERENCE USED,,,,,,,1,A,COMMERCIAL ITEM,f,N,NO,N,NO,Y,YES,N,NO,,N,NO,X,NOT APPLICABLE,Y,YES,X,NOT APPLICABLE,X,NOT APPLICABLE,,,,,,,,NONE,NONE,,,,,N,TRANSACTION DOES NOT USE GFE/GFP,N,NO,X,NO,N,NO,Y,YES - SERVICE WHERE PBA IS USED.,,,Z,NOT APPLICABLE,N,NO,X,NOT APPLICABLE,f,f,f,f,f,f,f,f,f,f,f,f,f,f,f,f,f,f,f,OTHER THAN SMALL BUSINESS,O,f,f,f,f,f,f,f,f,f,f,f,f,f,f,f,f,f,,f,t,f,f,f,f,f,f,f,f,f,t,f,f,f,f,f,t,f,f,f,f,f,f,f,f,f,f,f,t,f,f,f,f,f,f,f,f,f,f,f,f,f,f,f,f,f,f,f,f,,,,,,,,,,,https://www.usaspending.gov/award/CONT_AWD_W81K0214P0076_9700_-NONE-_-NONE-/,2017-09-19 19:29:55+00,2017-09-19 19:29:59+00
9700_-NONE-_W81K0214P0076_P00011_-NONE-_0,CONT_AWD_W81K0214P0076_9700_-NONE-_-NONE-,W81K0214P0076,P00011,0,,,,,1277.00,105145.00,0.00,8277.00,139515.00,8277.00,139515.00,,,,,,2017-09-26,2017,2017-09-25,2018-09-30,2018-09-30 00:00:00,,,097,Department of Defense,2100,Department of the Army,W81K02,W40M MRCO PACIFIC,097,Department of Defense,2100,Department of the Army,WX3JN7,W07C TRIPLER AMC,097-2014/2014-0130-000;097-2015/2015-0130-000;097-2018/2018-0130-000;097-2019/2019-0130-000,097-0130,25.2: Other services from non-Federal sources,,X,NOT APPLICABLE,,,CFFMYPABYAG3,138791392,"KAISER FOUNDATION HEALTH PLAN, INC.","KAISER FOUNDATION HEALTH PLAN, INC.",,,NJD8T9KMS4Y3,071695183,"KAISER FOUNDATION HEALTH PLAN, INC.",KAISER FOUNDATION HEALTH PLAN  INC.,USA,UNITED STATES,3288 MOANALUA ROAD,,HONOLULU,15003,HONOLULU,15,HI,HAWAII,968191469,HI-01,HI-01,8084325237,8084325304,USA,UNITED STATES,HILO,15001,HAWAII,15,HI,HAWAII,967201228,HI-02,HI-02,AWARD,B,PURCHASE ORDER,,,,,,,J,FIRM FIXED PRICE,"IGF::OT::IGF MEDICAL ANCILLARY SERVICES AT BIG ISLAND, HAWAII - INCREASE FY17 AND FY18 TOTAL AMOUNT",IGF::OT::IGF ANCILLARY SERVICES FOR BIG ISLAND,B,SUPPLEMENTAL AGREEMENT FOR WORK WITHIN SCOPE,W81K0214T0022,1,,,Q201,MEDICAL- GENERAL HEALTH CARE,D,NOT A BUNDLED REQUIREMENT,S1,SERVICES,621498,ALL OTHER OUTPATIENT CARE CENTERS,C,NO CLAUSES INCLUDED AND NO SUSTAINABILITY INCLUDED,A,U.S. OWNED BUSINESS,000,NONE,Z,NOT IT PRODUCTS OR SERVICES,E,NOT REQUIRED,USA,UNITED STATES,C,NOT A MANUFACTURED END PRODUCT,B,PLAN NOT REQUIRED,F,COMPETED UNDER SAP,SP1,SIMPLIFIED ACQUISITION,NONE,NO SET ASIDE USED.,NONE,NO PREFERENCE USED,,,,,,,1,A,COMMERCIAL ITEM,f,N,NO,N,NO,Y,YES,N,NO,,N,NO,X,NOT APPLICABLE,Y,YES,X,NOT APPLICABLE,X,NOT APPLICABLE,,,,,,,,NONE,NONE,,,,,N,TRANSACTION DOES NOT USE GFE/GFP,N,NO,X,NO,N,NO,Y,YES - SERVICE WHERE PBA IS USED.,,,Z,NOT APPLICABLE,N,NO,X,NOT APPLICABLE,f,f,f,f,f,f,f,f,f,f,f,f,f,f,f,f,f,f,f,OTHER THAN SMALL BUSINESS,O,f,f,f,f,f,f,f,f,f,f,f,f,f,f,f,f,f,,f,t,f,f,f,f,f,f,f,f,f,t,f,f,f,f,f,t,f,f,f,f,f,f,f,f,f,f,f,t,f,f,f,f,f,f,f,f,f,f,f,f,f,f,f,f,f,f,f,f,,,,,,,,,,,https://www.usaspending.gov/award/CONT_AWD_W81K0214P0076_9700_-NONE-_-NONE-/,2017-09-26 13:29:53+00,2017-09-26 13:30:00+00
9700_-NONE-_W81K0214P0076_P00012_-NONE-_0,CONT_AWD_W81K0214P0076_9700_-NONE-_-NONE-,W81K0214P0076,P00012,0,,,,,34370.00,139515.00,0.00,0.00,139515.00,0.00,139515.00,,,,,,2018-01-24,2018,2017-10-01,2018-09-30,2018-09-30 00:00:00,,,097,Department of Defense,2100,Department of the Army,W81K02,W40M MRCO PACIFIC,097,Department of Defense,2100,Department of the Army,WX3JN7,W07C TRIPLER AMC,097-2014/2014-0130-000;097-2015/2015-0130-000;097-2018/2018-0130-000;097-2019/2019-0130-000,097-0130,25.2: Other services from non-Federal sources,,X,NOT APPLICABLE,,,CFFMYPABYAG3,138791392,"KAISER FOUNDATION HEALTH PLAN, INC.","KAISER FOUNDATION HEALTH PLAN, INC.",,,NJD8T9KMS4Y3,071695183,"KAISER FOUNDATION HEALTH PLAN, INC.",KAISER FOUNDATION HEALTH PLAN  INC.,USA,UNITED STATES,3288 MOANALUA ROAD,,HONOLULU,15003,HONOLULU,15,HI,HAWAII,968191469,HI-01,HI-01,8084325237,8084325304,USA,UNITED STATES,HILO,15001,HAWAII,15,HI,HAWAII,967201228,HI-02,HI-02,AWARD,B,PURCHASE ORDER,,,,,,,J,FIRM FIXED PRICE,"MEDICAL ANCILLARY SERVICES AT BIG ISLAND, HAWAII. RELEASE FY18 FUNDS",IGF::OT::IGF ANCILLARY SERVICES FOR BIG ISLAND,C,FUNDING ONLY ACTION,W81K0214T0022,1,,,Q201,MEDICAL- GENERAL HEALTH CARE,D,NOT A BUNDLED REQUIREMENT,S1,SERVICES,621498,ALL OTHER OUTPATIENT CARE CENTERS,C,NO CLAUSES INCLUDED AND NO SUSTAINABILITY INCLUDED,A,U.S. OWNED BUSINESS,000,NONE,Z,NOT IT PRODUCTS OR SERVICES,E,NOT REQUIRED,USA,UNITED STATES,C,NOT A MANUFACTURED END PRODUCT,B,PLAN NOT REQUIRED,F,COMPETED UNDER SAP,SP1,SIMPLIFIED ACQUISITION,NONE,NO SET ASIDE USED.,NONE,NO PREFERENCE USED,,,,,,,1,A,COMMERCIAL ITEM,f,N,NO,N,NO,Y,YES,N,NO,,N,NO,X,NOT APPLICABLE,Y,YES,X,NOT APPLICABLE,X,NOT APPLICABLE,,,,,,,,NONE,NONE,,,,,N,TRANSACTION DOES NOT USE GFE/GFP,N,NO,X,NO,N,NO,Y,YES - SERVICE WHERE PBA IS USED.,,,Z,NOT APPLICABLE,N,NO,X,NOT APPLICABLE,f,f,f,f,f,f,f,f,f,f,f,f,f,f,f,f,f,f,f,OTHER THAN SMALL BUSINESS,O,f,f,f,f,f,f,f,f,f,f,f,f,f,f,f,f,f,,f,t,f,f,f,f,f,f,f,f,f,t,f,f,f,f,f,t,f,f,f,f,f,f,f,f,f,f,f,t,f,f,f,f,f,f,f,f,f,f,f,f,f,f,f,f,f,f,f,f,,,,,,,,,,,https://www.usaspending.gov/award/CONT_AWD_W81K0214P0076_9700_-NONE-_-NONE-/,2018-01-24 16:52:51+00,2018-01-24 16:52:58+00
9700_-NONE-_W81K0214P0076_P00013_-NONE-_0,CONT_AWD_W81K0214P0076_9700_-NONE-_-NONE-,W81K0214P0076,P00013,0,,,,,0.00,159987.00,0.00,20472.00,159987.00,20472.00,159987.00,,,,,,2018-09-25,2018,2018-10-01,2019-10-31,2019-10-31 00:00:00,,,097,Department of Defense,2100,Department of the Army,W81K02,W40M MRCO PACIFIC,097,Department of Defense,2100,Department of the Army,WX3JN7,W07C TRIPLER AMC,097-2014/2014-0130-000;097-2015/2015-0130-000;097-2018/2018-0130-000;097-2019/2019-0130-000,097-0130,25.2: Other services from non-Federal sources,,X,NOT APPLICABLE,,,CFFMYPABYAG3,138791392,"KAISER FOUNDATION HEALTH PLAN, INC.","KAISER FOUNDATION HEALTH PLAN, INC.",,34MQ9,NJD8T9KMS4Y3,071695183,"KAISER FOUNDATION HEALTH PLAN, INC.",KAISER FOUNDATION HEALTH PLAN  INC.,USA,UNITED STATES,3288 MOANALUA ROAD,,HONOLULU,15003,HONOLULU,15,HI,HAWAII,968191469,HI-01,HI-01,8084325237,8084325304,USA,UNITED STATES,HILO,15001,HAWAII,15,HI,HAWAII,967201228,HI-02,HI-02,AWARD,B,PURCHASE ORDER,,,,,,,J,FIRM FIXED PRICE,OCCUPATIONAL HEALTH ANCILLARY SERVICES FOR THE ISLAND OF HAWAII SERVICES - EXTEND FOR 3 MONTHS FY19 SAF,IGF::OT::IGF ANCILLARY SERVICES FOR BIG ISLAND,G,EXERCISE AN OPTION,W81K0214T0022,1,OT,OTHER FUNCTIONS,Q201,MEDICAL- GENERAL HEALTH CARE,D,NOT A BUNDLED REQUIREMENT,S1,SERVICES,621498,ALL OTHER OUTPATIENT CARE CENTERS,C,NO CLAUSES INCLUDED AND NO SUSTAINABILITY INCLUDED,A,U.S. OWNED BUSINESS,000,NONE,Z,NOT IT PRODUCTS OR SERVICES,E,NOT REQUIRED,USA,UNITED STATES,C,NOT A MANUFACTURED END PRODUCT,B,PLAN NOT REQUIRED,F,COMPETED UNDER SAP,SP1,SIMPLIFIED ACQUISITION,NONE,NO SET ASIDE USED.,NONE,NO PREFERENCE USED,,,,,,,1,A,COMMERCIAL ITEM,f,N,NO,N,NO,Y,YES,N,NO,,N,NO,X,NOT APPLICABLE,Y,YES,X,NOT APPLICABLE,X,NOT APPLICABLE,,,,,,,,NONE,NONE,,,,,N,TRANSACTION DOES NOT USE GFE/GFP,N,NO,X,NO,N,NO,Y,YES - SERVICE WHERE PBA IS USED.,,,Z,NOT APPLICABLE,N,NO,X,NOT APPLICABLE,f,f,f,f,f,f,f,f,f,f,f,f,f,f,f,f,f,f,f,OTHER THAN SMALL BUSINESS,O,f,f,f,f,f,f,f,f,f,f,f,f,f,f,f,f,f,CORPORATE TAX EXEMPT,f,t,f,f,f,f,f,f,f,f,f,t,f,f,f,f,f,t,f,f,f,f,f,f,f,f,f,f,f,t,f,f,f,f,f,f,f,f,f,f,f,f,f,f,f,f,f,f,f,f,,,,,,,,,,,https://www.usaspending.gov/award/CONT_AWD_W81K0214P0076_9700_-NONE-_-NONE-/,2018-09-25 16:45:13+00,2018-09-25 16:45:18+00
9700_-NONE-_W81K0214P0076_P00014_-NONE-_0,CONT_AWD_W81K0214P0076_9700_-NONE-_-NONE-,W81K0214P0076,P00014,0,,,,,20472.00,159987.00,0.00,0.00,159987.00,0.00,159987.00,,,,,,2018-10-30,2019,2018-10-01,2019-10-31,2019-10-31 00:00:00,,,097,Department of Defense,2100,Department of the Army,W81K02,W40M MRCO PACIFIC,097,Department of Defense,2100,Department of the Army,WX3JN7,W07C TRIPLER AMC,097-2014/2014-0130-000;097-2015/2015-0130-000;097-2018/2018-0130-000;097-2019/2019-0130-000,097-0130,25.2: Other services from non-Federal sources,,X,NOT APPLICABLE,,,CFFMYPABYAG3,138791392,"KAISER FOUNDATION HEALTH PLAN, INC.","KAISER FOUNDATION HEALTH PLAN, INC.",,34MQ9,NJD8T9KMS4Y3,071695183,"KAISER FOUNDATION HEALTH PLAN, INC.",KAISER FOUNDATION HEALTH PLAN  INC.,USA,UNITED STATES,3288 MOANALUA ROAD,,HONOLULU,15003,HONOLULU,15,HI,HAWAII,968191469,HI-01,HI-01,8084325237,8084325304,USA,UNITED STATES,HILO,15001,HAWAII,15,HI,HAWAII,967201228,HI-02,HI-02,AWARD,B,PURCHASE ORDER,,,,,,,J,FIRM FIXED PRICE,"OCCUPATIONAL HEALTH ANCILLARY SERVICES PERFORMED ON THE BIG ISLAND, HAWAII. - FY19 FUNDS AVAIL FOR 3 MONTH EXTENSION",IGF::OT::IGF ANCILLARY SERVICES FOR BIG ISLAND,C,FUNDING ONLY ACTION,W81K0214T0022,1,OT,OTHER FUNCTIONS,Q201,MEDICAL- GENERAL HEALTH CARE,D,NOT A BUNDLED REQUIREMENT,S1,SERVICES,621498,ALL OTHER OUTPATIENT CARE CENTERS,C,NO CLAUSES INCLUDED AND NO SUSTAINABILITY INCLUDED,A,U.S. OWNED BUSINESS,000,NONE,Z,NOT IT PRODUCTS OR SERVICES,E,NOT REQUIRED,USA,UNITED STATES,C,NOT A MANUFACTURED END PRODUCT,B,PLAN NOT REQUIRED,F,COMPETED UNDER SAP,SP1,SIMPLIFIED ACQUISITION,NONE,NO SET ASIDE USED.,NONE,NO PREFERENCE USED,,,,,,,1,A,COMMERCIAL ITEM,f,N,NO,N,NO,Y,YES,N,NO,,N,NO,X,NOT APPLICABLE,Y,YES,X,NOT APPLICABLE,X,NOT APPLICABLE,,,,,,,,NONE,NONE,,,,,N,TRANSACTION DOES NOT USE GFE/GFP,N,NO,X,NO,N,NO,Y,YES - SERVICE WHERE PBA IS USED.,,,Z,NOT APPLICABLE,N,NO,X,NOT APPLICABLE,f,f,f,f,f,f,f,f,f,f,f,f,f,f,f,f,f,f,f,OTHER THAN SMALL BUSINESS,O,f,f,f,f,f,f,f,f,f,f,f,f,f,f,f,f,f,CORPORATE TAX EXEMPT,f,t,f,f,f,f,f,f,f,f,f,t,f,f,f,f,f,t,f,f,f,f,f,f,f,f,f,f,f,t,f,f,f,f,f,f,f,f,f,f,f,f,f,f,f,f,f,f,f,f,,,,,,,,,,,https://www.usaspending.gov/award/CONT_AWD_W81K0214P0076_9700_-NONE-_-NONE-/,2018-10-30 21:24:30+00,2018-10-30 21:24:34+00
9700_-NONE-_W81K0214P0076_P00015_-NONE-_0,CONT_AWD_W81K0214P0076_9700_-NONE-_-NONE-,W81K0214P0076,P00015,0,,,,,-52968.00,107019.00,0.00,-52968.00,107019.00,-52968.00,107019.00,,,,,,2019-09-24,2019,2019-09-24,2019-10-31,2019-10-31 00:00:00,,,097,Department of Defense,2100,Department of the Army,W81K02,W40M MRCO PACIFIC,097,Department of Defense,2100,Department of the Army,WX3JN7,W07C TRIPLER AMC,097-2014/2014-0130-000;097-2015/2015-0130-000;097-2018/2018-0130-000;097-2019/2019-0130-000,097-0130,25.2: Other services from non-Federal sources,,X,NOT APPLICABLE,,,CFFMYPABYAG3,138791392,"KAISER FOUNDATION HEALTH PLAN, INC.","KAISER FOUNDATION HEALTH PLAN, INC.",,34MQ9,NJD8T9KMS4Y3,071695183,"KAISER FOUNDATION HEALTH PLAN, INC.",KAISER FOUNDATION HEALTH PLAN  INC.,USA,UNITED STATES,3288 MOANALUA ROAD,,HONOLULU,15003,HONOLULU,15,HI,HAWAII,968191469,HI-01,HI-01,8084325237,8084325304,USA,UNITED STATES,HILO,15001,HAWAII,15,HI,HAWAII,967201228,HI-02,HI-02,AWARD,B,PURCHASE ORDER,,,,,,,J,FIRM FIXED PRICE,"OCCUPATIONAL HEALTH ANCILLARY SERVICES DEOB FY14,15,18,19 AND CLOSEOUT",IGF::OT::IGF ANCILLARY SERVICES FOR BIG ISLAND,F,TERMINATE FOR CONVENIENCE (COMPLETE OR PARTIAL),W81K0214T0022,1,OT,OTHER FUNCTIONS,Q201,MEDICAL- GENERAL HEALTH CARE,D,NOT A BUNDLED REQUIREMENT,S1,SERVICES,621498,ALL OTHER OUTPATIENT CARE CENTERS,C,NO CLAUSES INCLUDED AND NO SUSTAINABILITY INCLUDED,A,U.S. OWNED BUSINESS,000,NONE,Z,NOT IT PRODUCTS OR SERVICES,E,NOT REQUIRED,USA,UNITED STATES,C,NOT A MANUFACTURED END PRODUCT,B,PLAN NOT REQUIRED,F,COMPETED UNDER SAP,SP1,SIMPLIFIED ACQUISITION,NONE,NO SET ASIDE USED.,NONE,NO PREFERENCE USED,,,,,,,1,A,COMMERCIAL ITEM,f,N,NO,N,NO,Y,YES,N,NO,,N,NO,X,NOT APPLICABLE,Y,YES,X,NOT APPLICABLE,X,NOT APPLICABLE,,,,,,,,NONE,NONE,,,,,N,TRANSACTION DOES NOT USE GFE/GFP,N,NO,X,NO,N,NO,Y,YES - SERVICE WHERE PBA IS USED.,,,Z,NOT APPLICABLE,N,NO,X,NOT APPLICABLE,f,f,f,f,f,f,f,f,f,f,f,f,f,f,f,f,f,f,f,OTHER THAN SMALL BUSINESS,O,f,f,f,f,f,f,f,f,f,f,f,f,f,f,f,f,f,CORPORATE TAX EXEMPT,f,t,f,f,f,f,f,f,f,f,f,t,f,f,f,f,f,t,f,f,f,f,f,f,f,f,f,f,f,t,f,f,f,f,f,f,f,f,f,f,f,f,f,f,f,f,f,f,f,f,,,,,,,,,,,https://www.usaspending.gov/award/CONT_AWD_W81K0214P0076_9700_-NONE-_-NONE-/,2019-09-24 17:48:43+00,2019-09-24 17:48:48+00
9700_-NONE-_W81K0219A0012_0_-NONE-_-NONE-,CONT_IDV_W81K0219A0012_9700,W81K0219A0012,0,,,,,,0.00,0.00,,,,276500.00,276500.00,,,,,,2019-05-08,2019,2019-05-15,,,2024-05-09,,097,Department of Defense,2100,Department of the Army,W81K02,W40M MRCO PACIFIC,097,Department of Defense,2100,Department of the Army,WX3JN7,W07C TRIPLER AMC,,,,,X,NOT APPLICABLE,,,CFFMYPABYAG3,,"KAISER FOUNDATION HEALTH PLAN, INC.","KAISER FOUNDATION HEALTH PLAN, INC.",,34MQ9,NJD8T9KMS4Y3,,"KAISER FOUNDATION HEALTH PLAN, INC.",KAISER FOUNDATION HEALTH PLAN  INC.,USA,UNITED STATES,3288 MOANALUA ROAD,,HONOLULU,15003,HONOLULU,15,HI,HAWAII,968191469,HI-01,HI-01,8084325497,8084325239,,,,,,,,,,,,IDV,,,E,BPA,S,SINGLE AWARD,,,J,FIRM FIXED PRICE,ANCILLARY SERVICES ON THE ISLAND OF HAWAII - BPA WITH 5 YEAR ORDERING PERIOD OF 15 MAY 19 - 14 MAY 24,ANCILLARY SERVICES ON THE ISLAND OF HAWAII - BPA WITH 5 YEAR ORDERING PERIOD OF 15 MAY 19 - 14 MAY 24,,,W81K0219Q0072,,CT,CRITICAL FUNCTIONS,Q201,MEDICAL- GENERAL HEALTH CARE,H,NOT BUNDLED,,,621498,ALL OTHER OUTPATIENT CARE CENTERS,,,A,U.S. OWNED BUSINESS,,,,,,,,,,,,,,,,,,,,,,,,,,,,A,COMMERCIAL ITEM,f,,,N,NO,X,NOT APPLICABLE,,,,N,NO,N,NO,N,NO,N,NO,X,NOT APPLICABLE,,,,,,,,NONE,NONE,,,X,NOT APPLICABLE EXEMPT FROM CAS,Y,TRANSACTION USES GFE/GFP,N,NO,X,NO,D,NOT CONSOLIDATED,Y,YES - SERVICE WHERE PBA IS USED.,,,,,,,X,NOT APPLICABLE,f,f,f,f,f,f,f,f,f,f,f,f,f,f,f,f,f,f,f,OTHER THAN SMALL BUSINESS,O,f,f,f,f,f,f,f,f,f,f,f,f,f,f,f,f,f,CORPORATE TAX EXEMPT,f,t,f,f,f,f,f,f,f,f,t,f,f,f,f,f,f,t,f,f,f,f,f,f,f,f,f,f,f,t,f,f,f,f,f,f,f,f,f,f,f,f,f,f,f,f,f,f,f,f,,,,,,,,,,,https://www.usaspending.gov/award/CONT_IDV_W81K0219A0012_9700/,2019-04-29 20:24:21+00,2024-08-20 08:03:40+00
9700_-NONE-_W81K0219A0012_P00001_-NONE-_-NONE-,CONT_IDV_W81K0219A0012_9700,W81K0219A0012,P00001,,,,,,0.00,0.00,,,,0.00,276500.00,,,,,,2020-09-10,2020,2019-05-15,,,2024-05-09,,097,Department of Defense,2100,Department of the Army,W81K02,W40M MRCO PACIFIC,097,Department of Defense,2100,Department of the Army,WX3JN7,W07C TRIPLER AMC,,,,,X,NOT APPLICABLE,,,CFFMYPABYAG3,138791392,"KAISER FOUNDATION HEALTH PLAN, INC.","KAISER FOUNDATION HEALTH PLAN, INC.",,34MQ9,NJD8T9KMS4Y3,071695183,"KAISER FOUNDATION HEALTH PLAN, INC.",KAISER FOUNDATION HEALTH PLAN  INC.,USA,UNITED STATES,3288 MOANALUA ROAD,,HONOLULU,15003,HONOLULU,15,HI,HAWAII,968191469,HI-01,HI-01,8084325497,8084325239,,,,,,,,,,,,IDV,,,E,BPA,S,SINGLE AWARD,,,J,FIRM FIXED PRICE,"889 ACTION - ANCILLARY SERVICES FOR ISLAND OF HAWAII, BIG ISLAND",ANCILLARY SERVICES ON THE ISLAND OF HAWAII - BPA WITH 5 YEAR ORDERING PERIOD OF 15 MAY 19 - 14 MAY 24,B,SUPPLEMENTAL AGREEMENT FOR WORK WITHIN SCOPE,W81K0219Q0072,,CT,CRITICAL FUNCTIONS,Q201,MEDICAL- GENERAL HEALTH CARE,H,NOT BUNDLED,,,621498,ALL OTHER OUTPATIENT CARE CENTERS,,,A,U.S. OWNED BUSINESS,,,,,,,,,,,,,,,,,,,,,,,,,,,,A,COMMERCIAL ITEM,f,,,N,NO,X,NOT APPLICABLE,,,,N,NO,N,NO,N,NO,N,NO,X,NOT APPLICABLE,,,,,,,,NONE,NONE,,,X,NOT APPLICABLE EXEMPT FROM CAS,N,TRANSACTION DOES NOT USE GFE/GFP,N,NO,X,NO,D,NOT CONSOLIDATED,Y,YES - SERVICE WHERE PBA IS USED.,,,,,,,X,NOT APPLICABLE,f,f,f,f,f,f,f,f,f,f,f,f,f,f,f,f,f,f,f,OTHER THAN SMALL BUSINESS,O,f,f,f,f,f,f,f,f,f,f,f,f,f,f,f,f,f,CORPORATE TAX EXEMPT,f,t,f,f,f,f,f,f,f,f,t,f,f,f,f,f,f,t,f,f,f,f,f,f,f,f,f,f,f,t,f,f,f,f,f,f,f,f,f,f,f,f,f,f,f,f,f,f,f,f,,,,,,,,,,,https://www.usaspending.gov/award/CONT_IDV_W81K0219A0012_9700/,2020-09-10 18:51:15+00,2020-09-10 18:51:20+00
9700_-NONE-_W81K0219A0012_P00002_-NONE-_-NONE-,CONT_IDV_W81K0219A0012_9700,W81K0219A0012,P00002,,,,,,0.00,0.00,,,,0.00,276500.00,,,,,,2022-05-09,2022,2019-05-15,,,2024-05-09,,097,Department of Defense,2100,Department of the Army,W81K02,W40M MRCO PACIFIC,097,Department of Defense,2100,Department of the Army,WX3JN7,W07C TRIPLER AMC,,,,,X,NOT APPLICABLE,,,CFFMYPABYAG3,,"KAISER FOUNDATION HEALTH PLAN, INC.","KAISER FOUNDATION HEALTH PLAN, INC.",,34MQ9,NJD8T9KMS4Y3,,"KAISER FOUNDATION HEALTH PLAN, INC.",KAISER FOUNDATION HEALTH PLAN  INC.,USA,UNITED STATES,3288 MOANALUA ROAD,,HONOLULU,15003,HONOLULU,15,HI,HAWAII,968191469,HI-01,HI-01,8084325497,8084325239,,,,,,,,,,,,IDV,,,E,BPA,S,SINGLE AWARD,,,J,FIRM FIXED PRICE,"ANCILLARY SERVICES ON THE ISLAND OF HAWAII - BPA WITH 5 YEAR ORDERING PERIOD OF 15 MAY 19 - 14 MAY 24.  FY22, REVISE PWS TO ADD PCR COVID-19 TESTS.",ANCILLARY SERVICES ON THE ISLAND OF HAWAII - BPA WITH 5 YEAR ORDERING PERIOD OF 15 MAY 19 - 14 MAY 24,B,SUPPLEMENTAL AGREEMENT FOR WORK WITHIN SCOPE,W81K0219Q0072,,CT,CRITICAL FUNCTIONS,Q201,MEDICAL- GENERAL HEALTH CARE,H,NOT BUNDLED,,,621498,ALL OTHER OUTPATIENT CARE CENTERS,,,A,U.S. OWNED BUSINESS,,,,,,,,,,,,,,,,,,,,,,,,,,,,A,COMMERCIAL ITEM,f,,,N,NO,X,NOT APPLICABLE,,,,N,NO,N,NO,N,NO,N,NO,X,NOT APPLICABLE,,,,,,,,NONE,NONE,,,X,NOT APPLICABLE EXEMPT FROM CAS,Y,TRANSACTION USES GFE/GFP,N,NO,X,NO,D,NOT CONSOLIDATED,Y,YES - SERVICE WHERE PBA IS USED.,,,,,,,X,NOT APPLICABLE,f,f,f,f,f,f,f,f,f,f,f,f,f,f,f,f,f,f,f,OTHER THAN SMALL BUSINESS,O,f,f,f,f,f,f,f,f,f,f,f,f,f,f,f,f,f,CORPORATE TAX EXEMPT,f,t,f,f,f,f,f,f,f,f,t,f,f,f,f,f,f,t,f,f,f,f,f,f,f,f,f,f,f,t,f,f,f,f,f,f,f,f,f,f,f,f,f,f,f,f,f,f,f,f,,,,,,,,,,,https://www.usaspending.gov/award/CONT_IDV_W81K0219A0012_9700/,2022-05-09 14:19:16+00,2022-05-09 14:19:22+00
9700_-NONE-_W81K0225AA002_0_-NONE-_-NONE-,CONT_IDV_W81K0225AA002_9700,W81K0225AA002,0,,,,,,0.00,0.00,,,,310002.00,310002.00,,,,,,2024-11-27,2025,2024-12-01,,,2029-11-30,,097,Department of Defense,2100,Department of the Army,W81K02,W40M MRCO PACIFIC,097,Department of Defense,97DH,Defense Health Agency,HT0868,AMC TRIPLER SHAFTER - MM,,,,,X,NOT APPLICABLE,,,CFFMYPABYAG3,,"KAISER FOUNDATION HEALTH PLAN, INC.","KAISER FOUNDATION HEALTH PLAN, INC.",,34MQ9,CFFMYPABYAG3,,"KAISER FOUNDATION HEALTH PLAN, INC.",KAISER FOUNDATION HEALTH PLAN  INC.,USA,UNITED STATES,ONE KAISER PLZ FL 15,,OAKLAND,06001,ALAMEDA,06,CA,CALIFORNIA,946123610,CA-12,CA-12,5106252177,,,,,,,,,,,,,IDV,,,E,BPA,S,SINGLE AWARD,,,J,FIRM FIXED PRICE,ANCILLARY SERVICES ISLAND OF HAWAII,ANCILLARY SERVICES ISLAND OF HAWAII,,,W81K0225QA005,,CT,CRITICAL FUNCTIONS,Q201,MEDICAL- MANAGED HEALTHCARE,H,NOT BUNDLED,,,621498,ALL OTHER OUTPATIENT CARE CENTERS,,,A,U.S. OWNED BUSINESS,,,,,,,,,,,,,,,,,,,,,,,,,,,,A,COMMERCIAL PRODUCTS/SERVICES,f,,,,,Y,YES,,,,N,NO,X,NOT APPLICABLE,X,NOT APPLICABLE,X,NOT APPLICABLE,X,NOT APPLICABLE,,,,,,,,,,,,X,NOT APPLICABLE EXEMPT FROM CAS,N,TRANSACTION DOES NOT USE GFE/GFP,,,X,NO,D,NOT CONSOLIDATED,Y,YES - SERVICE WHERE PBA IS USED.,,,,,,,X,NOT APPLICABLE,f,f,f,f,f,f,f,f,f,f,f,f,f,f,f,f,f,f,f,OTHER THAN SMALL BUSINESS,O,f,f,f,f,f,f,f,f,f,f,f,f,f,f,f,f,f,CORPORATE TAX EXEMPT,f,t,f,f,f,f,f,f,f,f,t,f,f,f,f,f,f,t,f,f,f,f,f,f,f,f,f,f,f,t,f,f,f,f,f,f,f,f,f,f,f,f,f,f,f,f,f,f,f,f,,,,,,,,,,,https://www.usaspending.gov/award/CONT_IDV_W81K0225AA002_9700/,2024-11-21 16:51:02+00,2024-11-27 14:18:27+00
9700_9700_HT009023FG0570037_0_W81K0219A0012_0,CONT_AWD_HT009023FG0570037_9700_W81K0219A0012_9700,HT009023FG0570037,0,0,9700,DEPT OF DEFENSE,W81K0219A0012,0,14206.00,14206.00,,14206.00,14206.00,14206.00,14206.00,,,,,,2023-05-17,2023,2023-05-17,2023-09-30,2023-09-30 00:00:00,,,097,Department of Defense,97DH,Defense Health Agency,HT0090,GPC COMPONENT PROGRAM MANAGER,097,Department of Defense,97DH,Defense Health Agency,HT0868,AMC TRIPLER SHAFTER - MM,,,,,X,NOT APPLICABLE,,,CFFMYPABYAG3,,"KAISER FOUNDATION HEALTH PLAN, INC.","KAISER FOUNDATION HEALTH PLAN, INC.",,34MQ9,NJD8T9KMS4Y3,,"KAISER FOUNDATION HEALTH PLAN, INC.",KAISER FOUNDATION HEALTH PLAN  INC.,USA,UNITED STATES,3288 MOANALUA ROAD,,HONOLULU,15003,HONOLULU,15,HI,HAWAII,968191469,HI-01,HI-01,8084325497,8084325239,USA,UNITED STATES,HONOLULU,15003,HONOLULU,15,HI,HAWAII,968191469,HI-01,HI-01,AWARD,A,BPA CALL,,,,,,,J,FIRM FIXED PRICE,ANCILLARY SERVICES FOR BIG ISLAND MISSION.,ANCILLARY SERVICES FOR BIG ISLAND MISSION.,,,,1,CL,CLOSELY ASSOCIATED,Q999,MEDICAL- OTHER,H,NOT BUNDLED,,,621498,ALL OTHER OUTPATIENT CARE CENTERS,C,NO CLAUSES INCLUDED AND NO SUSTAINABILITY INCLUDED,A,U.S. OWNED BUSINESS,000,NONE,Z,NOT IT PRODUCTS OR SERVICES,E,NOT REQUIRED,USA,UNITED STATES,C,NOT A MANUFACTURED END PRODUCT,B,PLAN NOT REQUIRED,F,COMPETED UNDER SAP,SP1,SIMPLIFIED ACQUISITION,NONE,NO SET ASIDE USED.,NONE,NO PREFERENCE USED,,,,,,,1,A,COMMERCIAL PRODUCTS/SERVICES,f,N,NO,N,NO,,,N,NO,,N,NO,N,NO,N,NO,N,NO,X,NOT APPLICABLE,,,E,BPA,S,SINGLE AWARD,,NONE,NONE,,,X,NOT APPLICABLE EXEMPT FROM CAS,N,TRANSACTION DOES NOT USE GFE/GFP,,,X,NO,D,NOT CONSOLIDATED,N,NO - SERVICE WHERE PBA IS NOT USED.,,,Z,NOT APPLICABLE,Y,YES,X,NOT APPLICABLE,f,f,f,f,f,f,f,f,f,f,f,f,f,f,f,f,f,f,f,OTHER THAN SMALL BUSINESS,O,f,f,f,f,f,f,f,f,f,f,f,f,f,f,f,f,f,CORPORATE TAX EXEMPT,f,t,f,f,f,f,f,f,f,f,t,f,f,f,f,f,f,t,f,f,f,f,f,f,f,f,f,f,f,t,f,f,f,f,f,f,f,f,f,f,f,f,f,f,f,f,f,f,f,f,,,,,,,,,,,https://www.usaspending.gov/award/CONT_AWD_HT009023FG0570037_9700_W81K0219A0012_9700/,2023-05-23 09:24:00+00,2023-07-07 12:37:25+00
9700_-NONE-_HR001122C0033_P00015_-NONE-_0,CONT_AWD_HR001122C0033_9700_-NONE-_-NONE-,HR001122C0033,P00015,0,,,,,68879.00,8464104.00,,68880.00,8464105.00,68880.00,8464105.00,Q: Not Designated Nonemergency/Emergency/Disaster/Wildfire Suppression,,,,,2025-09-29,2025,2022-01-11,2026-02-28,2026-02-28 00:00:00,,2021-06-25,097,Department of Defense,97AE,Defense Advanced Research Projects Agency,HR0011,DEF ADVANCED RESEARCH PROJECTS AGCY,097,Department of Defense,97AE,Defense Advanced Research Projects Agency,HR0011,DEF ADVANCED RESEARCH PROJECTS AGCY,097-2021/2022-0400-000;097-2022/2023-0400-000,097-0400,25.5: Research and development contracts,0001: BASIC RESEARCH,X,NOT APPLICABLE,,,H7LMD1ANJNN4,,THE TRUSTEES OF THE UNIVERSITY OF PENNSYLVANIA,UNIVERSITY OF PENNSYLVANIA LINGUISTIC DATA CONSORTIUM,,35MX6,H7LMD1ANJNN4,,THE TRUSTEES OF THE UNIVERSITY OF PENNSYLVANIA,THE TRUSTEES OF THE UNIVERSITY OF PENNSYLVANIA,USA,UNITED STATES,3600 MARKET ST STE 810,,PHILADELPHIA,42101,PHILADELPHIA,42,PA,PENNSYLVANIA,191042653,PA-03,PA-03,2157460234,,USA,UNITED STATES,PHILADELPHIA,42101,PHILADELPHIA,42,PA,PENNSYLVANIA,191042653,PA-03,PA-03,AWARD,D,DEFINITIVE CONTRACT,,,,,,,S,COST NO FEE,COMPUTATIONAL CULTURAL UNDERSTANDING (CCU),COMPUTATIONAL CULTURAL UNDERSTANDING,B,SUPPLEMENTAL AGREEMENT FOR WORK WITHIN SCOPE,HR001121S0024,1,OT,OTHER FUNCTIONS,AC12,NATIONAL DEFENSE R&D SERVICES; DEPARTMENT OF DEFENSE - MILITARY; APPLIED RESEARCH,H,NOT BUNDLED,C9E,ALL OTHERS NOT IDENTIFIABLE TO ANY OTHER PROCUREMENT PROGRAM,541715,"RESEARCH AND DEVELOPMENT IN THE PHYSICAL, ENGINEERING, AND LIFE SCIENCES (EXCEPT NANOTECHNOLOGY AND BIOTECHNOLOGY)",C,NO CLAUSES INCLUDED AND NO SUSTAINABILITY INCLUDED,A,U.S. OWNED BUSINESS,000,NONE,Z,NOT IT PRODUCTS OR SERVICES,E,NOT REQUIRED,USA,UNITED STATES,C,NOT A MANUFACTURED END PRODUCT,F,INDIVIDUAL SUBCONTRACT PLAN,A,FULL AND OPEN COMPETITION,BR,BASIC RESEARCH,NONE,NO SET ASIDE USED.,NONE,NO PREFERENCE USED,,,,,,,23,D,COMMERCIAL PRODUCTS/SERVICES PROCEDURES NOT USED,f,N,NO,N,NO,Y,YES,N,NO,0.00,N,NO,X,NOT APPLICABLE,N,NO,X,NOT APPLICABLE,X,NOT APPLICABLE,,,,,,,,,,N,NO,Y,YES - CAS CLAUSE INCLUDED,N,TRANSACTION DOES NOT USE GFE/GFP,N,NO,X,NO,D,NOT CONSOLIDATED,N,NO - SERVICE WHERE PBA IS NOT USED.,N,NO,Z,NOT APPLICABLE,N,NO,X,NOT APPLICABLE,f,f,f,f,f,f,f,f,f,f,f,f,f,f,f,f,f,f,f,OTHER THAN SMALL BUSINESS,O,f,f,f,f,f,f,f,f,f,f,f,f,f,f,f,f,f,CORPORATE NOT TAX EXEMPT,t,f,f,f,f,f,f,f,f,t,f,f,f,f,f,f,f,t,f,f,f,f,f,f,f,f,f,f,f,t,f,f,t,f,f,f,f,f,f,f,f,f,f,f,f,f,f,f,f,f,,,,,,,,,,,https://www.usaspending.gov/award/CONT_AWD_HR001122C0033_9700_-NONE-_-NONE-/,2025-09-29 15:17:57+00,2025-09-29 15:18:04+00
